54,0,88,0.375
42,0,62,0.12421875
41,0.12421875,62,0.12578125
42,0.25,62,0.125
30,0.375,88,0.375
43,0.375,62,0.12421874999999999
44,0.49921875,62,0.12578125
45,0.625,62,0.125
54,0.75,88,0.375
44,0.75,62,0.12421875000000004
43,0.87421875,62,0.12578124999999996
44,1.0,62,0.125
42,1.125,88,0.375
45,1.125,62,0.12421875000000004
46,1.24921875,62,0.12578124999999996
47,1.375,62,0.125
54,1.5,88,0.375
46,1.5,62,0.12421875000000004
44,1.62421875,62,0.12578124999999996
46,1.75,62,0.125
42,1.875,88,0.375
47,1.875,62,0.12421875000000004
48,1.99921875,62,0.12578124999999996
49,2.125,62,0.125
54,2.25,88,0.375
48,2.25,62,0.12421874999999982
47,2.37421875,62,0.12578125000000018
48,2.5,62,0.125
42,2.625,88,0.375
49,2.625,62,0.12421874999999982
50,2.74921875,62,0.12578125000000018
51,2.875,62,0.125
54,3.0,101,0.375
50,3.0,75,0.12421874999999982
51,3.12421875,75,0.12578125000000018
52,3.25,75,0.125
42,3.375,101,0.375
51,3.375,75,0.12421874999999982
52,3.49921875,75,0.12578125000000018
53,3.625,75,0.125
54,3.75,101,0.375
52,3.75,75,0.12421874999999982
53,3.87421875,75,0.12578125000000018
54,4.0,75,0.125
42,4.125,101,0.375
53,4.125,75,0.12421874999999982
54,4.24921875,75,0.12578125000000018
55,4.375,75,0.125
54,4.5,101,0.12421874999999982
54,4.5,75,0.12421874999999982
55,4.62421875,75,0.12578125000000018
56,4.75,75,0.125
42,4.875,114,0.75
53,4.875,114,0.375
55,4.875,88,0.12421874999999982
56,4.99921875,88,0.12578125000000018
57,5.125,88,0.125
53,5.25,88,0.375
55,5.25,88,0.12421874999999982
56,5.37421875,88,0.12578125000000018
57,5.5,88,0.125
42,5.625,114,0.375
56,5.625,88,0.12421874999999982
57,5.74921875,88,0.12578125000000018
52,5.875,88,0.125
58,5.875,88,0.125
59,6.0,114,0.12421874999999982
47,6.0,88,0.1875
50,6.0,88,0.1875
58,6.12421875,62,0.12578125000000018
59,6.25,62,0.125
58,6.375,62,0.12421874999999982
50,6.375,62,0.375
53,6.375,62,0.375
57,6.49921875,62,0.12578125000000018
56,6.625,62,0.125
57,6.75,88,0.12421874999999982
45,6.75,62,0.1875
49,6.75,62,0.1875
56,6.87421875,62,0.12578125000000018
57,7.0,62,0.125
56,7.125,62,0.12421874999999982
48,7.125,62,0.375
51,7.125,62,0.375
55,7.24921875,62,0.12578125000000018
54,7.375,62,0.125
55,7.5,88,0.12421874999999982
43,7.5,62,0.1875
47,7.5,62,0.1875
54,7.62421875,62,0.12578125000000018
55,7.75,62,0.125
54,7.875,62,0.12421874999999982
46,7.875,62,0.375
49,7.875,62,0.375
53,7.99921875,62,0.12578125000000018
52,8.125,62,0.125
51,8.25,62,0.12421875000000071
41,8.25,62,0.375
44,8.25,62,0.375
50,8.37421875,62,0.1257812499999993
49,8.5,62,0.125
47,8.625,88,0.375
35,8.625,62,0.375
38,8.625,62,0.375
42,8.625,62,0.375
47,9.0,62,0.12421875000000071
40,9.0,62,0.375
43,9.0,62,0.375
46,9.12421875,62,0.1257812499999993
47,9.25,62,0.125
49,9.375,62,0.12421875000000071
43,9.375,62,0.375
46,9.375,62,0.375
50,9.49921875,62,0.1257812499999993
49,9.625,62,0.125
52,9.625,62,0.125
50,9.75,88,0.12421875000000071
41,9.75,62,0.375
44,9.75,62,0.375
49,9.87421875,62,0.1257812499999993
47,10.0,62,0.125
46,10.125,62,0.12421875000000071
40,10.125,62,0.375
43,10.125,62,0.375
47,10.24921875,62,0.1257812499999993
46,10.375,62,0.125
49,10.375,62,0.125
47,10.5,62,0.12421875000000071
38,10.5,62,0.375
42,10.5,62,0.375
46,10.62421875,62,0.1257812499999993
47,10.75,62,0.125
49,10.875,62,0.12421875000000071
43,10.875,62,0.375
46,10.875,62,0.375
50,10.99921875,62,0.1257812499999993
49,11.125,62,0.125
52,11.125,62,0.125
50,11.25,88,0.12421875000000071
42,11.25,62,0.375
47,11.25,62,0.375
49,11.37421875,62,0.1257812499999993
47,11.5,62,0.125
46,11.625,62,0.12421875000000071
40,11.625,62,0.375
43,11.625,62,0.375
47,11.74921875,62,0.1257812499999993
45,11.875,62,0.125
49,11.875,62,0.125
50,12.0,75,0.12421875000000071
43,12.0,75,0.375
46,12.0,75,0.375
49,12.12421875,75,0.1257812499999993
50,12.25,75,0.125
52,12.375,75,0.12421875000000071
46,12.375,75,0.375
49,12.375,75,0.375
53,12.49921875,75,0.1257812499999993
52,12.625,75,0.125
55,12.625,75,0.125
53,12.75,101,0.12421875000000071
44,12.75,75,0.375
47,12.75,75,0.375
52,12.87421875,75,0.1257812499999993
50,13.0,75,0.125
49,13.125,75,0.12421875000000071
43,13.125,75,0.375
46,13.125,75,0.375
50,13.24921875,75,0.1257812499999993
49,13.375,75,0.125
52,13.375,75,0.125
50,13.5,75,0.12421875000000071
41,13.5,75,0.375
45,13.5,75,0.375
49,13.62421875,75,0.1257812499999993
50,13.75,75,0.125
52,13.875,75,0.12421875000000071
46,13.875,75,0.375
49,13.875,75,0.375
53,13.99921875,75,0.1257812499999993
52,14.125,75,0.125
55,14.125,75,0.125
53,14.25,101,0.12421875000000071
45,14.25,75,0.375
50,14.25,75,0.375
52,14.37421875,75,0.1257812499999993
50,14.5,75,0.125
49,14.625,75,0.12421875000000071
43,14.625,75,0.375
46,14.625,75,0.375
50,14.74921875,75,0.1257812499999993
48,14.875,75,0.125
51,14.875,75,0.125
52,15.0,88,0.12421875000000071
42,15.0,88,0.375
49,15.0,88,0.375
51,15.12421875,88,0.1257812499999993
52,15.25,88,0.125
53,15.375,88,0.12421875000000071
47,15.375,88,0.375
50,15.375,88,0.375
54,15.49921875,88,0.1257812499999993
55,15.625,88,0.125
54,15.75,88,0.12421875000000071
46,15.75,88,0.375
49,15.75,88,0.375
53,15.87421875,88,0.1257812499999993
54,16.0,88,0.125
55,16.125,88,0.12421875000000071
50,16.125,88,0.375
53,16.125,88,0.375
56,16.24921875,88,0.1257812499999993
57,16.375,88,0.125
58,16.5,88,0.12421875000000071
49,16.5,88,0.375
54,16.5,88,0.375
59,16.62421875,88,0.1257812499999993
60,16.75,88,0.125
61,16.875,88,0.12421875000000071
52,16.875,88,0.375
55,16.875,88,0.375
57,16.875,88,0.375
62,16.99921875,88,0.1257812499999993
63,17.125,88,0.125
64,17.25,88,0.12421875000000071
54,17.25,88,0.375
59,17.25,88,0.375
61,17.25,88,0.375
65,17.37421875,88,0.1257812499999993
66,17.5,88,0.125
67,17.625,114,0.12421875000000071
57,17.625,88,0.375
61,17.625,88,0.375
64,17.625,88,0.375
67,17.74921875,88,0.1257812499999993
66,17.875,88,0.125
59,18.0,101,0.12421875000000071
62,18.0,101,0.12421875000000071
71,18.0,101,0.12421875000000071
67,18.12421875,101,0.1257812499999993
70,18.12421875,101,0.1257812499999993
62,18.25,101,0.125
71,18.25,101,0.125
70,18.375,101,0.375
66,18.375,101,0.12421875000000071
61,18.49921875,101,0.1257812499999993
47,18.625,101,0.125
54,18.625,101,0.125
60,18.75,101,0.12421875000000071
69,18.75,101,0.12421875000000071
63,18.87421875,101,0.1257812499999993
68,18.87421875,101,0.1257812499999993
60,19.0,101,0.125
69,19.0,101,0.125
68,19.125,101,0.375
64,19.125,101,0.12421875000000071
59,19.24921875,101,0.1257812499999993
47,19.375,101,0.125
52,19.375,101,0.125
58,19.5,101,0.12421875000000071
67,19.5,101,0.12421875000000071
61,19.62421875,101,0.1257812499999993
66,19.62421875,101,0.1257812499999993
57,19.75,101,0.125
67,19.75,101,0.125
60,19.875,101,0.12421875000000071
66,19.875,101,0.12421875000000071
55,19.99921875,101,0.1257812499999993
65,19.99921875,101,0.1257812499999993
59,20.125,101,0.125
64,20.125,101,0.125
54,20.25,101,0.12421875000000071
63,20.25,101,0.12421875000000071
57,20.37421875,101,0.1257812499999993
62,20.37421875,101,0.1257812499999993
58,20.5,101,0.125
61,20.5,101,0.125
59,20.625,101,0.12421875000000071
59,20.625,101,0.12421875000000071
50,20.74921875,101,0.1257812499999993
54,20.74921875,101,0.1257812499999993
35,20.875,101,0.125
47,20.875,101,0.125
55,21.0,114,0.375
67,21.0,114,0.375
59,21.0,88,0.12421875000000071
58,21.12421875,88,0.1257812499999993
59,21.25,88,0.125
52,21.375,88,0.375
55,21.375,88,0.375
58,21.375,88,0.375
61,21.375,88,0.12421875000000071
62,21.49921875,88,0.1257812499999993
64,21.625,88,0.125
54,21.75,88,0.375
66,21.75,88,0.375
62,21.75,88,0.12421875000000071
61,21.87421875,88,0.1257812499999993
59,22.0,88,0.125
47,22.125,88,0.375
50,22.125,88,0.375
54,22.125,88,0.375
58,22.125,88,0.12421875000000071
59,22.24921875,88,0.1257812499999993
61,22.375,88,0.125
55,22.5,114,0.375
67,22.5,114,0.375
59,22.5,88,0.12421875000000071
58,22.62421875,88,0.1257812499999993
59,22.75,88,0.125
52,22.875,88,0.375
55,22.875,88,0.375
58,22.875,88,0.375
61,22.875,88,0.12421875000000071
62,22.99921875,88,0.1257812499999993
64,23.125,88,0.125
54,23.25,88,0.375
66,23.25,88,0.375
62,23.25,88,0.12421875000000071
61,23.37421875,88,0.1257812499999993
59,23.5,88,0.125
47,23.625,88,0.375
50,23.625,88,0.375
54,23.625,88,0.375
58,23.625,88,0.12421875000000071
59,23.74921875,88,0.1257812499999993
61,23.875,88,0.125
53,24.0,114,0.375
65,24.0,114,0.375
59,24.0,88,0.12421875000000071
46,24.12421875,88,0.1257812499999993
47,24.25,88,0.125
43,24.375,114,0.375
48,24.375,88,0.12421875000000071
49,24.49921875,88,0.1257812499999993
50,24.625,88,0.125
41,24.75,114,0.375
49,24.75,88,0.12421875000000071
48,24.87421875,88,0.1257812499999993
47,25.0,88,0.125
43,25.125,114,0.375
46,25.125,88,0.12421875000000071
47,25.24921875,88,0.1257812499999993
49,25.375,88,0.125
30,25.5,114,0.375
42,25.5,114,0.375
58,25.62421875,88,0.1257812499999993
59,25.75,88,0.125
66,25.875,114,0.375
60,25.875,88,0.12421875000000071
61,25.99921875,88,0.1257812499999993
62,26.125,88,0.125
67,26.25,114,0.375
61,26.25,88,0.12421875000000071
60,26.37421875,88,0.1257812499999993
59,26.5,88,0.125
62,26.625,114,0.375
58,26.625,88,0.12421875000000071
59,26.74921875,88,0.1257812499999993
53,26.875,88,0.125
59,27.0,88,0.375
62,27.0,88,0.375
66,27.0,88,0.375
54,27.0,88,0.12421875000000071
55,27.12421875,88,0.1257812499999993
54,27.25,88,0.125
59,27.375,114,0.375
67,27.375,114,0.375
53,27.375,88,0.12421875000000071
54,27.49921875,88,0.1257812499999993
55,27.625,88,0.125
59,27.75,114,0.375
62,27.75,114,0.375
54,27.75,88,0.12421875000000071
53,27.87421875,88,0.1257812499999993
54,28.0,88,0.125
59,28.125,114,0.375
64,28.125,114,0.375
55,28.125,88,0.12421875000000071
54,28.24921875,88,0.1257812499999993
55,28.375,88,0.125
59,28.5,114,0.375
62,28.5,114,0.375
66,28.5,114,0.375
54,28.5,88,0.12421875000000071
55,28.62421875,88,0.1257812499999993
54,28.75,88,0.125
59,28.875,114,0.375
67,28.875,114,0.375
53,28.875,88,0.12421875000000071
54,28.99921875,88,0.1257812499999993
55,29.125,88,0.125
59,29.25,114,0.375
62,29.25,114,0.375
54,29.25,88,0.12421875000000071
53,29.37421875,88,0.1257812499999993
54,29.5,88,0.125
59,29.625,114,0.375
64,29.625,114,0.375
55,29.625,88,0.12421875000000071
54,29.74921875,88,0.1257812499999993
55,29.875,88,0.125
62,30.0,114,0.375
66,30.0,114,0.375
54,30.0,88,0.12421875000000071
55,30.12421875,88,0.1257812499999993
56,30.25,88,0.125
42,30.375,88,0.375
55,30.375,88,0.12421875000000071
56,30.49921875,88,0.1257812499999993
57,30.625,88,0.125
54,30.75,114,0.375
62,30.75,114,0.375
56,30.75,88,0.12421875000000071
57,30.87421875,88,0.1257812499999993
58,31.0,88,0.125
42,31.125,88,0.375
57,31.125,88,0.12421875000000071
58,31.24921875,88,0.1257812499999993
59,31.375,88,0.125
54,31.5,114,0.375
62,31.5,114,0.375
58,31.5,88,0.12421875000000071
59,31.62421875,88,0.1257812499999993
60,31.75,88,0.125
61,31.875,114,0.375
58,31.875,88,0.12421875000000071
62,31.99921875,88,0.1257812499999993
63,32.125,88,0.125
64,32.25,127,0.375
61,32.25,101,0.12421874999999716
65,32.37421875,101,0.12578125000000284
66,32.5,101,0.125
64,32.625,127,0.25
67,32.625,101,0.12421874999999716
68,32.74921875,101,0.12578125000000284
62,32.875,127,0.125
70,32.875,101,0.125
23,33.0,127,1.5
35,33.0,127,1.5
68,33.12421875,101,0.12578125000000284
71,33.12421875,101,0.12578125000000284
67,33.25,101,0.125
72,33.25,101,0.125
66,33.375,101,0.12421874999999716
73,33.375,101,0.12421874999999716
65,33.49921875,101,0.12578125000000284
74,33.49921875,101,0.12578125000000284
68,33.625,101,0.125
71,33.625,101,0.125
59,33.75,101,0.12421874999999716
68,33.75,101,0.12421874999999716
62,33.87421875,101,0.12578125000000284
65,33.87421875,101,0.12578125000000284
59,34.0,101,0.125
66,34.0,101,0.125
62,34.125,101,0.12421874999999716
67,34.125,101,0.12421874999999716
59,34.24921875,101,0.12578125000000284
68,34.24921875,101,0.12578125000000284
62,34.375,101,0.125
65,34.375,101,0.125
53,34.5,101,0.12421874999999716
62,34.5,101,0.12421874999999716
56,34.62421875,101,0.12578125000000284
59,34.62421875,101,0.12578125000000284
55,34.75,101,0.125
60,34.75,101,0.125
54,34.875,101,0.12421874999999716
61,34.875,101,0.12421874999999716
53,34.99921875,101,0.12578125000000284
62,34.99921875,101,0.12578125000000284
56,35.125,101,0.125
59,35.125,101,0.125
47,35.25,101,0.12421874999999716
55,35.25,101,0.12421874999999716
53,35.37421875,101,0.12578125000000284
56,35.37421875,101,0.12578125000000284
44,35.5,101,0.125
53,35.5,101,0.125
47,35.625,101,0.12421874999999716
49,35.625,101,0.12421874999999716
41,35.74921875,101,0.12578125000000284
50,35.74921875,101,0.12578125000000284
44,35.875,101,0.125
47,35.875,101,0.125
30,36.0,101,0.75
42,36.0,101,0.75
46,36.12421875,101,0.12578125000000284
54,36.12421875,101,0.12578125000000284
58,36.25,101,0.125
52,36.375,101,0.12421874999999716
61,36.375,101,0.12421874999999716
54,36.49921875,101,0.12578125000000284
58,36.49921875,101,0.12578125000000284
50,36.625,101,0.125
62,36.625,101,0.125
54,36.75,101,0.12421874999999716
58,36.75,101,0.12421874999999716
55,36.87421875,101,0.12578125000000284
59,36.87421875,101,0.12578125000000284
52,37.0,101,0.125
64,37.0,101,0.125
58,37.125,101,0.12421874999999716
61,37.125,101,0.12421874999999716
59,37.24921875,101,0.12578125000000284
62,37.24921875,101,0.12578125000000284
55,37.375,101,0.125
67,37.375,101,0.125
53,37.5,101,0.12421874999999716
42,37.5,127,1.5
54,37.62421875,101,0.12578125000000284
66,37.62421875,101,0.12578125000000284
58,37.75,101,0.125
61,37.75,101,0.125
61,37.875,101,0.12421874999999716
73,37.875,101,0.12421874999999716
66,37.99921875,101,0.12578125000000284
70,37.99921875,101,0.12578125000000284
62,38.125,101,0.125
74,38.125,101,0.125
66,38.25,101,0.12421874999999716
70,38.25,101,0.12421874999999716
67,38.37421875,101,0.12578125000000284
71,38.37421875,101,0.12578125000000284
64,38.5,101,0.125
76,38.5,101,0.125
70,38.625,101,0.12421874999999716
73,38.625,101,0.12421874999999716
71,38.74921875,101,0.12578125000000284
74,38.74921875,101,0.12578125000000284
67,38.875,101,0.125
79,38.875,101,0.125
65,39.0,101,0.12421874999999716
77,39.0,101,0.12421874999999716
66,39.12421875,101,0.12821625000000125
78,39.12421875,101,0.12821625000000125
58,39.252435,101,0.12986999999999682
70,39.252435,101,0.12986999999999682
61,39.382304999999995,101,0.13429040625000255
73,39.382304999999995,101,0.13429040625000255
46,39.51659540625,101,0.13883459374999774
58,39.51659540625,101,0.13883459374999774
50,39.655429999999996,101,0.14084499999999878
62,39.655429999999996,101,0.14084499999999878
29,39.796274999999994,101,0.9627775000000014
41,39.796274999999994,101,0.9627775000000014
47,40.020155499999994,101,0.078125
50,40.020155499999994,101,0.078125
55,40.020155499999994,101,0.078125
59,40.098280499999994,101,0.0771484375
62,40.175428937499994,101,0.0791015625
67,40.175428937499994,101,0.0791015625
71,40.254530499999994,101,0.5045220000000015
28,40.759052499999996,101,0.1840279250000023
40,40.759052499999996,101,0.1840279250000023
48,40.943080425,101,0.18634274166666387
55,40.943080425,101,0.18634274166666387
60,40.943080425,101,0.18634274166666387
41,41.12942316666666,127,0.18518533333333664
51,41.3146085,101,0.1840279250000023
57,41.3146085,101,0.1840279250000023
42,41.498636425,127,0.18634274166666387
49,41.684979166666665,101,0.18518533333333664
58,41.684979166666665,101,0.18518533333333664
46,41.8701645,127,0.27777799999999786
52,41.8701645,127,0.27777799999999786
54,41.8701645,127,0.27777799999999786
30,44.0923885,62,2.222223999999997
42,44.0923885,62,2.222223999999997
58,45.2035005,62,1.1111119999999985
64,45.2035005,62,1.6666680000000014
49,46.314612499999996,62,0.5555560000000028
66,46.8701685,88,1.1111120000000057
54,47.4257245,62,0.5555560000000028
58,47.4257245,62,0.5555560000000028
61,47.981280500000004,62,0.5555560000000028
63,48.53683650000001,62,0.29999999999999716
47,48.53683650000001,49,0.5999999999999943
54,48.53683650000001,49,0.5999999999999943
64,48.836836500000004,62,0.29999999999999716
63,49.1368365,62,0.29999999999999716
55,49.1368365,49,0.5999999999999943
58,49.1368365,49,1.799999999999983
61,49.4368365,62,0.29999999999999716
63,49.736836499999995,62,0.29999999999999716
54,49.736836499999995,49,0.5999999999999943
64,50.03683649999999,62,0.29999999999999716
63,50.33683649999999,62,0.29999999999999716
52,50.33683649999999,49,0.5999999999999943
61,50.63683649999999,62,0.29999999999999716
59,50.936836499999984,62,0.29999999999999716
51,50.936836499999984,49,0.5999999999999943
54,50.936836499999984,49,0.5999999999999943
59,50.936836499999984,49,0.29999999999999716
61,51.23683649999998,62,0.29999999999999716
63,51.53683649999998,62,0.29999999999999716
47,51.53683649999998,49,1.1999999999999886
54,51.53683649999998,49,1.1999999999999886
59,51.836836499999976,62,0.29999999999999716
63,52.13683649999997,62,0.29999999999999716
59,52.13683649999997,49,0.5999999999999943
64,52.43683649999997,62,0.29999999999999716
65,52.73683649999997,62,0.29999999999999716
59,52.73683649999997,49,0.5999999999999943
63,52.73683649999997,49,0.5999999999999943
66,53.036836499999964,75,0.29999999999999716
62,53.23683649999997,75,0.3999999999999915
65,53.286836499999964,75,0.3499999999999943
70,53.33683649999996,75,0.29999999999999716
68,53.63683649999996,75,0.29999999999999716
66,53.936836499999956,75,0.29999999999999716
58,53.936836499999956,62,0.5999999999999943
61,53.936836499999956,62,0.5999999999999943
64,54.23683649999995,75,0.29999999999999716
63,54.53683649999995,75,0.29999999999999716
55,54.53683649999995,62,0.5999999999999943
58,54.53683649999995,62,0.5999999999999943
61,54.83683649999995,62,0.29999999999999716
63,55.136836499999944,49,0.29999999999999716
47,55.136836499999944,49,0.5999999999999943
54,55.136836499999944,49,0.5999999999999943
59,55.43683649999994,49,0.29999999999999716
53,55.636836499999944,49,0.3999999999999915
59,55.68683649999994,49,0.04999999999999716
61,55.73683649999994,49,0.29999999999999716
44,56.036836499999936,49,0.29999999999999716
51,56.036836499999936,49,0.29999999999999716
49,56.33683649999993,49,0.29999999999999716
37,56.33683649999993,49,0.5999999999999943
56,56.63683649999993,75,0.29999999999999716
59,56.93683649999993,75,0.29999999999999716
53,56.93683649999993,62,0.5999999999999943
63,57.236836499999924,75,0.29999999999999716
61,57.53683649999992,75,0.29999999999999716
54,57.53683649999992,62,0.5999999999999943
58,57.53683649999992,62,0.5999999999999943
63,57.83683649999992,75,0.29999999999999716
61,58.136836499999916,75,0.29999999999999716
46,58.136836499999916,62,0.5999999999999943
54,58.136836499999916,62,0.5999999999999943
58,58.43683649999991,62,0.29999999999999716
56,58.73683649999991,62,0.29999999999999716
47,58.73683649999991,49,1.1999999999999886
51,58.73683649999991,49,0.5999999999999943
58,59.03683649999991,62,0.29999999999999716
56,59.336836499999905,62,0.29999999999999716
50,59.336836499999905,49,0.5999999999999943
54,59.6368364999999,62,0.29999999999999716
51,59.9368364999999,62,0.29999999999999716
44,59.9368364999999,49,0.5999999999999943
47,59.9368364999999,49,0.5999999999999943
54,60.236836499999896,62,0.29999999999999716
51,60.53683649999989,62,0.29999999999999716
37,60.53683649999989,49,0.5999999999999943
46,60.53683649999989,49,0.5999999999999943
49,60.83683649999989,62,0.29999999999999716
56,61.13683649999989,62,0.6000000000000014
49,61.13683649999989,49,1.2000000000000028
52,61.13683649999989,49,0.6000000000000014
42,61.661836499999886,49,0.6750000000000043
58,61.73683649999989,88,1.2000000000000028
54,61.73683649999989,49,0.6000000000000014
56,62.33683649999989,49,0.6000000000000014
64,62.33683649999989,49,0.6000000000000014
63,62.93683649999989,62,0.29999999999999716
47,62.93683649999989,62,0.5999999999999943
54,62.93683649999989,62,0.5999999999999943
58,63.23683649999989,62,0.29999999999999716
66,63.536836499999886,49,0.8999999999999986
59,63.536836499999886,62,0.29999999999999716
51,63.536836499999886,62,0.6000000000000014
61,63.83683649999988,62,0.30000000000000426
63,64.13683649999989,62,0.29999999999999716
52,64.13683649999989,62,0.5999999999999943
66,64.36183649999988,62,0.07500000000000284
68,64.43683649999988,49,0.29999999999999716
64,64.43683649999988,62,0.29999999999999716
54,64.66183649999988,62,0.6749999999999972
64,64.73683649999988,49,0.0
70,64.73683649999988,49,0.5999999999999943
63,64.73683649999988,62,0.29999999999999716
61,65.03683649999988,62,0.29999999999999716
63,65.33683649999988,49,0.8999999999999915
71,65.33683649999988,49,1.1999999999999886
59,65.33683649999988,62,0.29999999999999716
59,65.33683649999988,62,0.29999999999999716
61,65.63683649999987,62,0.29999999999999716
63,65.93683649999987,62,0.29999999999999716
47,65.93683649999987,62,1.1999999999999886
54,65.93683649999987,62,0.5999999999999943
59,66.23683649999987,62,0.29999999999999716
63,66.53683649999986,62,0.29999999999999716
54,66.53683649999986,62,0.5999999999999943
64,66.83683649999986,62,0.29999999999999716
71,67.13683649999986,49,0.5999999999999943
65,67.13683649999986,62,0.29999999999999716
63,67.13683649999986,62,0.5999999999999943
66,67.43683649999986,75,0.29999999999999716
73,67.73683649999985,62,0.5999999999999943
70,67.73683649999985,75,0.29999999999999716
61,67.73683649999985,62,0.29999999999999716
68,68.03683649999985,75,0.29999999999999716
59,68.03683649999985,62,0.29999999999999716
74,68.33683649999985,62,0.5999999999999943
66,68.33683649999985,75,0.29999999999999716
58,68.33683649999985,62,0.29999999999999716
64,68.63683649999984,75,0.29999999999999716
54,68.63683649999984,62,0.29999999999999716
63,68.86183649999984,62,0.9749999999999943
75,68.93683649999984,49,1.1999999999999886
59,68.93683649999984,62,0.29999999999999716
61,69.23683649999984,62,0.29999999999999716
55,69.23683649999984,62,0.5999999999999943
63,69.53683649999984,62,0.29999999999999716
47,69.53683649999984,62,0.29999999999999716
59,69.83683649999983,62,0.29999999999999716
54,69.83683649999983,62,0.29999999999999716
62,70.13683649999983,75,0.29999999999999716
54,70.13683649999983,88,0.5999999999999943
57,70.13683649999983,88,0.5999999999999943
48,70.13683649999983,75,1.1999999999999886
63,70.43683649999983,75,0.29999999999999716
64,70.73683649999982,75,0.29999999999999716
56,70.73683649999982,62,0.5999999999999943
63,71.03683649999982,75,0.29999999999999716
66,71.33683649999982,101,0.29999999999999716
56,71.33683649999982,62,0.29999999999999716
49,71.33683649999982,75,0.5912620000000004
64,71.63683649999982,75,0.29126200000000324
61,71.63683649999982,62,0.29126200000000324
65,71.92809849999982,75,0.2830189999999959
57,71.92809849999982,88,0.5582484999999906
60,71.92809849999982,88,0.5582484999999906
51,71.92809849999982,75,1.0823554999999914
66,72.21111749999982,75,0.2752294999999947
68,72.48634699999981,75,0.2654864999999944
59,72.48634699999981,62,0.5241070000000008
66,72.7518334999998,75,0.25862050000000636
69,73.01045399999981,101,0.25210099999999613
59,73.01045399999981,62,0.25210099999999613
52,73.01045399999981,75,0.49800249999999835
68,73.26255499999981,75,0.24590150000000222
64,73.26255499999981,62,0.24590150000000222
67,73.50845649999981,88,0.23809500000000128
59,73.50845649999981,101,0.4945055000000025
62,73.50845649999981,101,0.4945055000000025
53,73.50845649999981,88,1.0753140000000059
68,73.74655149999981,88,0.2564105000000012
70,74.00296199999981,88,0.27777799999999786
61,74.00296199999981,75,0.27777799999999786
68,74.28073999999981,88,0.30303050000000553
59,74.28073999999981,75,0.30303050000000553
71,74.58377049999982,114,0.34482749999999385
62,74.58377049999982,101,0.34482749999999385
53,74.92859799999981,88,1.3193979999999925
70,75.1209057499998,88,0.19230774999999767
61,75.1209057499998,75,0.19230774999999767
70,75.3132134999998,88,0.4347824999999972
61,75.3132134999998,75,0.4347824999999972
68,75.7479959999998,88,0.5
59,75.7479959999998,75,0.5
67,76.2479959999998,88,0.625
58,76.2479959999998,75,0.625
53,76.2479959999998,88,1.0390625
68,76.8729959999998,88,0.625
59,76.8729959999998,75,0.3125
53,77.1854959999998,75,0.1015625
62,77.2870584999998,75,0.1067708333333286
71,77.39382933333313,75,0.1041666666666714
68,77.4979959999998,114,0.625
71,77.4979959999998,114,0.0
62,77.4979959999998,75,0.9375
53,77.4979959999998,88,0.9375
54,79.9979959999998,88,0.07500000000000284
64,80.0729959999998,88,0.07500000000000284
67,80.14799599999981,88,0.07500000000000284
67,80.22299599999981,88,0.07500000000000284
75,80.29799599999981,114,0.29999999999999716
73,80.59799599999981,88,0.29999999999999716
71,80.89799599999981,88,0.29999999999999716
63,80.89799599999981,75,0.5999999999999943
66,80.89799599999981,75,0.5999999999999943
70,81.1979959999998,88,0.29999999999999716
71,81.4979959999998,88,0.29999999999999716
62,81.4979959999998,75,0.5999999999999943
65,81.4979959999998,75,0.5999999999999943
59,81.7979959999998,88,0.29999999999999716
68,81.7979959999998,88,0.29999999999999716
54,81.7979959999998,75,0.8999999999999915
70,82.0979959999998,75,0.29999999999999716
64,82.0979959999998,62,0.5999999999999943
61,82.0979959999998,62,0.29999999999999716
68,82.3979959999998,75,0.29999999999999716
59,82.3979959999998,62,0.29999999999999716
66,82.69799599999979,75,0.29999999999999716
58,82.69799599999979,62,0.5999999999999943
52,82.69799599999979,62,0.5999999999999943
65,82.99799599999979,75,0.29999999999999716
66,83.29799599999978,75,0.29999999999999716
57,83.29799599999978,62,0.29999999999999716
61,83.29799599999978,62,0.29999999999999716
51,83.29799599999978,62,0.29999999999999716
63,83.59799599999978,75,0.29999999999999716
54,83.59799599999978,62,0.29999999999999716
57,83.59799599999978,62,0.29999999999999716
49,83.59799599999978,62,0.29999999999999716
48,83.89799599999978,75,0.07500000000000284
56,83.97299599999978,75,0.07500000000000284
63,84.04799599999978,75,0.07500000000000284
63,84.12299599999979,75,0.07500000000000284
68,84.19799599999979,101,0.29999999999999716
66,84.49799599999979,75,0.29999999999999716
64,84.79799599999978,75,0.29999999999999716
49,84.79799599999978,62,0.5999999999999943
56,84.79799599999978,62,0.5999999999999943
63,85.09799599999978,75,0.29999999999999716
64,85.39799599999978,75,0.29999999999999716
52,85.39799599999978,62,0.5999999999999943
55,85.39799599999978,62,0.5999999999999943
61,85.69799599999978,75,0.29999999999999716
42,85.99799599999977,75,0.09999999999999432
52,86.09799599999977,75,0.09874999999999545
58,86.19674599999976,101,0.10124999999999318
58,86.29799599999976,75,0.5999999999999943
54,86.29799599999976,62,1.7999999999999972
59,86.89799599999975,75,0.29999999999999716
47,86.89799599999975,62,0.5999999999999943
51,86.89799599999975,62,0.5999999999999943
60,87.49799599999974,75,0.45000000000000284
46,87.49799599999974,62,0.6000000000000085
51,87.49799599999974,62,0.6000000000000085
61,87.94799599999975,62,0.07500000000000284
63,88.02299599999975,62,0.07500000000000284
61,88.09799599999975,62,0.5999999999999943
45,88.09799599999975,49,1.1999999999999886
51,88.09799599999975,49,0.0
54,88.09799599999975,49,1.1999999999999886
60,88.69799599999975,62,0.29999999999999716
61,88.99799599999974,62,0.29999999999999716
64,89.29799599999974,62,0.29999999999999716
57,89.29799599999974,75,0.5999999999999943
54,89.29799599999974,49,0.5999999999999943
63,89.59799599999974,75,0.29999999999999716
44,89.79799599999974,75,0.3999999999999915
57,89.84799599999974,75,0.04999999999999716
61,89.89799599999974,75,0.29999999999999716
60,90.19799599999973,75,0.29999999999999716
56,90.19799599999973,62,0.29999999999999716
58,90.49799599999973,75,0.29999999999999716
55,90.49799599999973,62,0.29999999999999716
60,90.79799599999973,75,0.29999999999999716
54,90.79799599999973,62,0.29999999999999716
61,91.09799599999972,75,0.29999999999999716
52,91.09799599999972,62,0.29999999999999716
49,91.09799599999972,62,0.5999999999999943
63,91.39799599999972,75,0.29999999999999716
56,91.39799599999972,62,0.29999999999999716
64,91.69799599999972,75,0.29999999999999716
57,91.69799599999972,62,1.1999999999999744
48,91.69799599999972,62,1.1999999999999744
54,91.69799599999972,62,1.1999999999999744
66,91.99799599999972,75,0.29999999999999716
63,92.29799599999971,75,0.29999999999999716
64,92.59799599999971,75,0.29999999999998295
45,92.78549599999971,75,0.4124999999999801
52,92.8229959999997,75,0.3749999999999858
60,92.8604959999997,75,0.3374999999999915
68,92.8979959999997,75,0.29999999999999716
66,93.19799599999969,75,0.29999999999999716
47,93.3979959999997,75,0.3999999999999915
60,93.44799599999969,75,0.3499999999999943
64,93.49799599999969,75,0.29999999999999716
47,93.49799599999969,62,0.29999999999999716
63,93.79799599999969,75,0.29999999999999716
59,93.79799599999969,62,0.29999999999999716
60,94.09799599999968,75,0.29999999999999716
58,94.09799599999968,62,0.29999999999999716
63,94.39799599999968,75,0.29999999999999716
57,94.39799599999968,62,0.29999999999999716
64,94.69799599999968,75,0.29999999999999716
56,94.69799599999968,62,0.29999999999999716
52,94.69799599999968,62,0.5999999999999943
66,94.99799599999967,75,0.29999999999999716
57,94.99799599999967,62,0.29999999999999716
68,95.29799599999967,88,0.29999999999999716
59,95.29799599999967,75,0.29999999999999716
52,95.29799599999967,75,1.1999999999999886
67,95.59799599999967,88,0.29999999999999716
61,95.59799599999967,75,0.29999999999999716
70,95.89799599999967,88,0.29999999999999716
62,95.89799599999967,75,0.5999999999999943
58,96.19799599999966,88,0.29999999999999716
68,96.19799599999966,88,0.29999999999999716
68,96.49799599999966,75,0.29999999999999716
63,96.49799599999966,75,0.19875000000000398
63,96.49799599999966,75,0.19875000000000398
58,96.69674599999966,75,0.2012499999999875
67,96.79799599999966,75,0.29999999999999716
51,96.89799599999965,75,0.20000000000000284
67,97.09799599999965,62,0.29999999999999716
58,97.09799599999965,49,0.29999999999999716
51,97.09799599999965,75,1.1999999999999886
66,97.39799599999965,62,0.29999999999999716
60,97.39799599999965,49,0.29999999999999716
69,97.69799599999965,75,0.29999999999999716
61,97.69799599999965,49,0.5999999999999943
57,97.99799599999965,75,0.29999999999999716
67,97.99799599999965,75,0.29999999999999716
67,98.29799599999964,75,0.29999999999999716
62,98.29799599999964,49,0.19875000000000398
57,98.49674599999965,49,0.2012499999999875
66,98.59799599999964,62,0.29999999999999716
50,98.69799599999963,49,0.20000000000000284
66,98.89799599999964,75,0.29999999999999716
60,98.89799599999964,49,0.5999999999999943
56,98.89799599999964,49,0.5999999999999943
65,99.19799599999963,75,0.29999999999999716
65,99.49799599999963,62,0.6191489999999931
60,99.49799599999963,49,0.29999999999999716
56,99.49799599999963,49,0.6191489999999931
59,99.79799599999963,49,0.3191489999999959
51,99.79799599999963,75,1.4313169999999928
65,100.11714499999962,62,0.34090899999999635
59,100.11714499999962,49,0.7067624999999964
55,100.11714499999962,49,0.7067624999999964
64,100.45805399999962,62,0.36585350000000005
64,100.82390749999962,75,0.846581999999998
59,100.82390749999962,49,0.40540550000000053
55,100.82390749999962,49,0.846581999999998
58,101.22931299999962,49,0.4411764999999974
49,101.22931299999962,75,2.7107619999999883
64,101.67048949999962,62,0.4838709999999935
58,101.67048949999962,49,1.019585499999991
54,101.67048949999962,49,2.269585499999991
63,102.15436049999961,62,0.5357144999999974
44,102.69007499999961,62,0.15625
52,102.84632499999961,62,0.15625
58,103.00257499999961,62,0.15625
64,103.15882499999961,62,0.15625
63,103.31507499999961,62,0.625
62,103.94007499999961,62,0.625
52,103.94007499999961,49,0.3125
58,103.94007499999961,49,0.3125
47,104.25257499999961,75,1.512500000000017
59,104.25257499999961,75,0.43250000000000455
63,104.56507499999961,62,0.30000000000001137
54,104.56507499999961,49,1.200000000000017
59,104.56507499999961,49,0.12000000000000455
64,104.86507499999962,62,0.29999999999999716
63,105.16507499999962,62,0.30000000000001137
58,105.16507499999962,49,0.12000000000000455
61,105.46507499999963,62,0.29999999999999716
63,105.76507499999963,62,0.30000000000001137
52,105.76507499999963,49,0.12000000000000455
56,105.76507499999963,49,0.12000000000000455
64,106.06507499999964,62,0.29999999999999716
63,106.36507499999963,62,0.30000000000001137
52,106.36507499999963,49,0.12000000000000455
55,106.36507499999963,49,0.12000000000000455
61,106.66507499999965,62,0.29999999999999716
59,106.96507499999964,62,0.29999999999999716
51,106.96507499999964,49,0.5999999999999943
47,106.96507499999964,49,1.2092785000000106
61,107.26507499999964,62,0.29999999999999716
63,107.56507499999964,62,0.30000000000001137
54,107.56507499999964,49,0.12000000000000455
59,107.86507499999965,62,0.3092785000000049
63,108.17435349999965,62,0.3191489999999959
59,108.17435349999965,49,0.0625000124999957
64,108.49350249999965,62,0.329670500000006
58,108.49350249999965,49,0.06456047291666778
65,108.82317299999966,62,0.34482749999999385
63,108.82317299999966,49,0.7019704999999874
57,108.82317299999966,49,0.1379309999999947
66,109.16800049999965,62,0.35714299999999355
46,109.40609583333298,49,0.8740336666666622
56,109.46561966666631,49,0.8145098333333323
66,109.52514349999964,62,0.37037050000000704
70,109.52514349999964,62,0.37037050000000704
62,109.52514349999964,49,0.7549860000000024
65,109.89551399999965,62,0.38461549999999534
68,109.89551399999965,62,0.38461549999999534
66,110.28012949999965,62,0.3125
58,110.28012949999965,75,1.25
51,110.28012949999965,49,0.3125
64,110.59262949999965,62,0.3125
54,110.59262949999965,49,0.3125
63,110.90512949999965,62,0.3125
55,110.90512949999965,49,0.625
61,111.21762949999965,62,0.3125
63,111.53012949999965,62,0.3125
54,111.53012949999965,49,0.3125
47,111.53012949999965,49,0.625
54,111.53012949999965,49,0.3125
59,111.84262949999965,62,0.3125
51,111.84262949999965,49,0.3125
62,112.15512949999965,75,0.3125
57,112.15512949999965,88,0.6155305000000055
48,112.15512949999965,62,1.1953625000000017
54,112.15512949999965,62,1.1953625000000017
63,112.46762949999965,75,0.30303050000000553
64,112.77065999999965,75,0.2941174999999987
56,112.77065999999965,62,0.5798319999999961
63,113.06477749999965,75,0.28571449999999743
66,113.35049199999965,101,0.2752295000000089
60,113.35049199999965,62,0.3645151666666777
49,113.53283154374965,62,0.18217562291667377
64,113.62572149999966,75,0.26785700000000645
61,113.71500716666633,62,0.17857133333333763
65,113.89357849999966,75,0.2608694999999983
60,113.89357849999966,88,0.5151070000000004
51,113.89357849999966,62,1.0069100000000049
57,113.89357849999966,62,1.0069100000000049
66,114.15444799999966,75,0.2542375000000021
68,114.40868549999966,75,0.24590150000000222
59,114.40868549999966,62,0.49180300000000443
66,114.65458699999967,75,0.24590150000000222
69,114.90048849999967,101,0.24590150000000222
63,114.90048849999967,62,0.32786866666667436
52,115.06339824374967,62,0.16495892291666792
68,115.14638999999967,75,0.24590150000000222
64,115.22835716666634,62,0.16393433333333007
67,115.39229149999967,75,0.24590150000000222
59,115.39229149999967,88,0.5045220000000086
62,115.39229149999967,88,0.5045220000000086
53,115.39229149999967,62,1.0657110000000074
68,115.63819299999967,75,0.25862050000000636
70,115.89681349999968,75,0.272727500000002
61,115.89681349999968,62,0.272727500000002
68,116.16954099999968,75,0.2884614999999968
59,116.16954099999968,62,0.2884614999999968
71,116.45800249999968,101,0.3125
62,116.45800249999968,88,0.3125
41,116.77050249999968,75,1.075091999999998
53,116.77050249999968,75,1.075091999999998
70,116.93716924999968,75,0.16666675000000453
61,116.93716924999968,62,0.16666675000000453
70,117.10383599999969,75,0.35714299999999355
61,117.10383599999969,62,0.35714299999999355
68,117.46097899999968,75,0.38461549999999534
59,117.46097899999968,62,0.38461549999999534
67,117.84559449999968,75,0.4285715000000039
58,117.84559449999968,62,0.4285715000000039
53,117.84559449999968,62,0.8571429999999935
68,118.27416599999968,75,0.3214286249999958
59,118.27416599999968,62,0.42857149999998967
68,118.59559462499968,75,0.10714287499999386
71,118.70273749999967,101,0.8571429999999935
53,118.70273749999967,62,0.8571429999999935
54,120.41702349999966,62,0.07500000000000284
64,120.49202349999966,62,0.07500000000000284
67,120.56702349999966,62,0.07500000000000284
67,120.64202349999967,62,0.07500000000000284
75,120.71702349999967,88,0.29999999999999716
73,121.01702349999967,62,0.29999999999999716
71,121.31702349999966,62,0.29999999999999716
63,121.31702349999966,49,0.29999999999999716
66,121.31702349999966,49,0.29999999999999716
70,121.61702349999966,62,0.29999999999999716
62,121.61702349999966,49,0.29999999999999716
65,121.61702349999966,49,0.29999999999999716
71,121.91702349999966,62,0.29999999999999716
61,121.91702349999966,49,0.29999999999999716
64,121.91702349999966,49,0.29999999999999716
68,122.21702349999966,62,0.29999999999999716
54,122.21702349999966,49,0.29999999999999716
60,122.21702349999966,49,0.29999999999999716
63,122.21702349999966,49,0.29999999999999716
70,122.51702349999965,62,0.29999999999999716
59,122.51702349999965,49,0.5999999999999943
62,122.51702349999965,49,0.5999999999999943
68,122.81702349999965,62,0.29999999999999716
66,123.11702349999965,62,0.29999999999999716
54,123.11702349999965,49,0.29999999999999716
58,123.11702349999965,49,0.29999999999999716
61,123.11702349999965,49,0.29999999999999716
65,123.41702349999964,62,0.29999999999999716
56,123.41702349999964,49,0.29999999999999716
59,123.41702349999964,49,0.29999999999999716
62,123.41702349999964,49,0.29999999999999716
66,123.71702349999964,62,0.29999999999999716
52,123.71702349999964,49,0.29999999999999716
58,123.71702349999964,49,0.29999999999999716
61,123.71702349999964,49,0.29999999999999716
63,124.01702349999964,62,0.29999999999999716
49,124.01702349999964,49,0.29999999999999716
54,124.01702349999964,49,0.29999999999999716
57,124.01702349999964,49,0.29999999999999716
48,124.31702349999964,62,0.07500000000000284
56,124.39202349999964,62,0.07500000000000284
63,124.46702349999964,62,0.07500000000000284
63,124.54202349999964,62,0.07500000000000284
68,124.61702349999965,88,0.29999999999999716
66,124.91702349999964,62,0.29999999999999716
64,125.21702349999964,62,0.29999999999999716
56,125.21702349999964,75,0.8999999999999915
49,125.21702349999964,49,0.29999999999999716
63,125.51702349999964,62,0.29999999999999716
54,125.51702349999964,49,0.29999999999999716
64,125.81702349999964,62,0.29999999999999716
52,125.81702349999964,49,0.5999999999999943
61,126.11702349999963,62,0.29999999999999716
55,126.11702349999963,49,0.29999999999999716
42,126.41702349999963,62,0.09999999999999432
52,126.51702349999962,62,0.09874999999999545
58,126.61577349999962,88,0.10124999999999318
58,126.71702349999961,62,0.5999999999999943
54,126.71702349999961,75,1.7999999999999545
59,127.3170234999996,62,0.5999999999999943
47,127.3170234999996,49,0.5999999999999943
51,127.3170234999996,49,0.5999999999999943
60,127.9170234999996,62,0.44999999999998863
46,127.9170234999996,49,0.5999999999999659
51,127.9170234999996,49,0.5999999999999659
61,128.3670234999996,62,0.07499999999998863
63,128.44202349999958,62,0.07499999999998863
61,128.51702349999957,62,0.5999999999999943
45,128.51702349999957,49,0.5999999999999943
51,128.51702349999957,49,0.5999999999999943
54,128.51702349999957,49,0.5999999999999943
60,129.11702349999956,62,0.30000000000001137
57,129.11702349999956,75,1.200000000000017
61,129.41702349999957,62,0.30000000000001137
64,129.71702349999958,62,0.30000000000001137
54,129.71702349999958,49,0.5999999999999943
63,130.0170234999996,62,0.29999999999998295
57,130.2420234999996,62,0.07499999999998863
61,130.31702349999958,62,0.30000000000001137
44,130.31702349999958,62,1.2000000000000455
60,130.6170234999996,75,0.30000000000001137
56,130.6170234999996,62,0.30000000000001137
58,130.9170234999996,75,0.30000000000001137
55,130.9170234999996,62,0.30000000000001137
60,131.2170234999996,75,0.30000000000001137
54,131.2170234999996,62,0.30000000000001137
61,131.51702349999962,75,0.30000000000001137
52,131.51702349999962,62,0.30000000000001137
49,131.51702349999962,62,0.6000000000000227
63,131.81702349999964,75,0.30000000000001137
56,131.81702349999964,62,0.30000000000001137
64,132.11702349999965,75,0.30000000000001137
57,132.11702349999965,62,0.6000000000000227
48,132.11702349999965,62,0.6000000000000227
54,132.11702349999965,62,0.6000000000000227
66,132.41702349999966,75,0.30000000000001137
63,132.71702349999967,75,0.30000000000001137
60,132.71702349999967,88,1.200000000000017
64,133.01702349999968,75,0.30000000000001137
45,133.1670234999997,62,0.75
52,133.1670234999997,62,0.75
68,133.3170234999997,75,0.30000000000001137
66,133.6170234999997,75,0.29999999999998295
60,133.8420234999997,75,0.07499999999998863
64,133.9170234999997,75,0.30000000000001137
47,133.9170234999997,62,1.2000000000000455
63,134.2170234999997,75,0.30000000000001137
59,134.2170234999997,62,0.30000000000001137
61,134.5170234999997,75,0.30000000000001137
58,134.5170234999997,62,0.30000000000001137
63,134.81702349999972,75,0.30000000000001137
57,134.81702349999972,62,0.30000000000001137
64,135.11702349999973,75,0.30000000000001137
56,135.11702349999973,62,0.30000000000001137
52,135.11702349999973,62,0.6000000000000227
66,135.41702349999974,75,0.30000000000001137
57,135.41702349999974,62,0.30000000000001137
68,135.71702349999975,88,0.30000000000001137
59,135.71702349999975,75,0.30000000000001137
52,135.71702349999975,75,1.2000000000000455
67,136.01702349999977,88,0.30000000000001137
61,136.01702349999977,75,0.30000000000001137
70,136.31702349999978,88,0.30000000000001137
62,136.31702349999978,75,0.6000000000000227
58,136.6170234999998,88,0.30000000000001137
68,136.6170234999998,88,0.30000000000001137
68,136.9170234999998,88,0.29999999999998295
63,136.9170234999998,75,0.19874999999998977
58,137.1157734999998,75,0.2012499999999875
67,137.21702349999978,88,0.29999999999998295
51,137.31702349999978,75,0.19999999999998863
67,137.51702349999977,75,0.30000000000001137
58,137.51702349999977,75,0.30000000000001137
51,137.51702349999977,75,1.2000000000000455
66,137.81702349999978,75,0.30000000000001137
60,137.81702349999978,75,0.30000000000001137
69,138.1170234999998,75,0.30000000000001137
61,138.1170234999998,75,0.6000000000000227
57,138.4170234999998,88,0.30000000000001137
67,138.4170234999998,88,0.30000000000001137
67,138.7170234999998,88,0.29999999999998295
62,138.7170234999998,75,0.19874999999998977
57,138.9157734999998,75,0.2012499999999875
66,139.0170234999998,75,0.29999999999998295
50,139.1170234999998,75,0.19999999999998863
66,139.31702349999978,75,0.30000000000001137
60,139.31702349999978,62,0.6191490000000215
56,139.31702349999978,62,0.6191490000000215
65,139.6170234999998,75,0.3191490000000101
65,139.9361724999998,75,0.7067624999999964
60,139.9361724999998,62,0.34090900000001056
56,139.9361724999998,62,0.7067624999999964
59,140.2770814999998,62,0.36585349999998584
50,140.2770814999998,62,1.212435499999998
65,140.6429349999998,62,0.40540550000000053
59,140.6429349999998,62,0.8465820000000122
55,140.6429349999998,62,0.8465820000000122
64,141.0483404999998,62,0.44117650000001163
64,141.4895169999998,62,1.0195855000000051
59,141.4895169999998,62,0.4838709999999935
55,141.4895169999998,62,1.0195855000000051
58,141.9733879999998,62,0.5357145000000116
64,142.5091024999998,62,0.625
58,142.5091024999998,62,1.25
54,142.5091024999998,62,1.875
49,142.5091024999998,62,1.875
63,143.1341024999998,62,0.625
30,143.7591024999998,62,0.15625
42,143.7591024999998,62,0.15625
52,143.9153524999998,62,0.15625
58,144.0716024999998,62,0.15625
64,144.2278524999998,62,0.15625
63,144.3841024999998,62,0.625
62,145.0091024999998,62,0.625
52,145.0091024999998,62,0.625
58,145.0091024999998,62,0.625
35,145.3216024999998,62,0.9125000000000227
47,145.3216024999998,62,0.9125000000000227
63,145.6341024999998,62,0.30000000000001137
59,145.6341024999998,49,0.6000000000000227
64,145.93410249999982,62,0.30000000000001137
63,146.23410249999984,62,0.30000000000001137
58,146.23410249999984,49,0.30000000000001137
58,146.23410249999984,49,0.30000000000001137
61,146.53410249999985,62,0.30000000000001137
47,146.53410249999985,49,0.9000000000000341
63,146.83410249999986,62,0.30000000000001137
57,146.83410249999986,49,0.30000000000001137
64,147.13410249999987,62,0.30000000000001137
56,147.13410249999987,49,0.30000000000001137
63,147.43410249999988,62,0.30000000000001137
55,147.43410249999988,49,0.6000000000000227
61,147.7341024999999,62,0.30000000000001137
59,148.0341024999999,62,0.30000000000001137
56,148.0341024999999,49,0.30000000000001137
47,148.0341024999999,49,1.0546392500000366
61,148.33410249999991,62,0.30000000000001137
55,148.33410249999991,49,0.30000000000001137
63,148.63410249999993,62,0.30000000000001137
54,148.63410249999993,49,0.6092785000000163
59,148.93410249999994,62,0.3092785000000049
35,149.08874174999994,62,1.3268577500000163
47,149.08874174999994,62,1.3268577500000163
63,149.24338099999994,62,0.3191490000000101
63,149.24338099999994,62,0.3191490000000101
59,149.24338099999994,49,0.3191490000000101
64,149.56252999999995,62,0.32967049999999176
61,149.56252999999995,62,0.32967049999999176
58,149.56252999999995,49,0.32967049999999176
65,149.89220049999994,62,0.34482750000000806
63,149.89220049999994,62,0.7019705000000158
57,149.89220049999994,49,0.7019705000000158
66,150.23702799999995,62,0.35714300000000776
34,150.41559949999996,62,0.9335575000000063
46,150.41559949999996,62,0.9335575000000063
66,150.59417099999996,62,0.37037050000000704
70,150.59417099999996,62,0.37037050000000704
62,150.59417099999996,62,0.7549860000000024
56,150.59417099999996,49,0.37037050000000704
65,150.96454149999997,62,0.38461549999999534
68,150.96454149999997,62,0.38461549999999534
59,150.96454149999997,49,0.38461549999999534
66,151.34915699999996,62,0.3125
58,151.34915699999996,75,1.25
51,151.34915699999996,49,0.3125
64,151.66165699999996,62,0.3125
54,151.66165699999996,49,0.3125
63,151.97415699999996,62,0.3125
55,151.97415699999996,49,0.625
61,152.28665699999996,62,0.3125
63,152.59915699999996,62,0.3125
54,152.59915699999996,49,0.3125
47,152.59915699999996,49,0.625
54,152.59915699999996,49,0.3125
59,152.91165699999996,62,0.3125
51,152.91165699999996,49,0.3125
62,153.22415699999996,62,0.3125
57,153.22415699999996,88,0.6155305000000055
48,153.22415699999996,62,1.1953625000000159
54,153.22415699999996,62,1.1953625000000159
63,153.53665699999996,62,0.30303050000000553
64,153.83968749999997,62,0.2941174999999987
56,153.83968749999997,62,0.5798320000000103
63,154.13380499999997,62,0.28571450000001164
66,154.41951949999998,88,0.2752294999999947
60,154.41951949999998,62,0.18233954375000394
49,154.60185904374998,62,0.18217562291664535
64,154.69474899999997,62,0.26785699999999224
61,154.78403466666663,88,0.17857133333333763
65,154.96260599999997,62,0.2608695000000125
60,154.96260599999997,88,0.5151070000000004
51,154.96260599999997,62,1.0069100000000049
57,154.96260599999997,62,1.0069100000000049
66,155.22347549999998,62,0.2542374999999879
68,155.47771299999997,62,0.24590150000000222
59,155.47771299999997,62,0.49180300000000443
66,155.72361449999997,62,0.24590150000000222
69,155.96951599999997,88,0.24590150000000222
63,155.96951599999997,62,0.16290974374999223
52,156.13242574374996,62,0.16919858958334544
68,156.21541749999997,62,0.25862050000000636
64,156.3016243333333,62,0.1724136666666709
67,156.47403799999998,62,0.272727500000002
59,156.47403799999998,88,0.561189000000013
62,156.47403799999998,88,0.561189000000013
53,156.47403799999998,62,1.207022500000022
68,156.74676549999998,62,0.28846150000001103
70,157.035227,62,0.3125
61,157.035227,62,0.3125
68,157.347727,62,0.33333350000000905
59,157.347727,62,0.33333350000000905
71,157.6810605,88,0.35714300000000776
62,157.6810605,62,0.35714300000000776
41,158.0382035,62,2.0989014999999824
53,158.0382035,62,2.0989014999999824
70,158.23051125,62,0.19230774999999767
61,158.23051125,62,0.19230774999999767
70,158.422819,62,0.4285715000000039
61,158.422819,62,0.4285715000000039
68,158.8513905,62,0.4285715000000039
59,158.8513905,62,0.4285715000000039
67,159.279962,62,0.4285715000000039
58,159.279962,62,0.4285715000000039
68,159.70853350000002,62,0.21428574999998773
59,159.70853350000002,62,0.42857149999997546
52,159.92281925,62,0.21428574999998773
63,159.92281925,62,0.21428574999998773
71,160.137105,62,0.21428574999998773
68,160.35139074999998,62,0.8571430000000078
54,161.85139099999998,62,0.09999999999999432
64,161.85139099999998,62,0.09999999999999432
67,161.95139099999997,62,0.09874999999999545
67,162.05014099999997,62,0.10124999999999318
75,162.15139099999996,88,0.30000000000001137
70,162.45139099999997,62,0.30000000000001137
73,162.45139099999997,62,0.30000000000001137
71,162.75139099999998,62,0.30000000000001137
63,162.75139099999998,49,0.30000000000001137
66,162.75139099999998,49,0.30000000000001137
70,163.051391,62,0.30000000000001137
62,163.051391,49,0.30000000000001137
65,163.051391,49,0.30000000000001137
56,163.051391,49,0.30000000000001137
71,163.351391,62,0.30000000000001137
63,163.351391,49,0.6000000000000227
66,163.351391,49,0.30000000000001137
57,163.351391,49,0.30000000000001137
68,163.65139100000002,62,0.30000000000001137
65,163.65139100000002,49,0.30000000000001137
59,163.65139100000002,49,0.30000000000001137
70,163.95139100000003,62,0.30000000000001137
62,163.95139100000003,49,0.30000000000001137
66,163.95139100000003,49,0.30000000000001137
56,163.95139100000003,49,0.30000000000001137
46,164.10139100000004,49,0.45000000000001705
68,164.25139100000004,62,0.30000000000001137
62,164.25139100000004,49,0.30000000000001137
65,164.25139100000004,49,0.30000000000001137
59,164.25139100000004,49,0.30000000000001137
66,164.55139100000005,62,0.30000000000001137
58,164.55139100000005,75,0.9000000000000341
51,164.55139100000005,49,0.30000000000001137
65,164.85139100000006,62,0.30000000000001137
56,164.85139100000006,49,0.30000000000001137
66,165.15139100000007,62,0.30000000000001137
54,165.15139100000007,49,0.30000000000001137
63,165.4513910000001,62,0.30000000000001137
57,165.4513910000001,49,0.30000000000001137
49,165.4513910000001,49,0.30000000000001137
48,165.7513910000001,62,0.09999999999999432
56,165.7513910000001,62,0.09999999999999432
63,165.8513910000001,62,0.09874999999999545
63,165.9501410000001,62,0.10124999999999318
68,166.05139100000008,88,0.30000000000001137
66,166.3513910000001,62,0.30000000000001137
64,166.6513910000001,62,0.30000000000001137
56,166.6513910000001,75,0.9000000000000341
49,166.6513910000001,49,0.30000000000001137
63,166.95139100000011,62,0.30000000000001137
54,166.95139100000011,49,0.30000000000001137
64,167.25139100000013,62,0.30000000000001137
52,167.25139100000013,49,0.6000000000000227
61,167.55139100000014,62,0.30000000000001137
55,167.55139100000014,75,0.30000000000001137
58,167.85139100000015,62,3.6000000000001364
55,167.85139100000015,49,0.30000000000001137
54,168.15139100000016,49,0.30000000000001137
52,168.45139100000017,49,0.30000000000001137
42,168.45139100000017,62,1.2000000000000455
51,168.75139100000018,49,0.30000000000001137
52,169.0513910000002,49,0.30000000000001137
49,169.3513910000002,49,0.30000000000001137
55,169.65139100000022,75,0.30000000000001137
54,169.95139100000023,49,0.30000000000001137
52,170.25139100000024,49,0.30000000000001137
42,170.25139100000024,62,1.2000000000000455
51,170.55139100000025,49,0.30000000000001137
52,170.85139100000026,49,0.30000000000001137
49,171.15139100000027,49,0.30000000000001137
58,171.45139100000029,49,1.8000000000000682
55,171.45139100000029,75,0.30000000000001137
54,171.7513910000003,49,0.30000000000001137
52,172.0513910000003,49,0.30000000000001137
42,172.0513910000003,62,1.2000000000000455
51,172.35139100000032,49,0.30000000000001137
52,172.65139100000033,49,0.30000000000001137
49,172.95139100000034,49,0.30000000000001137
59,173.25139100000035,49,1.2000000000000455
55,173.25139100000035,75,0.30000000000001137
54,173.55139100000036,49,0.30000000000001137
52,173.85139100000038,49,0.30000000000001137
42,173.85139100000038,62,1.2000000000000455
51,174.1513910000004,49,0.30000000000001137
58,174.4513910000004,49,0.6000000000000227
61,174.4513910000004,49,0.6000000000000227
52,174.4513910000004,49,0.30000000000001137
49,174.7513910000004,49,0.30000000000001137
58,175.05139100000042,49,1.6500000000000625
61,175.05139100000042,49,1.6500000000000625
55,175.05139100000042,75,0.30000000000001137
54,175.35139100000043,49,0.30000000000001137
52,175.65139100000044,49,0.30000000000001137
42,175.65139100000044,62,1.2000000000000455
51,175.95139100000046,49,0.30000000000001137
52,176.25139100000047,49,0.30000000000001137
49,176.55139100000048,49,0.30000000000001137
59,176.70139100000048,49,0.15000000000000568
62,176.70139100000048,49,0.15000000000000568
58,176.8513910000005,49,1.8000000000000398
61,176.8513910000005,49,1.8000000000000398
55,176.8513910000005,75,0.30000000000001137
54,177.1513910000005,49,0.30000000000001137
52,177.4513910000005,49,0.30000000000001137
42,177.4513910000005,62,1.200000000000017
51,177.75139100000052,49,0.30000000000001137
52,178.05139100000054,49,0.30000000000001137
49,178.35139100000055,49,0.29999999999998295
58,178.57639100000054,49,0.07499999999998863
61,178.57639100000054,49,0.07499999999998863
58,178.65139100000053,49,1.8000000000000682
61,178.65139100000053,49,1.8000000000000682
55,178.65139100000053,75,0.30000000000001137
54,178.95139100000054,49,0.30000000000001137
52,179.25139100000055,49,0.30000000000001137
42,179.25139100000055,62,1.2000000000000455
51,179.55139100000056,49,0.30000000000001137
52,179.85139100000058,49,0.30000000000001137
49,180.1513910000006,49,0.30000000000001137
58,180.4513910000006,49,1.2000000000000455
62,180.4513910000006,49,1.2000000000000455
55,180.4513910000006,75,0.30000000000001137
54,180.7513910000006,49,0.30000000000001137
52,181.05139100000062,49,0.30000000000001137
42,181.05139100000062,62,1.200000000000017
51,181.35139100000063,49,0.30000000000001137
58,181.65139100000064,49,0.5999999999999943
64,181.65139100000064,49,0.5999999999999943
52,181.65139100000064,49,0.30000000000001137
49,181.95139100000065,49,0.29999999999998295
58,182.17639100000065,49,0.07499999999998863
58,182.25139100000064,49,1.8000000000000398
64,182.25139100000064,49,1.8000000000000398
55,182.25139100000064,75,0.30000000000001137
54,182.55139100000065,49,0.30000000000001137
52,182.85139100000066,49,0.30000000000001137
42,182.85139100000066,62,1.200000000000017
51,183.15139100000067,49,0.30000000000001137
52,183.45139100000068,49,0.30000000000001137
49,183.7513910000007,49,0.29999999999998295
55,183.9763910000007,49,0.07499999999998863
58,183.9763910000007,49,0.07499999999998863
64,183.9763910000007,49,0.07499999999998863
58,184.05139100000068,49,2.3912620000000686
64,184.05139100000068,49,2.3912620000000686
73,184.05139100000068,49,2.3912620000000686
54,184.3513910000007,49,0.30000000000001137
52,184.6513910000007,49,0.30000000000001137
42,184.6513910000007,62,1.2000000000000455
51,184.9513910000007,49,0.30000000000001137
52,185.25139100000072,49,0.30000000000001137
49,185.55139100000073,49,0.30000000000001137
43,185.85139100000075,75,0.30000000000001137
55,185.85139100000075,75,0.30000000000001137
42,186.15139100000076,49,0.29126199999998903
54,186.15139100000076,49,0.29126199999998903
40,186.44265300000075,62,0.2830189999999959
52,186.44265300000075,62,0.2830189999999959
39,186.72567200000074,62,0.2752294999999947
51,186.72567200000074,62,0.2752294999999947
40,187.00090150000074,62,0.2654865000000086
52,187.00090150000074,62,0.2654865000000086
37,187.26638800000075,62,0.25862050000000636
49,187.26638800000075,62,0.25862050000000636
43,187.52500850000075,101,0.25210100000001034
55,187.52500850000075,101,0.25210100000001034
42,187.77710950000076,75,0.24590150000000222
54,187.77710950000076,75,0.24590150000000222
40,188.02301100000076,75,0.23809499999998707
52,188.02301100000076,75,0.23809499999998707
39,188.26110600000075,88,0.23809499999998707
51,188.26110600000075,88,0.23809499999998707
40,188.49920100000074,88,0.23809499999998707
52,188.49920100000074,88,0.23809499999998707
37,188.73729600000073,88,0.23809499999998707
49,188.73729600000073,88,0.23809499999998707
55,188.9753910000007,88,0.1577379375000021
43,188.9753910000007,114,0.47065299999999866
54,189.13312893750071,88,0.15787639583334112
52,189.29100533333406,88,0.15503866666665544
51,189.4460440000007,88,0.1505680312500033
44,189.4460440000007,114,0.4494944999999859
52,189.59661203125071,88,0.15077846874999068
49,189.7473905000007,88,0.14814799999999195
55,189.8955385000007,88,0.14298571874999766
45,189.8955385000007,114,0.42709500000000844
54,190.0385242187507,88,0.1432642812499978
52,190.1817885000007,88,0.140845000000013
51,190.3226335000007,88,0.1370689312500133
47,190.3226335000007,114,0.40959899999998584
52,190.45970243125072,88,0.13739506874998142
49,190.5970975000007,88,0.13513499999999112
55,190.7322325000007,114,0.13075663124999437
45,190.7322325000007,88,0.3947369999999921
52,190.7322325000007,88,0.3947369999999921
54,190.86298913125069,88,0.13240136875000985
52,190.9953905000007,88,0.1315789999999879
51,191.12696950000068,88,0.13075663124999437
42,191.12696950000068,88,0.3947369999999921
52,191.25772613125068,88,0.13240136875000985
49,191.3901275000007,88,0.1315789999999879
55,191.52170650000068,114,0.13075663124999437
47,191.52170650000068,88,0.3947369999999921
52,191.52170650000068,88,0.3947369999999921
54,191.65246313125067,88,0.13240136875000985
52,191.78486450000068,88,0.1315789999999879
51,191.91644350000067,88,0.13075663124999437
42,191.91644350000067,88,0.3947369999999921
52,192.04720013125066,88,0.13240136875000985
49,192.17960150000067,88,0.1315789999999879
57,192.31118050000066,127,0.13075663124999437
48,192.31118050000066,101,0.3947369999999921
54,192.31118050000066,101,0.3947369999999921
56,192.44193713125065,101,0.13240136875000985
55,192.57433850000066,101,0.1315789999999879
54,192.70591750000065,101,0.0
42,192.70591750000065,101,0.3947369999999921
55,192.83667413125065,101,0.13240136875000985
51,192.96907550000066,101,0.1315789999999879
52,193.10065450000064,127,0.13075663124999437
49,193.10065450000064,101,0.3947369999999921
58,193.10065450000064,101,0.3947369999999921
53,193.23141113125064,101,0.13240136875000985
54,193.36381250000065,101,0.1315789999999879
53,193.49539150000064,101,0.13075663124999437
42,193.49539150000064,101,0.3947369999999921
54,193.62614813125063,101,0.13240136875000985
55,193.75854950000064,101,0.1315789999999879
53,193.89012850000063,101,0.13075663124999437
42,193.89012850000063,101,0.3947369999999921
54,194.02088513125062,101,0.13240136875000985
55,194.15328650000063,101,0.1315789999999879
58,194.28486550000062,127,0.3947369999999921
61,194.28486550000062,127,0.3947369999999921
54,194.28486550000062,101,0.13075663124999437
55,194.41562213125061,101,0.13240136875000985
56,194.54802350000062,101,0.1315789999999879
61,194.6796025000006,127,0.3947369999999921
64,194.6796025000006,127,0.3947369999999921
55,194.6796025000006,101,0.13075663124999437
56,194.8103591312506,101,0.13240136875000985
57,194.94276050000062,101,0.1315789999999879
54,195.0743395000006,127,0.3947369999999921
62,195.0743395000006,127,0.3947369999999921
56,195.0743395000006,101,0.13075663124999437
57,195.2050961312506,101,0.13240136875000985
58,195.3374975000006,101,0.1315789999999879
59,195.4690765000006,127,0.12421875000001137
47,195.4690765000006,127,0.1875
50,195.4690765000006,127,0.1875
58,195.5932952500006,62,0.12578124999998863
59,195.7190765000006,62,0.125
58,195.8440765000006,62,0.12421875000001137
50,195.8440765000006,49,0.375
53,195.8440765000006,49,0.375
57,195.9682952500006,62,0.12578124999998863
56,196.0940765000006,62,0.125
57,196.2190765000006,62,0.12421875000001137
45,196.2190765000006,49,0.1875
49,196.2190765000006,49,0.1875
56,196.3432952500006,62,0.12578124999998863
57,196.4690765000006,62,0.125
56,196.5940765000006,62,0.12421875000001137
48,196.5940765000006,49,0.375
51,196.5940765000006,49,0.375
55,196.7182952500006,62,0.12578124999998863
54,196.8440765000006,62,0.125
55,196.9690765000006,62,0.12421875000001137
43,196.9690765000006,49,0.1875
47,196.9690765000006,49,0.1875
54,197.0932952500006,62,0.12578124999998863
55,197.2190765000006,62,0.125
54,197.3440765000006,62,0.12421875000001137
46,197.3440765000006,49,0.375
49,197.3440765000006,49,0.375
53,197.4682952500006,62,0.12578124999998863
52,197.5940765000006,62,0.125
51,197.7190765000006,62,0.12421875000001137
41,197.7190765000006,49,0.375
44,197.7190765000006,49,0.375
50,197.8432952500006,62,0.12578124999998863
49,197.9690765000006,62,0.125
47,198.0940765000006,88,0.375
35,198.0940765000006,49,0.375
38,198.0940765000006,49,0.375
42,198.0940765000006,49,0.375
47,198.4690765000006,62,0.12421875000001137
40,198.4690765000006,49,0.375
43,198.4690765000006,49,0.375
46,198.5932952500006,62,0.12578124999998863
47,198.7190765000006,62,0.125
49,198.8440765000006,62,0.12421875000001137
43,198.8440765000006,49,0.375
45,198.8440765000006,49,0.375
50,198.9682952500006,62,0.12578124999998863
49,199.0940765000006,62,0.125
52,199.0940765000006,62,0.125
50,199.2190765000006,88,0.12421875000001137
41,199.2190765000006,49,0.375
44,199.2190765000006,49,0.375
49,199.3432952500006,62,0.12578124999998863
47,199.4690765000006,62,0.125
46,199.5940765000006,62,0.12421875000001137
40,199.5940765000006,49,0.375
43,199.5940765000006,49,0.375
47,199.7182952500006,62,0.12578124999998863
46,199.8440765000006,62,0.125
49,199.8440765000006,62,0.125
47,199.9690765000006,62,0.12421875000001137
38,199.9690765000006,49,0.375
42,199.9690765000006,49,0.375
46,200.0932952500006,62,0.12578124999998863
47,200.2190765000006,62,0.125
49,200.3440765000006,62,0.12421875000001137
43,200.3440765000006,49,0.375
46,200.3440765000006,49,0.375
50,200.4682952500006,62,0.12578124999998863
49,200.5940765000006,62,0.125
52,200.5940765000006,62,0.125
50,200.7190765000006,88,0.12421875000001137
42,200.7190765000006,49,0.375
47,200.7190765000006,49,0.375
49,200.8432952500006,62,0.12578124999998863
47,200.9690765000006,62,0.125
46,201.0940765000006,62,0.12421875000001137
40,201.0940765000006,49,0.375
43,201.0940765000006,49,0.375
47,201.2182952500006,62,0.12578124999998863
45,201.3440765000006,62,0.125
49,201.3440765000006,62,0.125
50,201.4690765000006,62,0.12421875000001137
43,201.4690765000006,49,0.375
46,201.4690765000006,49,0.375
49,201.5932952500006,62,0.12578124999998863
50,201.7190765000006,62,0.125
52,201.8440765000006,62,0.12421875000001137
46,201.8440765000006,49,0.375
49,201.8440765000006,49,0.375
53,201.9682952500006,62,0.12578124999998863
52,202.0940765000006,62,0.125
55,202.0940765000006,62,0.125
53,202.2190765000006,88,0.12421875000001137
44,202.2190765000006,49,0.375
47,202.2190765000006,49,0.375
52,202.3432952500006,62,0.12578124999998863
50,202.4690765000006,62,0.125
49,202.5940765000006,62,0.12421875000001137
43,202.5940765000006,49,0.375
46,202.5940765000006,49,0.375
50,202.7182952500006,62,0.12578124999998863
49,202.8440765000006,62,0.125
52,202.8440765000006,62,0.125
50,202.9690765000006,62,0.12421875000001137
41,202.9690765000006,49,0.375
45,202.9690765000006,49,0.375
49,203.0932952500006,62,0.12578124999998863
50,203.2190765000006,62,0.125
52,203.3440765000006,62,0.12421875000001137
46,203.3440765000006,49,0.375
49,203.3440765000006,49,0.375
53,203.4682952500006,62,0.12578124999998863
52,203.5940765000006,62,0.125
55,203.5940765000006,62,0.125
53,203.7190765000006,88,0.12421875000001137
45,203.7190765000006,49,0.375
50,203.7190765000006,49,0.375
52,203.8432952500006,62,0.12578124999998863
50,203.9690765000006,62,0.125
53,204.0940765000006,75,0.12421875000001137
46,204.0940765000006,62,0.375
49,204.0940765000006,62,0.375
55,204.2182952500006,75,0.12578124999998863
58,204.3440765000006,75,0.125
56,204.4690765000006,101,0.12421875000001137
48,204.4690765000006,62,0.375
53,204.4690765000006,62,0.375
55,204.5932952500006,75,0.12578124999998863
53,204.7190765000006,75,0.125
56,204.8440765000006,75,0.12421875000001137
49,204.8440765000006,62,0.375
52,204.8440765000006,62,0.375
58,204.9682952500006,75,0.12578124999998863
61,205.0940765000006,75,0.125
59,205.2190765000006,101,0.12421875000001137
51,205.2190765000006,62,0.375
56,205.2190765000006,62,0.375
58,205.3432952500006,75,0.12578124999998863
56,205.4690765000006,75,0.125
59,205.5940765000006,75,0.12421875000001137
52,205.5940765000006,62,0.375
55,205.5940765000006,62,0.375
61,205.7182952500006,75,0.12578124999998863
64,205.8440765000006,75,0.125
62,205.9690765000006,114,0.12421875000001137
54,205.9690765000006,88,0.375
59,205.9690765000006,88,0.375
61,206.0932952500006,88,0.12578124999998863
59,206.2190765000006,88,0.125
58,206.3440765000006,88,0.12421875000001137
50,206.3440765000006,88,0.375
53,206.3440765000006,88,0.375
56,206.3440765000006,88,0.375
59,206.4682952500006,88,0.12578124999998863
62,206.5940765000006,88,0.125
65,206.7190765000006,101,0.12421875000001137
56,206.7190765000006,101,0.375
62,206.7190765000006,101,0.375
58,206.8432952500006,101,0.12578124999998863
70,206.8432952500006,101,0.12578124999998863
59,206.9690765000006,101,0.125
71,206.9690765000006,101,0.125
59,207.0940765000006,127,0.12421875000001137
62,207.0940765000006,127,0.0
71,207.0940765000006,127,0.12421875000001137
59,207.2182952500006,127,0.12578124999998863
64,207.2182952500006,127,0.12578124999998863
71,207.2182952500006,127,0.12578124999998863
59,207.3440765000006,127,0.125
65,207.3440765000006,127,0.125
71,207.3440765000006,127,0.125
59,207.4690765000006,101,0.0
62,207.4690765000006,101,0.02421874999998863
66,207.4690765000006,101,0.02421874999998863
71,207.4690765000006,101,0.0
67,207.59329525000058,101,0.025000000000005684
70,207.59329525000058,101,0.025000000000005684
62,207.7190765000006,101,0.025000000000005684
71,207.7190765000006,101,0.025000000000005684
70,207.8440765000006,101,0.3749999999999716
66,207.8440765000006,101,0.02421874999998863
61,207.96829525000058,101,0.12578124999998863
47,208.09407650000057,101,0.025000000000005684
54,208.09407650000057,101,0.025000000000005684
60,208.21907650000057,101,0.02421874999998863
69,208.21907650000057,101,0.02421874999998863
63,208.34329525000055,101,0.025000000000005684
68,208.34329525000055,101,0.025000000000005684
60,208.46907650000057,101,0.025000000000005684
69,208.46907650000057,101,0.025000000000005684
68,208.59407650000057,101,0.3749999999999716
64,208.59407650000057,101,0.02421874999998863
59,208.71829525000055,101,0.12578124999998863
47,208.84407650000054,101,0.025000000000005684
52,208.84407650000054,101,0.025000000000005684
59,208.96907650000054,101,0.02421874999998863
67,208.96907650000054,101,0.02421874999998863
62,209.09329525000052,101,0.025000000000005684
66,209.09329525000052,101,0.025000000000005684
58,209.21907650000054,101,0.025000000000005684
67,209.21907650000054,101,0.025000000000005684
66,209.34407650000054,101,0.3749999999999716
61,209.34407650000054,101,0.02421874999998863
57,209.46829525000052,101,0.12578124999998863
47,209.5940765000005,101,0.025000000000005684
57,209.7190765000005,101,0.02421874999998863
65,209.7190765000005,101,0.02421874999998863
60,209.8432952500005,101,0.025000000000005684
64,209.8432952500005,101,0.025000000000005684
55,209.9690765000005,101,0.025000000000005684
65,209.9690765000005,101,0.025000000000005684
64,210.0940765000005,101,0.3749999999999716
59,210.0940765000005,101,0.02421874999998863
55,210.2182952500005,101,0.12578124999998863
47,210.34407650000048,101,0.025000000000005684
64,210.46907650000048,101,0.02421874999998863
56,210.46907650000048,101,0.02421874999998863
63,210.59329525000047,101,0.025000000000005684
59,210.59329525000047,101,0.025000000000005684
64,210.71907650000048,101,0.025000000000005684
55,210.71907650000048,101,0.025000000000005684
63,210.84407650000048,101,0.02421874999998863
58,210.84407650000048,101,0.02421874999998863
62,210.96829525000047,101,0.025000000000005684
54,210.96829525000047,101,0.025000000000005684
61,211.09407650000048,101,0.025000000000005684
57,211.09407650000048,101,0.025000000000005684
62,211.21907650000048,101,0.02421874999998863
53,211.21907650000048,101,0.02421874999998863
61,211.34329525000047,101,0.025000000000005684
56,211.34329525000047,101,0.025000000000005684
62,211.46907650000048,101,0.025000000000005684
52,211.46907650000048,101,0.025000000000005684
61,211.59407650000048,101,0.02421874999998863
55,211.59407650000048,101,0.02421874999998863
60,211.71829525000047,101,0.025000000000005684
50,211.71829525000047,101,0.025000000000005684
59,211.84407650000048,101,0.025000000000005684
54,211.84407650000048,101,0.025000000000005684
59,211.96907650000048,127,0.9000000000000057
49,211.96907650000048,127,1.200000000000017
54,211.96907650000048,127,1.200000000000017
30,212.56907650000048,127,1.9125000000000512
42,212.56907650000048,127,1.9125000000000512
58,212.8690765000005,127,0.15000000000000568
70,212.8690765000005,127,0.15000000000000568
59,213.0190765000005,127,0.15000000000000568
71,213.0190765000005,127,0.15000000000000568
70,213.1690765000005,127,0.7500000000000284
58,213.1690765000005,101,0.15000000000000568
61,213.1690765000005,101,0.15000000000000568
66,213.1690765000005,101,0.15000000000000568
71,213.3190765000005,101,0.15000000000000568
58,213.4690765000005,101,0.15000000000000568
61,213.4690765000005,101,0.15000000000000568
66,213.4690765000005,101,0.15000000000000568
71,213.61907650000052,101,0.15000000000000568
58,213.76907650000052,101,0.15000000000000568
61,213.76907650000052,101,0.15000000000000568
66,213.76907650000052,101,0.15000000000000568
56,213.91907650000053,127,0.1875
68,213.91907650000053,127,0.1875
58,214.10657650000053,127,0.1875
70,214.10657650000053,127,0.1875
59,214.29407650000053,127,0.1875
71,214.29407650000053,127,0.1875
23,214.48157650000053,127,4.5
35,214.48157650000053,127,4.5
59,214.66907650000053,127,4.5
62,214.66907650000053,127,4.5
66,214.66907650000053,127,4.5
71,214.66907650000053,127,4.5
