59,0,38,0.7229166666666667
64,1.275,48,1.46875
56,1.275,21,0.9145833333333333
40,1.3041666666666665,34,2.3833333333333337
47,2.13125,19,0.5958333333333332
59,2.1395833333333334,26,0.6229166666666663
63,2.6666666666666665,46,0.5479166666666666
56,2.6791666666666667,25,0.5291666666666663
64,3.1604166666666664,63,0.6083333333333338
59,3.165625,34,0.41979166666666634
47,3.1687499999999997,25,0.4708333333333332
66,3.6624999999999996,52,2.5104166666666687
63,3.6687499999999997,29,2.5104166666666683
57,3.68125,31,0.5020833333333337
35,3.716666666666667,33,1.7604166666666679
59,4.208333333333334,26,0.27500000000000036
47,4.218750000000001,16,0.5708333333333337
57,4.733333333333334,21,0.47500000000000053
59,5.275000000000001,20,0.5083333333333337
47,5.293750000000001,14,0.44791666666666696
57,5.850000000000001,23,0.2645833333333334
35,5.889583333333335,20,2.3708333333333327
68,6.535416666666668,60,0.2999999999999998
59,6.552083333333335,21,0.23958333333333304
47,6.554166666666668,17,0.6458333333333339
68,7.066666666666668,61,0.5812499999999998
63,7.093750000000002,41,0.7520833333333332
57,7.104166666666669,17,0.30624999999999947
66,7.562500000000002,60,0.38333333333333286
59,7.585416666666668,33,0.22083333333333321
47,7.606250000000001,24,0.4270833333333339
68,8.175000000000002,54,2.5916666666666632
56,8.179166666666669,37,0.6374999999999975
64,8.181250000000002,27,2.393749999999997
40,8.189583333333335,36,1.6687499999999993
47,8.904166666666667,22,0.5250000000000004
59,8.910416666666666,33,0.3291666666666675
56,9.40625,26,0.3291666666666675
59,9.889583333333334,31,0.32083333333333286
47,9.895833333333334,13,0.38124999999999964
56,10.35,26,0.18958333333333321
40,10.3875,38,2.224999999999998
69,11.016666666666666,54,0.27291666666666714
47,11.054166666666665,23,0.6000000000000014
64,11.072916666666666,19,0.15208333333333357
69,11.495833333333334,69,0.5124999999999993
59,11.55625,23,0.2916666666666661
68,11.964583333333334,78,0.3749999999999982
64,12.008333333333333,38,0.16041666666666643
47,12.020833333333332,23,0.3145833333333332
73,12.562499999999998,74,0.9791666666666643
63,12.595833333333331,39,0.5729166666666661
35,12.604166666666664,26,2.4062499999999947
69,13.206249999999997,20,0.22708333333333286
47,13.216666666666663,18,0.5229166666666654
59,13.799999999999995,23,0.1083333333333325
71,14.268749999999995,73,0.2979166666666657
63,14.306249999999995,29,0.5312499999999982
47,14.314583333333328,24,0.529166666666665
69,14.758333333333328,58,0.560416666666665
59,14.802083333333327,22,0.5020833333333332
40,14.80416666666666,40,1.9104166666666664
68,15.256249999999993,54,0.5166666666666675
64,15.281249999999993,38,0.21041666666666714
47,15.287499999999993,29,0.6791666666666671
63,15.749999999999995,54,0.5229166666666654
56,15.762499999999994,30,0.3520833333333311
64,16.187499999999993,61,0.5270833333333336
59,16.202083333333327,33,0.31666666666666643
47,16.231249999999992,26,0.31666666666666643
66,16.64999999999999,39,2.3500000000000014
61,16.64999999999999,32,0.5
57,16.664583333333326,29,0.43333333333333357
35,16.67291666666666,29,1.6104166666666657
63,17.127083333333324,38,0.44166666666666643
47,17.135416666666657,21,0.5437499999999993
59,17.153124999999992,26,0.45937499999999787
61,17.57916666666666,33,0.5
57,17.59999999999999,24,0.34375
63,18.070833333333326,25,0.5437499999999957
47,18.073958333333326,21,0.4302083333333293
59,18.08749999999999,21,0.3562499999999993
61,18.63749999999999,24,0.29791666666666927
57,18.647916666666656,19,0.24583333333333357
35,18.679166666666656,23,2.3916666666666764
68,19.324999999999992,51,0.310416666666665
47,19.354166666666657,19,0.7041666666666693
63,19.358333333333324,33,0.28125
59,19.364583333333325,8,0.24583333333333357
68,19.864583333333325,61,0.5937500000000071
57,19.89999999999999,21,0.2604166666666714
61,19.902083333333326,28,0.42500000000000426
66,20.372916666666665,44,0.9250000000000007
59,20.40625,20,0.2979166666666657
63,20.41875,24,0.3291666666666657
47,20.447916666666664,17,0.30833333333333357
56,21.083333333333332,20,0.529166666666665
64,21.09270833333333,42,1.8333333333333321
40,21.099999999999998,18,0.8979166666666671
59,21.791666666666664,14,0.2312499999999993
47,21.794791666666665,11,0.5031249999999972
56,22.281249999999996,22,0.2375000000000007
47,22.78958333333333,19,0.7999999999999972
59,22.791666666666664,15,0.21249999999999858
68,23.556249999999995,32,0.5937500000000036
62,23.58541666666666,16,0.5
40,23.599999999999994,32,1.983333333333345
69,24.099999999999994,47,0.5125000000000064
64,24.14583333333333,31,0.1958333333333364
52,24.147916666666664,31,0.5437500000000028
66,24.535416666666666,57,0.4791666666666714
62,24.577083333333334,32,0.1875
68,24.931250000000002,69,0.46875000000000355
52,24.977083333333336,38,0.40625000000000355
64,24.987500000000004,26,0.07083333333333286
69,25.34583333333334,63,0.5208333333333393
61,25.360416666666673,38,0.43750000000000355
45,25.379166666666674,34,1.2666666666666764
71,25.791666666666675,78,0.4562500000000078
52,25.839583333333344,44,0.443750000000005
64,25.84166666666668,24,0.16041666666666643
68,26.195833333333347,78,0.48125000000000284
61,26.229166666666682,27,0.21666666666666856
69,26.60208333333335,73,0.5874999999999986
64,26.629166666666684,48,0.26874999999999716
52,26.632291666666685,45,0.24895833333333073
73,27.091666666666683,66,0.8708333333333371
61,27.118750000000016,38,0.46666666666666856
45,27.141666666666683,37,1.9854166666666657
54,27.70625000000002,31,0.59375
64,27.716666666666686,42,0.220833333333335
66,28.170833333333352,62,1.6583333333333314
61,28.197916666666686,38,0.45624999999999716
64,28.641666666666683,41,0.24583333333333357
54,28.641666666666683,29,0.39583333333333215
47,29.05416666666668,34,1.7583333333333364
59,29.057291666666682,40,0.40729166666666927
64,29.457291666666684,51,0.35104166666666714
54,29.468750000000018,34,0.6583333333333314
70,29.797916666666683,49,0.07708333333333073
68,29.837500000000016,67,0.5333333333333314
59,29.862500000000015,49,0.41666666666666785
66,30.281250000000018,65,1.43333333333333
54,30.310416666666683,40,0.4250000000000007
64,30.331250000000015,39,0.3249999999999993
49,30.68958333333335,43,2.064583333333335
58,30.70208333333335,33,0.6125000000000043
54,31.187500000000018,29,0.6437499999999972
64,31.202083333333352,44,0.32291666666666785
70,31.572916666666686,44,0.11666666666666359
68,31.647916666666685,61,0.493749999999995
58,31.668750000000017,28,0.375
66,32.08958333333335,69,0.7645833333333272
54,32.12083333333335,38,0.3291666666666657
64,32.131250000000016,46,0.07083333333333286
71,32.73958333333335,67,1.870833333333323
63,32.754166666666684,41,1.9062499999999858
57,32.754166666666684,33,0.39374999999999716
47,32.79583333333335,28,1.9395833333333172
59,33.412500000000016,38,0.18124999999999858
54,33.42291666666668,24,0.3333333333333357
57,33.92916666666668,27,0.2291666666666643
59,34.50416666666668,24,0.31458333333332433
54,34.51458333333334,14,0.20208333333332718
68,35.31458333333333,24,1.4583333333333357
56,35.324999999999996,24,0.6875
64,35.324999999999996,43,1.3770833333333385
40,35.33125,30,1.9833333333333414
59,36.15833333333333,28,0.26875000000000426
47,36.172916666666666,20,0.5625
63,36.69166666666667,62,0.5395833333333329
56,36.7125,15,0.34166666666666856
64,37.170833333333334,73,0.5208333333333357
59,37.19375,35,0.18125000000000568
47,37.2,26,0.3395833333333371
66,37.63750000000001,52,2.389583333333327
63,37.652083333333344,41,2.36666666666666
57,37.65520833333334,37,0.4697916666666586
35,37.681250000000006,36,1.37083333333333
59,38.125,34,0.40208333333333
47,38.15,24,0.3999999999999986
57,38.59375,22,0.40625
47,39.081250000000004,27,0.5208333333333357
59,39.087500000000006,28,0.45000000000000284
57,39.70000000000001,20,0.21666666666666146
35,39.70312500000001,18,2.3447916666666657
68,40.2875,61,0.3083333333333371
47,40.33541666666667,19,0.6187500000000057
59,40.34375,14,0.22291666666666998
68,40.82291666666667,57,0.5656250000000043
57,40.85208333333334,20,0.21666666666666856
63,40.86041666666667,31,0.7020833333333343
66,41.32291666666668,41,0.6458333333333286
59,41.35416666666668,27,0.20208333333332718
47,41.38541666666668,20,0.49166666666666003
68,41.97708333333334,38,2.2624999999999886
56,41.98541666666667,17,0.5395833333333329
64,42.022916666666674,23,2.124999999999993
40,42.022916666666674,27,0.5708333333333329
47,42.66666666666667,15,0.4229166666666657
59,42.66666666666667,26,0.2395833333333357
56,43.13125,24,0.2604166666666643
59,43.583333333333336,27,0.1979166666666643
47,43.59166666666667,21,0.3999999999999986
56,44.05416666666667,31,0.1041666666666643
40,44.077083333333334,27,1.4395833333333243
69,44.512499999999996,47,0.25208333333333144
47,44.53124999999999,30,0.4895833333333357
64,44.54583333333333,29,0.18124999999999858
69,44.970833333333324,75,0.4854166666666657
59,45.006249999999994,38,0.2749999999999986
68,45.414583333333326,79,0.35625000000000284
64,45.45208333333333,34,0.14999999999999858
47,45.45416666666666,29,0.24166666666666714
73,45.96666666666666,71,0.7333333333333272
63,46.02916666666666,28,0.52708333333333
35,46.037499999999994,35,2.2437500000000057
69,46.62083333333332,23,0.16979166666666856
47,46.64791666666665,23,0.2812500000000071
59,47.15416666666666,25,0.10625000000000284
71,47.60208333333333,68,0.26249999999999574
63,47.62083333333333,31,0.56666666666667
47,47.64583333333333,19,0.4854166666666657
69,48.11458333333333,41,0.5520833333333428
59,48.15208333333333,18,0.5541666666666742
40,48.15625,33,1.6187500000000057
68,48.618750000000006,44,0.26875000000000426
47,48.650000000000006,24,0.4833333333333414
64,48.65833333333334,27,0.18541666666666856
63,49.04791666666668,50,0.4583333333333286
56,49.04791666666668,39,0.1875
64,49.48125000000001,62,0.32083333333332575
59,49.51458333333334,30,0.17499999999999716
47,49.522916666666674,23,0.21249999999999858
66,49.987500000000004,42,2.22291666666667
57,50.00833333333334,25,0.41875000000000284
61,50.01458333333334,28,0.4583333333333357
35,50.01458333333334,30,1.4583333333333357
63,50.46250000000001,30,0.3916666666666657
59,50.48750000000001,27,0.33645833333333286
47,50.527083333333344,21,0.29375000000000284
61,50.88958333333335,28,0.4583333333333286
57,50.90000000000001,20,0.30416666666666714
63,51.35416666666668,22,0.4791666666666643
59,51.375000000000014,12,0.20208333333332718
47,51.38333333333335,13,0.3333333333333286
61,51.84791666666668,23,0.30833333333333
57,51.86250000000001,19,0.20624999999999716
35,51.88125000000001,27,2.3312500000000043
68,52.51666666666667,41,0.32500000000000284
47,52.54791666666667,20,0.5708333333333329
63,52.56666666666667,10,0.56666666666667
59,52.57083333333334,3,0.26250000000000284
68,53.09583333333334,40,0.5833333333333357
61,53.118750000000006,30,0.33125000000000426
57,53.13958333333334,11,0.21875
66,53.66041666666668,33,0.7604166666666643
63,53.68750000000001,23,0.2395833333333357
47,53.69166666666668,18,0.2979166666666657
59,53.69583333333335,22,0.24166666666666003
64,54.277083333333344,38,1.60833333333332
56,54.279166666666676,11,0.5625
40,54.306250000000006,23,0.6999999999999957
47,54.962500000000006,20,0.2458333333333229
59,54.965625,13,0.1927083333333286
56,55.47291666666666,19,0.20416666666666572
59,55.916666666666664,22,0.11041666666666572
47,55.947916666666664,17,0.11249999999999716
71,56.61458333333333,51,0.5770833333333343
62,56.64791666666666,14,0.25208333333333144
40,56.65416666666666,31,1.9583333333333357
66,56.65624999999999,8,0.3187500000000014
73,57.15416666666666,57,0.22708333333333997
64,57.18333333333333,33,0.15416666666666856
68,57.18333333333333,30,0.22083333333333854
52,57.18645833333333,35,0.45520833333333854
73,57.58958333333334,68,0.2812499999999929
62,57.61666666666667,39,0.22708333333333286
66,57.63333333333333,22,0.16250000000000142
71,57.99583333333333,82,0.47083333333333144
68,58.016666666666666,33,0.1041666666666643
64,58.02916666666667,39,0.08124999999999716
52,58.045833333333334,31,0.3124999999999929
69,58.418749999999996,58,0.5250000000000057
61,58.418749999999996,44,0.40833333333333854
45,58.443749999999994,29,1.1625000000000085
71,58.88333333333333,64,0.4312500000000057
64,58.91875,35,0.36666666666666714
52,58.925000000000004,36,0.35208333333333286
68,59.27916666666667,61,0.3687499999999986
61,59.30833333333334,32,0.12291666666666856
69,59.68125,46,0.1041666666666714
52,59.69375,49,0.05416666666666714
64,59.696875,38,0.057291666666671404
75,60.1625,51,0.5562500000000057
44,60.18333333333334,56,1.9562500000000043
66,60.18958333333334,14,0.3270833333333414
72,60.19375000000001,28,0.5062500000000014
76,60.67500000000001,65,0.24166666666666003
68,60.685416666666676,35,0.23124999999999574
56,60.73541666666667,33,0.4541666666666586
76,61.075,72,0.42499999999999005
66,61.083333333333336,51,0.21041666666666003
70,61.108333333333334,32,0.08437499999999432
75,61.474999999999994,76,0.24791666666666856
68,61.48958333333333,42,0.1979166666666643
56,61.49166666666666,50,0.39166666666667993
72,61.49791666666666,57,0.06666666666666288
73,61.85208333333333,72,0.46666666666667567
49,61.864583333333336,59,1.0604166666666686
64,61.87708333333334,52,0.5833333333333357
75,62.25625000000001,72,0.33541666666666714
68,62.26875000000001,49,0.4333333333333229
56,62.32083333333334,34,0.33541666666666714
72,62.647916666666674,73,0.30833333333333
64,62.659375000000004,49,0.26770833333333144
73,63.06041666666667,70,0.20000000000000284
68,63.06875,50,0.125
56,63.081250000000004,34,0.125
76,63.552083333333336,71,0.2875000000000085
58,63.5625,29,0.23125000000000995
64,63.56875,50,0.22500000000000853
49,63.57291666666667,30,0.2291666666666714
70,63.575,32,0.30416666666667425
52,63.57916666666667,44,0.22500000000000142
54,63.585416666666674,34,0.2395833333333357
78,64.00625000000001,79,0.1979166666666572
70,64.00625000000001,41,0.2041666666666515
66,64.01458333333335,52,0.21041666666664582
54,64.02083333333334,31,0.09166666666665435
49,64.02291666666667,42,0.16458333333332575
52,64.02395833333334,51,0.07187499999999147
58,64.02708333333334,38,0.14166666666666572
75,64.39791666666666,86,0.23541666666666572
63,64.41041666666666,75,0.17916666666666003
70,64.41354166666666,46,0.19062499999999716
58,64.41354166666666,46,0.1510416666666572
49,64.42083333333332,54,0.15416666666666856
54,64.42708333333331,56,0.12916666666666288
52,64.43020833333331,60,0.08229166666666288
76,64.77499999999999,94,0.21666666666666856
58,64.78541666666666,55,0.16041666666666288
64,64.78541666666666,89,0.14999999999999147
70,64.78541666666666,62,0.24583333333333712
49,64.78541666666666,59,0.22083333333333144
54,64.80624999999999,53,0.13958333333333428
52,64.81249999999999,55,0.06666666666666288
78,65.14375,98,0.3083333333333371
66,65.15625,73,0.23749999999999716
58,65.16041666666666,50,0.19374999999999432
48,65.16041666666666,63,0.24583333333333712
70,65.1625,59,0.23333333333333428
54,65.16458333333333,55,0.23333333333333428
52,65.16458333333333,64,0.21458333333333712
80,65.54583333333333,100,0.19166666666666288
70,65.55833333333334,68,0.16458333333332575
68,65.5625,78,0.23749999999999716
58,65.5625,46,0.1145833333333286
48,65.56875,58,0.20416666666666572
52,65.58125,54,0.0729166666666714
54,65.58125,47,0.09166666666666856
76,65.94791666666666,98,0.2624999999999744
58,65.95416666666665,50,0.2499999999999858
64,65.95833333333331,87,0.2499999999999858
48,65.96666666666665,57,0.2354166666666515
70,65.96979166666665,43,0.307291666666643
52,65.97708333333331,50,0.21875
54,65.9833333333333,42,0.23333333333332007
78,66.39166666666662,100,0.33124999999999716
58,66.40833333333329,52,0.11874999999999147
66,66.41145833333329,66,0.15520833333333428
48,66.41145833333329,62,0.14687499999999432
54,66.41666666666661,43,0.0833333333333286
52,66.42291666666661,48,0.06041666666666856
70,66.43124999999995,44,0.11041666666666572
59,67.01874999999995,67,3.9499999999999886
80,67.02083333333329,96,2.0916666666666828
76,67.02708333333328,55,2.6625000000000227
68,67.02916666666661,70,0.5604166666666686
56,67.02916666666661,50,3.6937499999999943
47,67.0354166666666,54,4.418750000000003
52,67.04374999999995,61,3.950000000000003
71,67.63749999999995,54,0.46666666666666856
68,68.13124999999995,36,0.29375000000000284
71,68.5895833333333,41,0.25833333333333997
68,69.05416666666663,34,0.6187500000000057
78,69.6583333333333,70,0.5958333333333172
71,69.7208333333333,20,0.44999999999998863
76,70.1333333333333,72,0.4489583333333087
68,70.14999999999996,30,0.26249999999998863
73,70.54374999999995,73,0.6687500000000028
71,70.57916666666661,47,0.08541666666666003
75,71.03749999999995,64,1.6895833333333314
54,71.07499999999995,34,1.0479166666666657
63,71.08541666666662,24,0.42916666666666003
59,71.61874999999995,23,0.19374999999999432
66,71.62083333333328,23,0.40833333333333144
63,72.09374999999994,20,0.25208333333333144
47,72.14583333333327,15,0.637500000000017
66,72.54374999999995,17,0.17499999999999716
59,72.57708333333328,18,0.09166666666666856
76,73.15416666666663,41,0.5874999999999915
49,73.17916666666663,28,1.5708333333333115
64,73.18541666666663,31,0.4624999999999915
75,73.67083333333328,55,0.26250000000000284
68,73.67916666666662,26,0.28958333333332575
56,73.71249999999995,20,0.23541666666666572
73,74.10833333333328,56,0.4479166666666714
44,74.14791666666662,27,1.4312500000000057
64,74.17083333333328,31,0.2770833333333371
68,74.54791666666661,62,0.53125
56,74.60833333333328,23,0.3187499999999943
71,75.0416666666666,62,1.497916666666697
59,75.06249999999994,31,0.49166666666667425
51,75.09374999999994,25,1.0291666666666828
63,75.56666666666662,26,0.21875
56,75.60208333333328,15,0.2395833333333428
59,76.0270833333333,23,0.28333333333333144
44,76.03333333333329,23,0.6229166666666686
63,76.48541666666662,31,0.16458333333333997
56,76.52499999999996,9,0.08958333333333712
73,77.17499999999995,36,0.45624999999999716
61,77.20624999999995,14,0.5437500000000028
45,77.22916666666661,18,2.0729166666666856
71,77.8708333333333,32,0.5875000000000057
52,77.91249999999997,15,0.17083333333333428
64,77.9333333333333,10,0.10625000000000284
61,78.39374999999997,17,0.4229166666666657
69,78.3958333333333,27,0.2916666666666714
40,78.44374999999997,29,1.879166666666677
64,78.8833333333333,40,0.20000000000000284
52,78.9083333333333,24,0.26874999999999716
68,79.56874999999997,43,4.495833333333351
56,79.57916666666664,25,0.6395833333333485
47,79.60624999999997,23,1.1312500000000085
59,80.24999999999999,25,0.22708333333332575
52,80.25624999999998,24,0.15625
56,80.74374999999998,17,0.21250000000000568
40,80.75208333333332,32,0.36249999999999716
59,81.20208333333332,23,0.1145833333333286
52,81.20833333333331,21,0.11041666666666572
56,81.60624999999997,18,0.24791666666666856
47,81.6395833333333,10,0.17499999999999716
59,82.09166666666664,10,0.10625000000000284
52,82.09166666666664,9,0.17916666666667425
56,82.50416666666665,7,0.2395833333333428
40,82.54583333333332,20,0.2083333333333428
59,83.06875,17,0.22083333333333144
47,83.10208333333333,12,0.1979166666666714
47,83.475,2,3.981250000000003
56,83.88125,10,2.8854166666666714
52,83.90208333333332,12,3.45416666666668
40,84.02708333333332,2,3.437500000000014
68,84.68333333333332,17,0.37291666666666856
66,85.13541666666666,3,0.23125000000000284
64,85.72083333333333,19,1.1833333333333371
68,87.62916666666668,24,0.40937499999998295
76,87.62916666666668,34,0.4229166666666515
75,88.03333333333333,41,0.31458333333333144
66,88.05416666666666,20,0.20416666666666572
68,88.34583333333333,34,0.29999999999999716
76,88.35208333333333,34,0.31458333333333144
71,88.6625,53,0.2770833333333371
63,88.67708333333333,28,0.16875000000000284
75,88.95833333333333,47,0.35208333333332575
42,88.98541666666667,24,0.14791666666666003
66,88.99166666666666,24,0.2906249999999915
73,89.27708333333332,52,0.2958333333333343
64,89.28749999999998,42,0.24583333333333712
58,89.29791666666665,22,0.08124999999999716
75,89.55833333333332,62,0.25208333333333144
66,89.57916666666665,30,0.3333333333333286
42,89.60208333333331,28,0.1666666666666714
68,89.83749999999999,57,0.2874999999999801
63,89.84166666666665,52,0.10624999999998863
59,89.87916666666665,33,0.056249999999991473
71,90.08749999999998,71,0.3291666666666515
64,90.11041666666664,52,0.36666666666666003
42,90.14166666666664,47,0.11249999999999716
70,90.3708333333333,60,0.3072916666666572
61,90.39791666666663,55,0.08958333333333712
73,90.63541666666663,58,0.23333333333332007
68,90.63749999999996,57,0.21666666666665435
59,90.67499999999995,33,0.0833333333333286
66,90.88958333333328,64,0.1875
58,90.91666666666661,31,0.11041666666666572
70,91.11458333333327,44,0.16458333333332575
68,91.1479166666666,53,0.3229166666666714
64,91.1666666666666,59,0.29375000000000284
47,91.18333333333327,25,0.21041666666666003
63,91.43958333333326,42,0.1604166666666771
66,91.45208333333326,47,0.3541666666666856
54,91.46249999999993,37,0.2395833333333428
70,91.74583333333328,42,0.13125000000000853
68,91.81145833333328,36,0.4218750000000142
64,91.82083333333328,39,0.4020833333333371
59,91.83124999999995,31,0.4958333333333371
66,92.24791666666663,33,0.2770833333333371
63,92.25208333333329,31,0.23333333333333428
76,92.7395833333333,44,0.4083333333333172
68,92.7520833333333,28,0.3437499999999858
75,93.10624999999996,59,0.3020833333333286
66,93.11041666666662,22,0.2291666666666572
68,93.39999999999995,46,0.3395833333333371
76,93.41249999999995,61,0.24791666666666856
63,93.68541666666663,49,0.08541666666666003
71,93.68541666666663,67,0.25
75,93.95208333333329,61,0.30000000000001137
66,93.97499999999995,31,0.18125000000000568
42,93.98124999999995,33,0.14166666666666572
73,94.23124999999996,64,0.2875000000000085
64,94.24166666666663,49,0.16458333333333997
58,94.24999999999997,27,0.07708333333333428
75,94.49791666666664,69,0.16874999999997442
66,94.52187499999997,38,0.3281249999999716
42,94.54374999999996,41,0.08541666666666003
68,94.76041666666661,63,0.28125
63,94.76666666666661,47,0.10833333333333428
59,94.78333333333327,36,0.06041666666666856
71,95.01249999999995,64,0.26875000000001137
64,95.02499999999995,56,0.22500000000000853
42,95.03124999999994,44,0.06666666666667709
70,95.26041666666663,53,0.2541666666666629
61,95.29583333333329,45,0.07916666666666572
68,95.53124999999996,48,0.2874999999999943
73,95.53437499999995,42,0.22812499999999147
59,95.55624999999995,38,0.1458333333333286
66,95.83749999999995,41,0.13958333333333428
58,95.84791666666662,27,0.11041666666666572
70,96.09166666666661,35,0.12499999999998579
68,96.13333333333327,34,0.3125
64,96.13958333333326,50,0.24375000000000568
47,96.14374999999993,23,0.23750000000001137
63,96.44895833333327,41,0.19687500000000568
66,96.44895833333327,34,0.2239583333333428
54,96.45833333333327,34,0.23125000000000284
70,96.71249999999993,32,0.08124999999999716
68,96.77708333333327,31,0.4541666666666657
64,96.80833333333327,25,0.4260416666666629
59,96.82499999999993,26,0.44583333333332575
63,97.27291666666659,24,0.11874999999999147
66,97.27708333333325,24,0.17916666666666003
78,97.72083333333323,57,0.2395833333333286
69,97.73541666666657,29,0.19166666666666288
68,98.09583333333323,42,0.28333333333333144
76,98.09895833333323,53,0.2906249999999915
78,98.38333333333323,61,0.2666666666666657
69,98.40416666666655,40,0.07916666666666572
73,98.66458333333323,60,0.24583333333333712
64,98.68333333333322,44,0.05833333333333712
76,98.93333333333322,60,0.28125
68,98.9437499999999,46,0.07916666666666572
44,98.95833333333323,36,0.0729166666666714
75,99.1874999999999,68,0.2562499999999943
66,99.19270833333323,37,0.09374999999998579
60,99.22916666666656,12,0.054166666666660035
76,99.42499999999988,74,0.16458333333333997
68,99.43333333333322,47,0.13958333333333428
44,99.44583333333323,56,0.06874999999999432
70,99.66666666666656,65,0.2874999999999943
64,99.67291666666655,47,0.0625
61,99.67708333333321,46,0.06145833333333428
73,99.92083333333322,64,0.2708333333333286
66,99.93124999999989,52,0.32500000000000284
44,99.95624999999988,61,0.09791666666666288
72,100.17083333333322,67,0.26875000000001137
63,100.21666666666655,50,0.11875000000000568
75,100.4249999999999,68,0.23541666666666572
69,100.43958333333323,51,0.08749999999999147
61,100.46249999999989,44,0.0729166666666714
68,100.66666666666656,68,0.11249999999999716
60,100.69166666666656,49,0.08124999999999716
71,100.86458333333321,69,0.14374999999998295
66,100.9083333333332,52,0.3333333333333002
69,100.9145833333332,57,0.29583333333330586
49,100.92291666666654,39,0.14999999999999147
68,101.19062499999986,62,0.1406249999999858
64,101.19791666666652,62,0.11666666666666003
56,101.20416666666651,32,0.12708333333333144
71,101.47083333333318,64,0.07916666666666572
61,101.53749999999984,24,0.35833333333332007
66,101.54062499999984,37,0.3593749999999858
69,101.54999999999984,44,0.3291666666666515
68,101.8916666666665,47,0.1354166666666572
64,101.89791666666649,38,0.0625
78,102.19374999999982,72,0.22708333333332575
69,102.21666666666648,38,0.13750000000000284
68,102.49999999999982,58,0.05833333333333712
76,102.50833333333316,62,0.2708333333333428
78,102.75416666666649,72,0.125
69,102.76874999999983,48,0.0729166666666714
73,102.9979166666665,71,0.19166666666666288
64,103.0104166666665,67,0.04999999999999716
68,103.25208333333316,52,0.07291666666665719
76,103.25520833333316,68,0.2593750000000057
44,103.25520833333316,50,0.07187499999999147
75,103.48749999999983,69,0.2562499999999943
66,103.4979166666665,44,0.07708333333332007
60,103.50833333333317,39,0.06041666666665435
76,103.72499999999982,71,0.15416666666665435
68,103.72916666666649,50,0.22708333333332575
44,103.74791666666648,54,0.054166666666660035
70,103.95833333333314,69,0.3020833333333286
61,103.96458333333314,54,0.056250000000005684
64,103.97291666666648,51,0.054166666666660035
73,104.2124999999998,64,0.28125
66,104.22083333333315,55,0.3020833333333286
44,104.22499999999981,68,0.07916666666666572
72,104.47291666666646,73,0.21875
63,104.48333333333314,62,0.07708333333333428
75,104.71666666666647,67,0.1770833333333428
69,104.73333333333314,50,0.07916666666667993
61,104.74791666666647,54,0.056250000000005684
68,104.95208333333315,65,0.11874999999999147
60,104.97083333333315,61,0.054166666666660035
71,105.15416666666647,66,0.14375000000001137
69,105.20416666666647,62,0.3187500000000085
66,105.2124999999998,46,0.33541666666667425
49,105.22083333333315,54,0.09375
68,105.50208333333315,62,0.2645833333333343
64,105.50416666666648,59,0.24583333333333712
56,105.52291666666648,43,0.06041666666666856
71,105.75416666666648,66,0.15625
69,105.77916666666648,63,0.2499999999999858
66,105.78229166666648,44,0.19062499999999716
61,105.78749999999981,54,0.15208333333333712
68,106.01041666666647,70,0.15625
64,106.01874999999981,66,0.14791666666666003
49,106.0249999999998,64,0.09166666666666856
71,106.21041666666648,78,0.14166666666666572
69,106.23333333333314,82,0.29791666666667993
66,106.2499999999998,51,0.22916666666668561
47,106.26458333333314,63,0.11666666666667425
68,106.48749999999983,78,0.22499999999999432
64,106.49166666666649,75,0.2916666666666714
62,106.52499999999982,51,0.052083333333328596
69,106.75208333333316,73,0.12291666666666856
66,106.75208333333316,64,0.09583333333333144
52,106.77291666666649,71,0.04791666666666572
68,107.03749999999982,67,0.15625
71,107.03749999999982,89,0.13124999999999432
47,107.06041666666648,43,0.056250000000005684
69,107.43541666666648,64,0.5333333333333314
73,107.43541666666648,78,0.4333333333333371
45,107.44791666666649,54,0.32500000000000284
61,107.75833333333316,62,0.1458333333333286
64,107.76145833333315,65,0.13645833333333712
52,107.77499999999982,65,0.04583333333333428
66,108.03333333333315,62,0.33124999999998295
62,108.03749999999981,75,0.4374999999999858
52,108.05833333333314,67,0.054166666666660035
73,108.28958333333313,68,0.12916666666666288
69,108.28958333333313,60,0.1770833333333286
40,108.29583333333312,84,0.04375000000000284
71,108.54583333333314,84,0.4895833333333144
68,108.5499999999998,58,0.3333333333333286
47,108.5749999999998,56,0.3145833333333172
66,108.79166666666647,59,0.14374999999998295
62,108.79791666666647,58,0.12916666666664867
52,108.79791666666647,69,0.06666666666666288
64,109.05416666666645,70,0.10625000000000284
62,109.05833333333311,44,0.1770833333333428
71,109.32291666666646,70,0.13750000000000284
68,109.33333333333313,41,0.15833333333333144
40,109.33541666666646,67,0.05833333333333712
69,109.68958333333313,37,0.5895833333333229
72,109.69270833333313,44,0.6114583333333314
45,109.69270833333313,39,0.46562500000000284
64,110.07291666666647,47,0.12083333333332291
60,110.07708333333314,32,0.1145833333333286
52,110.07916666666647,43,0.0833333333333286
62,110.41874999999979,43,0.42499999999998295
65,110.42291666666645,37,0.18541666666665435
52,110.42291666666645,41,0.06874999999999432
72,110.7083333333331,41,0.06666666666666288
69,110.71249999999976,41,0.1041666666666714
40,110.71770833333309,48,0.055208333333339965
71,110.96041666666643,55,0.4687500000000142
68,110.96354166666643,39,0.46041666666668846
47,110.97291666666644,33,0.40833333333334565
65,111.22916666666643,48,0.08125000000001137
62,111.22916666666643,46,0.09375000000001421
52,111.2395833333331,41,0.0625
64,111.48749999999978,44,0.06458333333333144
52,111.49166666666645,60,0.06041666666666856
62,111.49583333333311,50,0.09375
71,111.7333333333331,85,0.055208333333325754
68,111.7395833333331,62,0.04583333333333428
40,111.74374999999976,71,0.041666666666671404
73,112.11249999999977,84,0.23333333333332007
55,112.1145833333331,72,0.18958333333333144
61,112.1145833333331,68,0.19374999999999432
64,112.1177083333331,66,0.19687499999999147
71,112.11874999999976,74,0.1875
43,112.11874999999976,63,0.19166666666666288
76,112.44791666666643,73,0.22291666666666288
73,112.46041666666643,35,0.1666666666666572
59,112.46041666666643,50,0.07083333333332575
55,112.4645833333331,38,0.08749999999999147
71,112.74479166666643,63,0.06562499999998295
67,112.7458333333331,58,0.05833333333332291
61,112.74791666666643,49,0.05833333333332291
64,112.75208333333309,38,0.056249999999991473
73,113.00624999999975,66,0.18958333333333144
67,113.00624999999975,62,0.125
71,113.00624999999975,78,0.17916666666666003
64,113.00833333333308,26,0.07083333333333997
61,113.26458333333308,55,0.055208333333325754
79,113.26666666666641,91,0.11249999999999716
76,113.27083333333307,67,0.04583333333333428
83,113.53958333333307,100,0.11354166666667709
79,113.54583333333306,63,0.15833333333334565
61,113.5479166666664,48,0.1395833333333485
64,113.55624999999974,29,0.0729166666666714
76,113.77708333333308,63,0.07083333333331154
73,113.77916666666641,68,0.06249999999998579
67,113.78437499999974,29,0.07708333333332007
71,113.7854166666664,51,0.054166666666660035
73,114.0166666666664,75,0.11041666666666572
71,114.01874999999973,33,0.08124999999999716
79,114.02083333333306,91,0.1875
76,114.02083333333306,71,0.15833333333333144
67,114.25416666666639,54,0.053124999999994316
85,114.25833333333306,88,0.13124999999999432
83,114.25833333333306,102,0.041666666666671404
64,114.25833333333306,57,0.04583333333333428
67,114.48958333333304,66,0.16458333333332575
88,114.49374999999971,98,0.2395833333333286
71,114.49374999999971,63,0.0625
85,114.4999999999997,78,0.2749999999999915
83,114.73541666666637,109,0.09166666666666856
79,114.7374999999997,90,0.04583333333333428
73,114.7437499999997,55,0.046875
76,114.7437499999997,39,0.056250000000005684
85,114.97083333333303,93,0.21666666666665435
83,114.97708333333303,104,0.1979166666666572
79,114.98333333333302,77,0.08124999999999716
76,114.98333333333302,18,0.09375
73,115.25520833333302,57,0.04166666666665719
91,115.25624999999968,88,0.10624999999998863
88,115.25624999999968,74,0.037499999999994316
71,115.25937499999968,39,0.07291666666665719
79,115.69791666666633,91,0.2510416666666657
70,115.70624999999967,54,0.23541666666666572
64,115.71249999999966,34,0.20208333333333428
61,115.71249999999966,28,0.18645833333333428
54,115.714583333333,24,0.17083333333333428
78,116.06041666666633,86,0.18541666666666856
54,116.08124999999966,50,0.0625
64,116.08333333333299,33,0.06666666666666288
70,116.08437499999965,50,0.0625
61,116.08749999999965,33,0.07083333333333997
76,116.352083333333,81,0.1041666666666714
70,116.35624999999966,59,0.1562500000000142
64,116.35624999999966,54,0.04791666666666572
54,116.35937499999966,52,0.053125000000008527
61,116.35937499999966,55,0.06250000000001421
75,116.75416666666634,79,0.5374999999999943
71,116.76249999999968,80,0.5937499999999858
59,116.76458333333301,65,0.39374999999999716
66,117.10208333333301,50,0.1729166666666515
63,117.10624999999968,55,0.17916666666666003
54,117.11041666666634,52,0.07916666666666572
68,117.37916666666632,65,0.37291666666665435
54,117.39374999999966,62,0.13749999999998863
64,117.39999999999965,67,0.5562499999999773
75,117.63541666666632,75,0.11041666666666572
42,117.63541666666632,60,0.04999999999999716
71,117.63541666666632,77,0.13749999999998863
73,117.88124999999964,81,0.5541666666666316
70,117.8854166666663,70,0.5270833333333087
49,117.9041666666663,70,0.49374999999997726
54,118.1229166666663,59,0.12291666666666856
68,118.13333333333297,66,0.1729166666666515
64,118.13333333333297,72,0.11874999999999147
54,118.39583333333294,60,0.0833333333333286
64,118.39999999999961,67,0.4791666666666572
66,118.40208333333294,62,0.20208333333333428
70,118.65208333333294,49,0.10208333333332575
73,118.65416666666627,70,0.1979166666666572
42,118.6562499999996,48,0.04999999999999716
74,118.98958333333293,59,0.6677083333333371
71,118.9906249999996,56,0.6427083333333314
47,118.99583333333293,42,0.6718750000000142
54,119.37083333333293,41,0.11249999999999716
66,119.37291666666626,33,0.20000000000000284
62,119.37604166666625,38,0.12604166666666572
54,119.70833333333294,40,0.07499999999998863
67,119.71458333333294,38,0.12708333333333144
64,119.71666666666627,35,0.17291666666666572
42,119.99791666666627,26,0.32083333333332575
71,120.00833333333294,52,0.07916666666665151
74,120.01041666666627,46,0.054166666666660035
73,120.2749999999996,41,0.5250000000000199
70,120.27708333333293,44,0.5812500000000114
49,120.28541666666626,37,0.5520833333333428
54,120.51458333333294,49,0.07916666666666572
64,120.51770833333293,47,0.10312500000000568
67,120.52291666666626,48,0.08541666666667425
66,120.74583333333294,48,0.19166666666666288
54,120.75624999999961,61,0.14791666666666003
64,120.76041666666627,59,0.26874999999998295
42,120.9749999999996,70,0.039583333333325754
70,120.97604166666626,62,0.09687499999999716
73,120.9781249999996,74,0.13750000000000284
57,121.27291666666626,75,0.15416666666665435
75,121.27291666666626,75,0.2145833333333229
63,121.27291666666626,68,0.12083333333332291
73,121.27604166666626,68,0.20937499999999432
45,121.27708333333293,71,0.12083333333332291
66,121.27916666666626,52,0.13958333333332007
75,121.57708333333292,49,0.22500000000000853
78,121.58020833333292,74,0.21145833333333997
61,121.58958333333293,60,0.11666666666667425
57,121.58958333333293,52,0.07083333333333997
63,121.83541666666626,32,0.06249999999998579
66,121.83958333333293,44,0.06249999999998579
69,121.83958333333293,46,0.05833333333332291
73,121.84374999999959,63,0.10208333333332575
75,122.08124999999959,67,0.19374999999999432
66,122.08333333333292,41,0.07916666666666572
73,122.08437499999958,58,0.14479166666666288
69,122.08749999999958,47,0.09166666666666856
78,122.32083333333291,74,0.13124999999999432
81,122.32291666666625,79,0.11666666666666003
63,122.32708333333291,66,0.04999999999999716
61,122.33124999999957,55,0.056250000000005684
85,122.55624999999958,90,0.2749999999999915
81,122.56041666666624,74,0.23124999999998863
66,122.56041666666624,55,0.11041666666666572
63,122.56041666666624,55,0.171875
78,122.77499999999958,84,0.10833333333333428
75,122.77812499999958,76,0.09062500000000284
73,122.78124999999957,47,0.0625
69,122.78541666666624,47,0.05833333333333712
78,122.99791666666624,76,0.19166666666666288
81,122.99791666666624,89,0.20000000000000284
73,123.0020833333329,50,0.06458333333333144
75,123.00416666666624,78,0.1354166666666714
85,123.22708333333291,87,0.10208333333333997
87,123.22812499999958,84,0.11458333333334281
69,123.23124999999958,50,0.05833333333333712
66,123.23333333333291,60,0.056250000000005684
90,123.44791666666626,92,0.2395833333333286
87,123.44999999999959,69,0.1875
69,123.45833333333293,57,0.054166666666660035
73,123.46041666666626,69,0.12083333333332291
85,123.66874999999959,86,0.1354166666666572
81,123.67708333333293,79,0.05833333333332291
78,123.67916666666626,68,0.054166666666660035
75,123.68333333333293,69,0.04166666666665719
85,123.89791666666625,82,0.19583333333332575
87,123.89999999999958,92,0.22708333333332575
81,123.90208333333291,87,0.06041666666666856
78,123.90520833333291,76,0.07395833333333712
93,124.17291666666624,97,0.08541666666666003
90,124.17291666666624,76,0.07291666666665719
75,124.1770833333329,64,0.041666666666671404
73,124.1770833333329,36,0.06458333333333144
81,124.5520833333329,99,0.2562500000000085
66,124.56041666666624,66,0.1979166666666714
56,124.56041666666624,54,0.1770833333333428
72,124.56249999999957,84,0.21666666666666856
63,124.56249999999957,47,0.18125000000000568
80,124.92499999999957,92,0.20624999999998295
72,124.93749999999957,67,0.12708333333331723
63,124.9395833333329,61,0.07499999999998863
66,124.94062499999957,65,0.10104166666666003
56,124.94791666666623,58,0.06666666666666288
72,125.21874999999956,72,0.12083333333333712
78,125.21874999999956,92,0.16875000000000284
66,125.23124999999956,62,0.14166666666666572
63,125.2333333333329,63,0.13750000000000284
56,125.23749999999956,50,0.0729166666666714
71,125.4833333333329,95,0.09791666666666288
62,125.48541666666623,60,0.04583333333333428
65,125.48645833333289,78,0.04375000000000284
56,125.48749999999956,69,0.08958333333333712
77,125.48958333333289,86,0.09166666666666856
74,125.72083333333289,87,0.20000000000000284
68,125.72083333333289,74,0.13750000000000284
59,125.73958333333289,69,0.18333333333333712
53,125.74583333333288,89,0.056250000000005684
67,125.91666666666623,71,0.06458333333333144
73,125.9208333333329,72,0.11875000000000568
58,125.9208333333329,61,0.07708333333333428
52,125.92499999999956,68,0.05000000000001137
78,126.11041666666624,85,0.15000000000000568
72,126.11249999999957,84,0.1510416666666714
57,126.12291666666624,64,0.140625
51,126.1270833333329,75,0.1666666666666714
71,126.29687499999957,86,0.04479166666665435
77,126.3020833333329,83,0.07499999999998863
56,126.3020833333329,74,0.10833333333332007
50,126.3052083333329,68,0.07499999999998863
82,126.47291666666622,88,0.10833333333333428
76,126.48124999999956,85,0.07916666666666572
55,126.48124999999956,77,0.12291666666665435
49,126.48437499999956,75,0.15312499999998863
81,126.63333333333289,84,0.08541666666666003
75,126.63749999999955,83,0.06666666666666288
54,126.65208333333288,81,0.11041666666666572
48,126.65624999999955,34,0.056250000000005684
53,126.83541666666622,101,0.07499999999998863
47,126.83749999999955,73,0.11874999999999147
86,126.84374999999955,98,0.2458333333333229
80,126.84374999999955,90,0.1520833333333229
46,127.04374999999953,82,0.09791666666667709
52,127.04374999999953,88,0.10208333333333997
79,127.04374999999953,92,0.10625000000000284
85,127.04687499999953,90,0.08229166666667709
73,127.28749999999954,89,0.14999999999999147
67,127.29374999999953,86,0.057291666666671404
58,127.29583333333287,74,0.0729166666666714
52,127.3041666666662,86,0.04375000000000284
72,127.4729166666662,69,0.0625
66,127.47499999999953,69,0.04791666666666572
57,127.47499999999953,79,0.12916666666666288
51,127.48124999999952,84,0.1458333333333286
77,127.64166666666618,96,0.10624999999998863
56,127.64791666666618,81,0.10833333333333428
71,127.64791666666618,89,0.14166666666666572
50,127.65416666666617,79,0.08541666666666003
70,127.80208333333285,81,0.06249999999998579
76,127.80833333333284,75,0.04583333333332007
55,127.8124999999995,84,0.12083333333332291
49,127.81666666666617,79,0.1458333333333286
81,127.96458333333283,98,0.09999999999999432
54,127.96666666666616,83,0.10833333333332007
75,127.96874999999949,81,0.07083333333332575
48,127.97291666666615,45,0.06666666666666288
80,128.12916666666615,90,0.08333333333337123
53,128.12916666666615,98,0.0666666666666913
74,128.13229166666616,86,0.05312500000002274
47,128.13541666666617,69,0.08333333333334281
85,128.2937499999995,92,0.11041666666665151
79,128.29583333333284,98,0.14374999999998295
52,128.30416666666616,101,0.09166666666666856
46,128.30729166666617,79,0.12395833333332007
78,128.45416666666614,91,0.08750000000000568
84,128.4583333333328,96,0.054166666666674246
45,128.46666666666613,85,0.056250000000005684
51,128.4677083333328,90,0.09583333333333144
66,128.66666666666615,86,0.13333333333335418
57,128.66666666666615,78,0.11666666666670267
72,128.66666666666615,87,0.13125000000002274
51,128.66979166666616,61,0.16562500000000568
50,128.81666666666618,79,0.09166666666664014
56,128.8187499999995,76,0.09583333333330302
65,128.82083333333284,67,0.04583333333332007
71,128.82291666666617,80,0.04999999999998295
49,128.96458333333283,78,0.15208333333333712
55,128.96666666666616,80,0.125
70,128.9770833333328,74,0.11458333333334281
76,128.9770833333328,80,0.11458333333334281
69,129.12708333333282,66,0.058333333333365545
54,129.12708333333282,78,0.06145833333337691
75,129.13020833333283,81,0.11145833333335986
48,129.13333333333284,63,0.08333333333334281
47,129.29374999999953,38,0.06458333333333144
53,129.29583333333287,95,0.05000000000001137
74,129.29895833333288,92,0.11354166666666288
80,129.3020833333329,90,0.11666666666664582
73,129.44999999999953,79,0.06041666666664014
46,129.4541666666662,81,0.12916666666666288
52,129.46249999999952,91,0.09999999999999432
79,129.46666666666619,88,0.04374999999998863
51,129.60833333333287,83,0.09583333333330302
45,129.61458333333286,73,0.11666666666664582
78,129.62916666666618,96,0.10833333333332007
84,129.63541666666617,83,0.13333333333332575
50,129.75833333333284,98,0.09583333333333144
44,129.75833333333284,90,0.2104166666666174
83,129.7687499999995,110,0.09583333333333144
77,129.7687499999995,86,0.06458333333333144
49,129.90833333333282,78,0.11041666666662309
43,129.9208333333328,81,0.09166666666664014
88,129.9270833333328,97,0.1416666666666231
82,129.9270833333328,94,0.10624999999996021
48,130.0604166666661,87,0.08541666666664582
81,130.06874999999943,93,0.07708333333332007
41,130.06874999999943,44,0.0625
87,130.07499999999942,89,0.09999999999999432
47,130.2187499999994,80,0.22499999999999432
41,130.22916666666606,68,0.09791666666666288
92,130.2374999999994,94,0.10624999999998863
86,130.2374999999994,100,0.09375
46,130.37499999999937,82,0.08333333333334281
85,130.3781249999994,86,0.06145833333334849
40,130.38229166666605,90,0.03645833333334281
91,130.3874999999994,88,0.05208333333334281
45,130.52083333333272,92,0.11250000000001137
39,130.52499999999938,81,0.039583333333354176
90,130.54583333333272,91,0.11875000000000568
96,130.54791666666605,98,0.09583333333333144
44,130.68541666666607,89,0.039583333333325754
38,130.6874999999994,60,0.05833333333333712
89,130.69583333333273,89,0.07083333333335418
95,130.6999999999994,95,0.08541666666670267
43,130.74583333333274,31,0.07291666666668561
43,130.85208333333276,77,0.13750000000001705
37,130.85208333333276,90,0.20416666666667993
100,130.86874999999944,106,0.2895833333333542
94,130.86874999999944,97,0.16041666666666288
95,131.10624999999945,95,0.13229166666667425
42,131.10833333333278,98,0.2083333333333428
35,131.1104166666661,113,0.16666666666668561
99,131.1104166666661,100,0.125
95,131.44374999999945,94,0.12708333333333144
87,131.44583333333279,88,0.16249999999999432
90,131.63749999999945,85,0.13124999999999432
81,131.63958333333278,95,0.08541666666667425
83,131.83333333333277,113,0.11041666666665151
75,131.8354166666661,82,0.14791666666664582
69,132.0416666666661,79,0.125
78,132.0447916666661,78,0.0625
71,132.2291666666661,61,0.04791666666665151
63,132.23541666666608,88,0.08749999999997726
66,132.40416666666607,84,0.12500000000002842
57,132.40729166666608,87,0.04270833333333712
51,132.58958333333277,96,0.10833333333334849
59,132.58958333333277,95,0.05833333333333712
54,132.74791666666613,103,0.08750000000000568
45,132.75104166666614,94,0.09583333333333144
69,132.99166666666613,83,0.14791666666667425
66,132.99166666666613,72,0.1458333333333428
48,132.99166666666613,92,0.07083333333335418
57,132.99479166666615,90,0.10312500000000568
64,132.99479166666615,84,0.12916666666666288
36,132.99583333333283,98,0.06666666666666288
71,133.19999999999948,102,0.11250000000001137
47,133.19999999999948,87,0.08541666666667425
64,133.2031249999995,81,0.13437500000000568
66,133.2031249999995,64,0.14479166666666288
59,133.2062499999995,93,0.10416666666665719
35,133.20833333333283,100,0.09999999999999432
45,133.38749999999948,91,0.08333333333337123
33,133.3906249999995,99,0.057291666666685614
72,133.3906249999995,97,0.0979166666666913
66,133.39166666666617,81,0.10208333333335418
64,133.3937499999995,91,0.11458333333337123
60,133.39479166666618,88,0.10208333333335418
64,133.57708333333287,97,0.12708333333333144
66,133.58020833333288,66,0.12395833333332007
71,133.58020833333288,106,0.08437499999999432
59,133.58020833333288,109,0.08229166666666288
47,133.58020833333288,100,0.10520833333333712
35,133.58541666666622,107,0.07708333333332007
48,133.75208333333288,99,0.11041666666670835
69,133.75312499999956,87,0.09687500000003979
66,133.75624999999957,81,0.1333333333333826
64,133.75729166666625,97,0.11250000000001137
36,133.75833333333293,101,0.10624999999998863
57,133.76041666666626,97,0.09166666666666856
71,133.9312499999996,105,0.09791666666671972
66,133.9312499999996,84,0.10416666666671404
64,133.9322916666663,94,0.10833333333337691
47,133.93437499999962,97,0.09479166666670835
59,133.9354166666663,90,0.09062500000001705
35,133.93749999999963,106,0.07916666666667993
45,134.09999999999968,91,0.1020833333333826
60,134.1031249999997,94,0.1322916666667311
33,134.1031249999997,101,0.12395833333337691
64,134.10416666666637,96,0.16666666666671404
72,134.10520833333305,102,0.1291666666666913
66,134.10624999999973,75,0.1770833333333428
47,134.3229166666664,110,0.27499999999997726
71,134.32499999999973,110,0.19999999999998863
35,134.32499999999973,113,0.23333333333332007
59,134.3291666666664,113,0.12916666666666288
63,134.3291666666664,99,0.15416666666666856
66,134.3291666666664,95,0.18958333333333144
99,134.79583333333304,99,0.16041666666663446
93,134.8062499999997,85,0.04583333333332007
87,135.05624999999966,89,0.10208333333332575
95,135.06041666666633,94,0.11875000000000568
87,135.26041666666634,68,0.05833333333333712
78,135.26249999999968,78,0.13124999999999432
81,135.470833333333,91,0.03125
71,135.470833333333,89,0.05000000000001137
75,135.67291666666634,81,0.08125000000001137
69,135.67291666666634,75,0.1291666666666913
63,135.84166666666636,88,0.05000000000001137
71,135.84479166666637,93,0.11354166666666288
63,136.01041666666637,78,0.04583333333332007
54,136.01041666666637,95,0.11041666666665151
57,136.18958333333302,97,0.037499999999994316
47,136.18958333333302,98,0.04583333333332007
66,136.37916666666635,73,0.14166666666667993
69,136.37916666666635,84,0.10416666666668561
57,136.37916666666635,93,0.09166666666669698
64,136.38124999999968,80,0.11250000000001137
36,136.3843749999997,95,0.039583333333354176
48,136.38958333333304,94,0.041666666666685614
38,136.38958333333304,43,0.06875000000002274
66,136.5624999999997,84,0.13750000000001705
64,136.56458333333302,93,0.14791666666667425
71,136.56458333333302,106,0.13541666666668561
59,136.56458333333302,93,0.0979166666666913
47,136.56770833333303,97,0.10520833333333712
35,136.57083333333304,107,0.11041666666665151
45,136.758333333333,95,0.10625000000001705
33,136.76249999999968,101,0.0979166666666913
72,136.76354166666636,98,0.10625000000001705
66,136.76458333333304,75,0.16249999999999432
60,136.77083333333303,95,0.10208333333335418
64,136.77291666666636,96,0.1458333333333428
47,136.97708333333304,101,0.08333333333337123
59,136.98020833333305,97,0.10729166666669698
69,136.98229166666638,45,0.07083333333335418
71,136.98333333333306,89,0.125
66,136.98333333333306,81,0.15833333333333144
35,136.9854166666664,108,0.10833333333334849
64,136.9854166666664,92,0.14375000000001137
69,137.18749999999972,54,0.13749999999998863
48,137.19166666666638,96,0.09583333333333144
57,137.19166666666638,92,0.10416666666665719
66,137.19166666666638,78,0.1666666666666572
64,137.1947916666664,91,0.13854166666664014
36,137.1947916666664,100,0.09270833333332007
66,137.41458333333304,78,0.10833333333334849
47,137.41458333333304,97,0.10000000000002274
35,137.41458333333304,100,0.13750000000001705
71,137.41770833333305,106,0.09687500000001137
64,137.41979166666638,70,0.05000000000001137
59,137.42083333333306,95,0.03541666666666288
45,137.7229166666664,95,0.2145833333333087
78,137.72499999999974,97,0.23333333333332007
33,137.72708333333307,98,0.16874999999998863
76,137.72708333333307,92,0.2354166666666515
66,137.72708333333307,97,0.19374999999999432
72,137.7291666666664,94,0.23958333333331439
78,138.13958333333306,99,0.4166666666666856
75,138.14270833333308,90,0.390625
45,138.14374999999976,28,0.14374999999998295
71,138.1458333333331,101,0.32499999999998863
66,138.1458333333331,97,0.27395833333332575
47,138.1458333333331,87,0.2854166666666629
35,138.14791666666642,99,0.20833333333331439
86,138.82916666666642,87,0.3229166666666856
71,138.8333333333331,87,0.341666666666697
62,138.8333333333331,70,0.1885416666666515
95,138.83541666666642,104,0.1875
89,139.12291666666644,79,0.04583333333334849
80,139.12499999999977,83,0.09999999999999432
68,139.12499999999977,65,0.05833333333333712
77,139.1270833333331,72,0.04791666666667993
65,139.36249999999976,76,0.058333333333365545
86,139.36666666666642,91,0.14791666666670267
74,139.36666666666642,83,0.041666666666685614
77,139.36979166666643,87,0.04791666666667993
83,139.57708333333312,75,0.10833333333337691
92,139.5781249999998,90,0.08854166666668561
59,139.58541666666648,76,0.04166666666665719
68,139.58958333333314,53,0.056250000000005684
69,139.7687499999998,64,0.15416666666666856
93,139.7749999999998,95,0.06666666666666288
84,139.7812499999998,95,0.16875000000001705
60,139.78541666666646,56,0.056250000000005684
78,139.9624999999998,80,0.06666666666666288
87,139.96458333333314,65,0.041666666666685614
66,139.96458333333314,55,0.054166666666674246
75,139.96770833333315,57,0.04895833333333144
84,140.1437499999998,80,0.08958333333333712
75,140.14583333333314,81,0.07500000000001705
72,140.14791666666648,64,0.04375000000001705
63,140.14895833333316,76,0.05000000000001137
90,140.31458333333316,93,0.09166666666664014
57,140.31874999999982,65,0.04999999999998295
66,140.3229166666665,52,0.052083333333314386
81,140.32499999999982,62,0.04374999999998863
93,140.48958333333312,99,0.041666666666685614
69,140.49166666666645,68,0.1500000000000341
84,140.49270833333313,96,0.1614583333333428
60,140.49479166666646,65,0.05208333333334281
87,140.6874999999998,59,0.08749999999997726
78,140.69166666666646,73,0.09166666666664014
75,140.6937499999998,64,0.04791666666665151
66,140.69791666666646,56,0.0583333333333087
65,140.86249999999978,55,0.0625
86,140.86458333333312,81,0.06458333333333144
77,140.86874999999978,83,0.03645833333334281
74,140.86874999999978,76,0.04375000000001705
68,141.01874999999978,62,0.06458333333335986
92,141.0218749999998,86,0.09062500000001705
86,141.02291666666648,23,0.06874999999999432
59,141.0249999999998,27,0.07083333333332575
83,141.0249999999998,83,0.04166666666665719
58,141.19583333333316,60,0.08333333333331439
91,141.1979166666665,96,0.09999999999999432
82,141.1979166666665,88,0.16249999999999432
67,141.1979166666665,47,0.12916666666666288
85,141.3749999999998,72,0.06458333333333144
64,141.37708333333313,59,0.04583333333334849
76,141.38541666666646,61,0.04791666666667993
73,141.38645833333314,66,0.0625
75,141.53541666666646,80,0.11041666666665151
84,141.53541666666646,71,0.08854166666665719
63,141.53958333333313,79,0.05833333333333712
72,141.54479166666647,74,0.04583333333332007
66,141.6937499999998,68,0.04583333333332007
90,141.69791666666646,88,0.06458333333333144
57,141.69791666666646,81,0.04166666666665719
81,141.6999999999998,17,0.0625
69,141.8812499999998,77,0.13749999999998863
93,141.8874999999998,93,0.06041666666666856
84,141.8874999999998,99,0.1729166666666515
60,141.8906249999998,67,0.05104166666666288
87,142.06874999999977,68,0.039583333333325754
78,142.07499999999976,84,0.06875000000002274
66,142.07916666666642,52,0.04895833333335986
75,142.07916666666642,62,0.04583333333334849
63,142.25833333333313,69,0.04791666666667993
75,142.2593749999998,75,0.07083333333332575
84,142.2604166666665,74,0.05624999999997726
72,142.2604166666665,56,0.052083333333314386
90,142.42083333333312,85,0.06458333333335986
81,142.42499999999978,57,0.04583333333334849
57,142.42604166666646,80,0.05208333333334281
66,142.42916666666648,64,0.05104166666666288
92,142.60833333333315,92,0.1614583333333428
83,142.61145833333316,108,0.171875
68,142.6166666666665,79,0.21875
59,142.62083333333317,64,0.04583333333332007
86,142.80833333333317,73,0.04166666666665719
65,142.81249999999983,36,0.06458333333333144
74,142.8166666666665,75,0.03645833333334281
77,142.8166666666665,62,0.04583333333334849
71,143.00833333333316,76,0.04583333333334849
62,143.00833333333316,55,0.07500000000001705
83,143.00833333333316,62,0.054166666666674246
74,143.01145833333317,76,0.04270833333333712
56,143.17708333333317,76,0.04791666666667993
80,143.18124999999984,75,0.03750000000002274
89,143.18124999999984,95,0.056250000000005684
65,143.18437499999985,47,0.05104166666666288
92,143.33749999999984,98,0.09166666666664014
83,143.3416666666665,106,0.14270833333330302
68,143.34374999999983,81,0.2041666666666515
59,143.34999999999982,29,0.07083333333332575
77,143.5104166666665,78,0.06666666666666288
86,143.51458333333315,43,0.05729166666665719
74,143.51666666666648,70,0.039583333333325754
65,143.5187499999998,47,0.054166666666674246
85,143.6749999999998,56,0.10624999999996021
76,143.67916666666648,72,0.04583333333332007
73,143.6812499999998,64,0.05624999999997726
64,143.68333333333314,65,0.04999999999998295
82,143.82916666666645,84,0.1187500000000341
67,143.83124999999978,72,0.05000000000001137
91,143.83333333333312,80,0.040625000000005684
58,143.83541666666645,66,0.04895833333335986
89,143.8812499999998,24,0.06875000000002274
81,143.99166666666648,86,0.19166666666663446
90,143.99166666666648,87,0.09166666666664014
57,144.0062499999998,68,0.04583333333332007
66,144.01041666666646,79,0.1979166666666572
84,144.1624999999998,76,0.04374999999998863
63,144.16458333333313,63,0.04791666666665151
72,144.16458333333313,67,0.04791666666665151
75,144.1687499999998,85,0.10624999999998863
83,144.33437499999977,100,0.04791666666667993
71,144.33541666666645,89,0.04791666666667993
74,144.33749999999978,86,0.03541666666666288
62,144.3395833333331,75,0.05208333333334281
89,144.4812499999998,96,0.05208333333337123
56,144.48333333333312,81,0.04583333333334849
65,144.4843749999998,75,0.05208333333337123
80,144.4843749999998,100,0.04791666666667993
92,144.66874999999985,94,0.12499999999997158
68,144.66874999999985,86,0.16249999999999432
83,144.6791666666665,107,0.13749999999998863
59,144.68124999999984,68,0.04374999999998863
65,144.82812499999983,46,0.06874999999999432
86,144.8416666666665,24,0.06874999999999432
74,144.84583333333316,85,0.037499999999994316
77,144.84583333333316,71,0.056250000000005684
62,145.02708333333317,46,0.06874999999999432
71,145.0291666666665,80,0.04374999999998863
74,145.0291666666665,73,0.04166666666665719
83,145.03333333333316,53,0.06041666666666856
56,145.18958333333316,79,0.07083333333332575
89,145.19374999999982,89,0.056250000000005684
65,145.1979166666665,46,0.06874999999999432
80,145.19999999999982,44,0.06666666666666288
81,145.3729166666665,78,0.18958333333333144
90,145.3791666666665,83,0.10416666666665719
66,145.38333333333316,77,0.21458333333333712
57,145.40624999999983,46,0.0625
75,145.55416666666648,79,0.10208333333335418
84,145.5572916666665,72,0.040625000000005684
63,145.56458333333316,65,0.05104166666666288
72,145.56458333333316,67,0.04791666666665151
81,145.76249999999982,83,0.10625000000001705
72,145.76562499999983,76,0.04270833333333712
69,145.76770833333316,46,0.0625
60,145.7697916666665,63,0.05833333333333712
54,145.9291666666665,85,0.037499999999994316
87,145.93958333333316,84,0.0999999999999659
63,145.9416666666665,72,0.039583333333325754
78,145.94374999999982,55,0.04999999999998295
90,146.11458333333312,89,0.11458333333334281
66,146.11666666666645,76,0.18541666666666856
81,146.12291666666644,88,0.1291666666666913
57,146.12499999999977,63,0.05000000000001137
63,146.28333333333313,63,0.054166666666645824
72,146.28541666666646,69,0.04999999999998295
75,146.28541666666646,83,0.11458333333331439
84,146.2874999999998,78,0.04374999999998863
83,146.45208333333312,110,0.07916666666665151
71,146.45208333333312,80,0.05624999999997726
74,146.45416666666645,77,0.039583333333325754
62,146.45624999999978,66,0.07083333333332575
56,146.61249999999978,78,0.056250000000005684
89,146.61249999999978,101,0.04583333333334849
80,146.6156249999998,81,0.040625000000005684
65,146.62291666666647,54,0.04583333333332007
88,146.7624999999998,91,0.04166666666665719
64,146.76874999999978,88,0.12916666666663446
79,146.76874999999978,96,0.17708333333331439
55,146.77083333333312,82,0.039583333333325754
82,146.81874999999977,13,0.0625
61,146.92499999999976,58,0.05833333333333712
73,146.93333333333308,90,0.11041666666667993
70,146.93437499999976,64,0.07499999999998863
82,146.93749999999977,69,0.07291666666665719
69,147.08958333333308,69,0.04791666666665151
60,147.09374999999974,84,0.08124999999998295
72,147.10208333333307,83,0.04166666666665719
81,147.10208333333307,81,0.08333333333331439
54,147.24999999999972,92,0.18125000000000568
87,147.24999999999972,82,0.1770833333333428
78,147.24999999999972,74,0.17604166666666288
63,147.25416666666638,83,0.18541666666666856
86,147.42708333333306,93,0.11666666666664582
53,147.4291666666664,100,0.04583333333332007
77,147.43541666666638,83,0.14583333333331439
62,147.43749999999972,91,0.1666666666666572
68,147.61458333333303,72,0.052083333333314386
59,147.6187499999997,59,0.04791666666665151
80,147.6187499999997,79,0.125
71,147.62083333333302,89,0.0625
79,147.8124999999997,84,0.19791666666668561
70,147.81874999999968,70,0.2125000000000341
67,147.81979166666636,81,0.19791666666668561
58,147.82083333333304,67,0.14791666666667425
85,148.01354166666638,86,0.11770833333335418
76,148.02499999999972,66,0.15833333333335986
61,148.03333333333305,73,0.15312500000004547
52,148.03645833333306,84,0.040625000000005684
79,148.2520833333331,87,0.19583333333332575
58,148.25312499999978,59,0.18437499999998863
67,148.25312499999978,67,0.052083333333314386
70,148.25520833333312,68,0.04166666666665719
85,148.44374999999977,83,0.1208333333333087
61,148.4520833333331,66,0.14791666666664582
52,148.4583333333331,69,0.04374999999998863
76,148.4583333333331,62,0.12916666666666288
79,148.6354166666664,81,0.16770833333333712
67,148.63749999999973,75,0.054166666666674246
70,148.63958333333306,71,0.04375000000001705
58,148.64062499999974,60,0.171875
60,148.80624999999975,70,0.13333333333329733
84,148.80624999999975,84,0.1208333333333087
76,148.82499999999973,67,0.17500000000001137
52,148.83333333333306,54,0.054166666666674246
58,148.9916666666664,55,0.16875000000004547
70,148.9916666666664,76,0.16770833333336554
66,148.9947916666664,76,0.15104166666668561
78,148.9947916666664,89,0.21562500000001705
84,149.1833333333331,87,0.07499999999996021
60,149.19791666666643,70,0.13958333333332007
52,149.19999999999976,56,0.052083333333314386
76,149.19999999999976,54,0.11249999999998295
78,149.36874999999975,75,0.2791666666666117
70,149.37083333333308,80,0.20833333333331439
66,149.37499999999974,66,0.18020833333332575
58,149.37708333333308,48,0.15625
84,149.59374999999972,84,0.0999999999999659
76,149.59791666666638,72,0.14583333333331439
60,149.59791666666638,55,0.14583333333331439
52,149.5999999999997,76,0.04374999999998863
78,149.79583333333304,81,0.29895833333335986
66,149.79791666666637,67,0.24791666666669698
69,149.80104166666638,66,0.2083333333333428
57,149.80624999999972,49,0.23541666666667993
76,150.0229166666664,64,0.29895833333333144
84,150.0260416666664,87,0.11354166666666288
52,150.0260416666664,71,0.25312499999998295
60,150.03333333333308,66,0.2708333333333144
66,150.29687499999972,77,0.056250000000005684
78,150.29687499999972,84,0.5791666666666515
69,150.29895833333305,70,0.22708333333332575
57,150.30104166666638,57,0.056250000000005684
83,150.77604166666637,111,0.40833333333333144
75,150.77604166666637,72,0.41458333333332575
59,150.78020833333304,64,0.3333333333333428
47,150.78229166666637,61,0.375
71,152.07604166666636,70,0.5020833333333314
62,152.086458333333,39,0.48125000000001705
52,152.086458333333,63,0.7979166666666515
68,152.5093749999997,69,0.3958333333333144
64,152.53020833333304,47,0.08541666666664582
61,152.85729166666636,60,0.3187499999999943
71,152.8593749999997,80,0.35312499999997726
45,152.87187499999968,41,0.33749999999997726
69,153.18437499999968,63,0.12708333333333144
64,153.19687499999966,34,0.0625
66,153.52187499999968,51,1.1895833333333314
48,153.53437499999967,44,0.6520833333333371
57,153.53749999999968,36,0.30520833333332575
64,153.8593749999997,44,0.38333333333329733
57,154.17812499999968,28,0.4260416666666629
47,154.198958333333,32,0.5583333333333371
63,154.60104166666633,36,0.29583333333332007
71,154.9385416666663,66,0.3437500000000284
62,154.95729166666632,42,0.32916666666667993
52,154.96354166666632,40,0.28958333333332575
68,155.25833333333298,61,0.25312500000001137
54,155.261458333333,52,0.15000000000000568
64,155.29687499999966,38,0.06041666666666856
52,155.44062499999967,65,0.13541666666662877
71,155.55104166666632,68,0.32499999999998863
61,155.5635416666663,39,0.2291666666666572
45,155.60520833333297,43,0.31875000000002274
69,155.85520833333297,55,0.09375
64,155.8760416666663,38,0.0625
66,156.17187499999963,53,1.2791666666666401
57,156.1822916666663,40,0.3166666666666629
48,156.18645833333295,36,0.595833333333303
64,156.5093749999996,39,0.41874999999998863
57,156.8552083333329,29,0.47500000000002274
47,156.85833333333292,36,1.2697916666666913
63,157.2406249999996,38,0.3708333333333371
68,157.60104166666628,55,0.32499999999998863
57,157.6343749999996,31,0.25
35,157.66770833333294,38,0.7562499999999943
66,157.98854166666626,60,0.15833333333335986
59,158.0093749999996,47,0.08125000000001137
66,158.31145833333295,62,0.3937499999999545
56,158.3218749999996,39,0.5166666666666515
40,158.33645833333293,44,0.6604166666666913
64,158.62812499999959,74,0.2916666666666856
59,158.66354166666625,32,0.12083333333333712
61,158.9343749999996,70,0.7083333333333997
55,158.96354166666626,39,0.30208333333337123
47,158.96666666666627,35,2.1697916666666686
59,159.2385416666663,36,0.11250000000001137
64,159.57395833333297,45,0.435416666666697
54,159.57708333333298,32,0.4843750000000284
63,160.00729166666633,38,0.11666666666667425
59,160.030208333333,22,0.08125000000001137
68,160.40729166666634,46,0.3541666666666572
57,160.44062499999967,31,0.3177083333333144
35,160.486458333333,15,0.22708333333332575
37,160.71354166666632,39,0.19374999999999432
66,160.75520833333297,40,0.10625000000001705
59,160.848958333333,5,0.1416666666666231
35,160.92187499999963,51,0.16458333333332575
66,161.09895833333294,40,0.42499999999998295
56,161.1093749999996,38,0.4791666666666572
40,161.14270833333293,48,0.3499999999999943
64,161.4531249999996,49,0.16041666666666288
59,161.4718749999996,31,0.13333333333332575
61,161.76354166666627,56,0.6916666666666629
47,161.78229166666628,37,1.8145833333333599
55,161.7843749999996,39,0.32083333333332575
59,162.09062499999962,37,0.13333333333332575
54,162.38645833333294,32,0.5479166666666799
64,162.38645833333294,48,0.45000000000001705
63,162.7843749999996,47,0.6437500000000114
59,162.81145833333295,23,0.12916666666666288
55,163.0822916666663,45,0.36666666666667425
40,163.1010416666663,40,0.16041666666666288
42,163.2885416666663,36,0.19374999999999432
61,163.37395833333298,56,0.4020833333333371
59,163.4197916666663,25,0.2020833333333485
40,163.48645833333296,37,0.07916666666667993
54,163.70104166666633,33,0.4729166666666629
64,163.705208333333,48,0.3812499999999943
35,163.70729166666632,48,0.2666666666666515
63,164.03020833333298,44,0.6145833333333144
59,164.08645833333298,15,0.27499999999997726
55,164.33854166666632,47,0.29583333333332007
47,164.3510416666663,30,1.3895833333333485
61,164.61562499999962,55,0.38749999999998863
59,164.67187499999963,16,0.10624999999998863
54,164.9322916666663,33,0.4583333333333428
64,164.94270833333294,46,0.3583333333333485
63,165.26145833333297,36,0.5979166666666913
59,165.2885416666663,17,0.11875000000000568
55,165.5385416666663,43,0.3791666666666913
40,165.60312499999964,25,0.11875000000000568
42,165.76979166666632,25,0.2229166666666913
61,165.81979166666633,43,0.48749999999998295
59,165.84687499999967,22,0.12708333333333144
40,165.998958333333,45,0.07291666666665719
54,166.19062499999967,32,0.5812499999999545
64,166.20937499999965,41,0.43124999999997726
47,166.24479166666632,38,1.7520833333333599
63,166.62812499999964,35,0.7750000000000057
59,166.6510416666663,19,0.21458333333333712
55,166.9447916666663,46,0.9104166666666913
61,167.32187499999964,48,0.560416666666697
59,167.34062499999965,30,0.46041666666667425
54,167.7822916666663,29,0.5000000000000284
64,167.80624999999966,41,0.43437500000001705
63,168.223958333333,40,0.39375000000001137
59,168.24479166666634,22,0.35208333333332575
54,168.592708333333,34,0.3187499999999943
64,168.61354166666635,43,0.32708333333332007
63,168.94374999999968,48,0.3322916666666629
59,168.9531249999997,43,0.33124999999998295
54,169.26145833333302,35,0.3437499999999716
64,169.26770833333302,47,0.3166666666666629
63,169.59479166666634,38,0.36874999999997726
61,169.60312499999966,33,0.37916666666663446
54,169.94687499999966,35,0.45208333333329165
42,169.97395833333297,34,0.3166666666666629
64,169.97395833333297,35,0.470833333333303
44,170.30312499999962,38,0.2979166666666515
63,170.4322916666663,39,0.43124999999997726
61,170.45104166666627,29,0.4020833333333371
42,170.56354166666628,36,0.29583333333332007
54,170.86979166666626,29,0.4729166666666913
64,170.89479166666626,31,0.4479166666666856
35,170.94895833333294,40,3.366666666666646
63,171.32395833333294,35,0.4375000000000284
57,171.35104166666628,20,0.17291666666667993
64,171.75104166666628,38,0.4458333333333542
54,171.7541666666663,31,0.10729166666666856
63,172.19062499999964,38,0.533333333333303
57,172.2260416666663,17,0.22291666666666288
64,172.70937499999962,26,0.5895833333333087
54,172.71145833333296,24,0.4645833333333087
63,173.2781249999996,28,0.6166666666666742
59,173.31979166666625,12,0.5520833333333428
61,173.9031249999996,23,0.9020833333333087
54,173.90937499999959,20,1.0083333333333258
63,174.79687499999957,27,1.2437499999999773
59,174.83437499999957,9,0.6312499999999943
64,175.93229166666623,34,1.7270833333332973
56,175.95729166666624,15,1.079166666666623
40,175.96562499999956,22,2.775000000000034
47,176.97187499999953,9,0.7291666666666572
59,177.00312499999953,7,0.2854166666666629
63,177.5947916666662,32,0.6625000000000227
56,177.61770833333287,12,0.29374999999998863
64,178.17812499999954,45,0.5437500000000455
47,178.20312499999955,11,0.2854166666666913
59,178.23020833333288,15,0.22916666666668561
66,178.69270833333292,29,2.5916666666666686
35,178.72187499999959,29,1.8562499999999886
57,178.73854166666626,21,0.4937500000000057
63,178.7406249999996,17,2.549999999999983
47,179.36979166666626,19,0.4291666666666458
59,179.38437499999958,17,0.38333333333332575
57,179.9239583333329,10,0.33125000000001137
59,180.4489583333329,25,0.26458333333332007
47,180.4552083333329,12,0.34166666666666856
57,180.9802083333329,21,0.17500000000001137
35,181.01354166666624,26,2.5875000000000057
68,181.51354166666624,49,0.3062500000000057
47,181.56979166666625,17,0.6979166666666856
59,181.5739583333329,15,0.12291666666666856
68,182.10312499999958,48,0.6791666666666742
57,182.16145833333292,15,0.2583333333333542
63,182.16458333333293,29,0.6468749999999943
66,182.71354166666626,43,0.4000000000000057
47,182.7656249999996,19,0.4645833333333371
59,182.7781249999996,19,0.14791666666667425
68,183.48645833333293,31,2.641666666666623
40,183.51354166666627,30,1.724999999999966
56,183.51979166666626,8,0.6187500000000057
64,183.56145833333292,18,2.4333333333333087
59,184.1968749999996,22,0.20208333333332007
47,184.21145833333293,18,0.5291666666666401
56,184.69479166666625,17,0.2666666666666515
47,185.1864583333329,16,0.33125000000001137
59,185.2052083333329,18,0.18541666666666856
56,185.74062499999957,15,0.18541666666666856
40,185.75312499999956,26,2.01458333333332
69,186.46354166666623,46,0.2624999999999602
47,186.50937499999955,22,0.5645833333333314
64,186.55312499999954,10,0.13333333333332575
69,187.00312499999953,66,0.5250000000000057
59,187.0510416666662,37,0.2874999999999943
68,187.48645833333288,76,0.39375000000001137
47,187.51770833333288,23,0.25208333333333144
64,187.5447916666662,23,0.18958333333333144
73,188.15312499999956,64,0.8729166666666686
63,188.20729166666624,21,0.6854166666666686
35,188.22395833333292,23,2.52916666666664
47,188.8031249999996,21,0.28958333333329733
69,188.81770833333292,10,0.2291666666666572
59,189.39062499999957,20,0.12291666666666856
71,189.93229166666623,60,0.2604166666666856
63,189.95937499999957,20,0.6770833333333144
47,189.98437499999957,17,0.31458333333333144
69,190.5614583333329,34,0.5645833333333314
40,190.5989583333329,27,1.7520833333333599
59,190.6395833333329,4,0.3635416666666629
68,191.12812499999956,33,0.24791666666666856
47,191.16770833333288,20,0.5041666666666913
64,191.19687499999955,15,0.08125000000001137
63,191.60312499999955,49,0.29791666666667993
56,191.61979166666623,21,0.22083333333333144
64,192.09062499999956,49,0.27916666666666856
47,192.11354166666624,17,0.24791666666666856
59,192.13854166666624,19,0.11458333333334281
66,192.60104166666622,33,2.430208333333354
57,192.63229166666622,24,0.4145833333333542
61,192.65312499999956,21,0.4625000000000057
35,192.65729166666623,24,1.6041666666666572
63,193.08854166666623,35,0.4625000000000057
59,193.12187499999956,24,0.39166666666667993
47,193.14479166666624,20,0.6229166666666686
61,193.56354166666623,26,0.47708333333332575
57,193.58437499999957,17,0.36770833333332575
47,194.07812499999955,18,0.3958333333333428
59,194.08645833333287,13,0.44375000000002274
63,194.09062499999953,13,0.4312500000000341
61,194.62812499999956,9,0.4000000000000057
57,194.64270833333288,8,0.18125000000000568
35,194.67395833333288,23,2.383333333333354
68,195.33437499999957,31,0.29583333333332007
47,195.3739583333329,14,0.5708333333333258
59,195.39062499999957,4,0.2666666666666515
63,195.3989583333329,13,0.28125
68,195.94687499999955,26,0.6145833333333712
61,195.98020833333288,24,0.36458333333337123
57,195.99687499999956,17,0.26875000000001137
66,196.56354166666625,24,1.006249999999966
47,196.61354166666626,14,0.3083333333333087
59,196.6156249999996,11,0.29374999999998863
63,196.62395833333292,9,0.29583333333332007
56,197.34479166666623,13,0.7458333333333371
64,197.37187499999956,31,1.6229166666666686
40,197.40937499999956,19,0.8499999999999943
47,198.0302083333329,19,0.4312500000000057
59,198.04062499999955,23,0.23541666666667993
56,198.5614583333329,21,0.17291666666667993
59,199.0364583333329,30,0.07708333333332007
47,199.06979166666622,15,0.10833333333332007
71,199.74687499999953,50,0.6635416666666458
62,199.77395833333287,14,0.32499999999998863
66,199.7822916666662,13,0.5645833333333314
40,199.80520833333287,23,2.0645833333333314
73,200.35729166666619,54,0.28750000000005116
64,200.39479166666618,29,0.20833333333337123
68,200.3968749999995,21,0.11041666666667993
52,200.40729166666617,32,0.48333333333340533
68,200.58645833333287,7,0.07916666666670835
73,200.83229166666624,62,0.28125
62,200.8614583333329,32,0.11458333333334281
66,200.88437499999958,15,0.41874999999998863
71,201.2677083333329,74,0.5041666666666345
68,201.27083333333292,34,0.3343749999999659
64,201.29479166666624,32,0.17708333333331439
52,201.31354166666623,37,0.375
69,201.72187499999956,56,0.5312499999999716
61,201.73645833333288,30,0.4104166666666629
45,201.74687499999953,27,1.3458333333333314
71,202.2010416666662,52,0.49791666666664014
64,202.24062499999954,17,0.3958333333333144
52,202.24687499999953,26,0.6833333333333087
68,202.66979166666619,41,0.543750000000017
61,202.69895833333285,9,0.3125
69,203.23020833333288,29,0.17500000000001137
64,203.24687499999956,24,0.06874999999999432
52,203.25937499999955,32,0.09583333333333144
75,203.70312499999957,48,0.529166666666697
44,203.72395833333292,41,2.0875000000000057
72,203.74479166666626,16,0.48750000000001137
66,203.74895833333292,8,0.2874999999999943
76,204.1843749999996,59,0.24375000000000568
68,204.18645833333292,37,0.19791666666668561
56,204.20520833333293,32,0.5999999999999659
76,204.59270833333292,63,0.4541666666666515
66,204.6218749999996,30,0.24166666666664582
70,204.63020833333292,28,0.10624999999998863
75,205.02812499999956,69,0.30000000000001137
68,205.04687499999957,35,0.25
56,205.0489583333329,43,0.4645833333333371
72,205.07604166666624,25,0.10416666666665719
73,205.4677083333329,69,0.5166666666666799
49,205.49479166666623,43,1.2354166666667084
64,205.49687499999956,44,0.6666666666666856
75,205.91562499999958,68,0.39166666666667993
68,205.92187499999957,46,0.5000000000000284
56,205.95937499999957,31,0.4208333333333485
72,206.34270833333292,71,0.4062500000000284
64,206.3968749999996,19,0.1875
73,206.82395833333294,62,0.26458333333332007
68,206.83854166666626,41,0.125
56,206.84895833333292,43,0.1458333333333428
76,207.43229166666626,57,0.3208333333332689
58,207.44062499999959,34,0.27499999999997726
70,207.4489583333329,25,0.34999999999993747
49,207.4489583333329,38,0.28541666666663446
64,207.45937499999957,26,0.24166666666667425
54,207.4614583333329,38,0.28541666666663446
52,207.46562499999956,50,0.25833333333332575
78,207.94062499999953,76,0.27291666666670267
66,207.96145833333287,38,0.279166666666697
70,207.96458333333288,35,0.2906250000000057
49,207.96979166666623,34,0.20416666666667993
58,207.97187499999956,34,0.2083333333333428
54,207.97291666666624,33,0.21145833333332575
52,207.9802083333329,38,0.10416666666665719
75,208.39062499999955,81,0.2999999999999545
58,208.40312499999953,46,0.18749999999997158
63,208.4072916666662,67,0.16041666666663446
49,208.40937499999953,53,0.21666666666664014
70,208.41979166666619,38,0.08541666666664582
52,208.4281249999995,56,0.19166666666666288
54,208.43645833333284,54,0.18958333333333144
76,208.8218749999995,92,0.2604166666666572
58,208.82395833333283,51,0.1875
49,208.83229166666615,64,0.2979166666666515
70,208.83437499999948,58,0.2874999999999943
54,208.83541666666616,53,0.15729166666667993
64,208.8406249999995,75,0.16249999999999432
52,208.84270833333284,60,0.08750000000000568
78,209.25104166666614,94,0.38541666666662877
66,209.25937499999947,69,0.3187499999999659
70,209.26979166666612,54,0.29999999999998295
58,209.27187499999945,51,0.2562499999999943
48,209.27395833333279,65,0.30624999999997726
54,209.27812499999945,52,0.3020833333333144
52,209.2885416666661,61,0.26666666666667993
80,209.7260416666661,97,0.24374999999997726
58,209.7385416666661,59,0.19999999999998863
48,209.7385416666661,67,0.3083333333333087
68,209.7385416666661,62,0.29374999999998863
70,209.7416666666661,64,0.1885416666666515
54,209.76145833333277,57,0.23958333333331439
52,209.76770833333276,52,0.16874999999998863
76,210.1718749999994,89,0.29791666666670835
58,210.17708333333275,44,0.24687500000004547
48,210.1812499999994,41,0.2812500000000284
52,210.18854166666608,40,0.22708333333335418
54,210.19062499999941,35,0.24791666666669698
64,210.1916666666661,55,0.23125000000001705
70,210.1916666666661,44,0.3166666666666913
78,210.65104166666612,97,0.3645833333333144
48,210.6677083333328,31,0.3041666666666458
58,210.66979166666613,37,0.31666666666663446
66,210.67812499999945,53,0.21041666666667425
70,210.67812499999945,43,0.25208333333333144
54,210.68020833333279,41,0.09375
52,210.68645833333278,51,0.11875000000000568
80,211.37812499999944,90,2.802083333333286
68,211.39895833333279,51,0.783333333333303
59,211.40937499999944,40,4.624999999999858
47,211.4135416666661,38,5.406249999999858
52,211.41666666666612,47,4.578124999999858
56,211.41979166666613,35,4.4979166666665265
76,211.42187499999946,32,3.2041666666665947
71,212.16770833333277,39,0.2770833333333087
68,212.7135416666661,22,0.35208333333332575
71,213.2593749999994,29,0.20416666666667993
68,213.8218749999994,15,0.7854166666666629
78,214.5468749999994,44,0.7291666666666288
71,214.6156249999994,17,0.3229166666666572
76,215.1677083333327,48,0.34166666666664014
68,215.1989583333327,16,0.4916666666666174
73,215.67812499999934,41,0.8312499999999545
71,215.72812499999932,28,0.17083333333332007
75,216.37604166666597,36,2.0979166666666345
54,216.4218749999993,25,1.1166666666666458
63,216.4218749999993,21,0.5895833333333371
66,217.08854166666595,4,0.3333333333333144
59,217.0989583333326,18,0.13958333333332007
63,217.62187499999928,15,0.3499999999999943
47,217.66354166666594,12,0.4333333333333371
66,218.11354166666595,7,0.14791666666667425
59,218.16354166666596,9,0.10833333333332007
76,218.70729166666592,40,0.622916666666697
64,218.72812499999927,22,0.4729166666666913
49,218.74479166666595,19,2.2187500000000284
75,219.26354166666596,45,0.25729166666667425
68,219.28020833333264,11,0.28333333333333144
56,219.29270833333263,19,0.22499999999999432
73,219.7593749999993,43,0.44583333333332575
44,219.80312499999928,21,1.6479166666666742
64,219.8114583333326,16,0.3083333333333371
68,220.25520833333263,41,0.23541666666667993
56,220.3031249999993,21,0.27291666666667425
71,220.89895833333264,48,1.5958333333333314
59,220.935416666666,22,0.49270833333329733
51,220.96145833333264,22,1.1333333333333258
63,221.51770833333262,28,0.2041666666666515
56,221.55729166666595,13,0.18958333333333144
44,222.0156249999993,19,0.7729166666666742
59,222.0187499999993,15,0.23645833333333144
63,222.49999999999932,23,0.18645833333332007
56,222.54895833333265,11,0.10833333333332007
73,223.29270833333263,28,0.48125000000001705
61,223.31354166666597,15,0.5833333333333428
45,223.3156249999993,12,2.147916666666646
71,224.0656249999993,41,0.5979166666666629
52,224.10104166666596,19,0.1875
69,224.64895833333264,27,0.4333333333333087
61,224.6906249999993,7,0.5124999999999886
40,224.71770833333264,21,1.7229166666666629
64,225.1968749999993,33,0.40416666666664014
52,225.26145833333263,17,0.20208333333332007
68,225.98437499999926,25,2.9541666666666515
56,226.04479166666593,17,0.6937500000000227
47,226.04791666666594,18,1.9260416666666629
59,226.78854166666596,10,0.23749999999998295
52,226.8156249999993,16,0.13958333333332007
56,227.3489583333326,16,0.30416666666667425
40,227.36562499999928,23,1.4479166666666288
59,227.86979166666595,28,0.17708333333331439
52,227.9052083333326,20,0.16458333333332575
57,228.3927083333326,25,0.7333333333333201
48,228.41979166666593,21,2.0437499999999886
66,228.8822916666659,33,0.8916666666666515
60,228.9072916666659,22,0.6958333333333258
52,228.94166666666592,15,0.22604166666664582
64,229.54062499999924,41,0.6229166666666686
40,229.58645833333256,19,1.870833333333394
57,229.58645833333256,11,0.7250000000000227
60,230.08020833333256,47,0.4312500000000341
52,230.1385416666659,12,0.5458333333333769
68,230.76770833333262,38,3.0270833333332803
56,230.8114583333326,16,0.6291666666666629
47,230.84687499999927,21,1.820833333333269
59,231.46979166666594,20,0.2604166666666572
52,231.50312499999927,16,0.25833333333332575
56,231.98437499999926,19,0.24374999999997726
40,232.03020833333258,21,1.6062499999999886
59,232.49270833333256,24,0.2750000000000057
52,232.50520833333255,20,0.24166666666667425
57,233.0260416666659,23,0.9583333333333428
48,233.0572916666659,27,2.3499999999999943
66,233.7510416666659,32,0.8062499999999773
60,233.79270833333257,21,0.59375
52,233.83437499999923,13,0.21250000000000568
64,234.35312499999924,35,0.5833333333333144
57,234.38020833333258,10,0.9124999999999659
40,234.38645833333257,16,2.1166666666666742
60,234.8843749999992,38,0.5187500000000114
52,234.94270833333255,8,0.825000000000017
68,235.7947916666659,30,6.34583333333336
56,235.83437499999923,15,0.6333333333333542
47,235.8885416666659,15,1.1500000000000057
59,236.53645833333258,19,0.2291666666666572
52,236.5635416666659,16,0.18958333333333144
56,237.08437499999923,12,0.2916666666666572
40,237.12187499999922,9,0.8770833333333599
52,237.5781249999992,14,0.30833333333336554
59,237.59479166666588,11,0.15000000000000568
56,238.00520833333258,10,0.31458333333333144
47,238.04270833333257,14,0.41875000000001705
52,238.48229166666593,11,0.24791666666664014
59,238.52187499999926,6,0.13124999999999432
56,238.87812499999924,8,0.25625000000002274
40,238.93229166666592,25,0.15416666666666856
59,239.35937499999926,25,0.18958333333333144
52,239.39062499999926,21,0.1979166666666572
56,239.81770833333258,13,0.2083333333333428
47,239.84270833333258,14,0.15833333333333144
52,240.30729166666592,13,0.16041666666666288
59,240.3135416666659,9,0.125
56,240.7364583333326,6,0.22708333333335418
40,240.78854166666594,9,0.18333333333333712
59,241.2552083333326,13,0.2020833333333485
52,241.28437499999927,12,0.18125000000000568
56,241.83645833333262,10,0.38749999999998863
47,241.87187499999928,7,0.19999999999998863
66,242.60937499999926,15,0.5645833333333314
59,242.67604166666592,12,0.11458333333334281
52,242.67916666666594,9,0.296875
56,243.46770833333258,7,0.4374999999999716
64,243.46770833333258,24,0.4437499999999659
47,243.6635416666659,2,0.21562499999998863
59,244.6093749999992,16,0.5354166666666629
47,245.56354166666586,2,8.081249999999983
56,247.11979166666586,7,6.614583333333314
40,247.1281249999992,10,7.081249999999983
64,247.1427083333325,21,6.550000000000011
