62,0.25546874999999997,62,0.24999999999999994
64,0.5054687499999999,62,0.048958333333333326
62,0.7554687499999999,62,0.048958333333333326
64,1.00546875,62,0.04895833333333344
62,1.25546875,62,0.04895833333333344
64,1.50546875,62,0.04895833333333344
74,1.75546875,62,0.25
62,1.75546875,62,0.04895833333333344
76,2.00546875,62,0.048958333333333215
70,2.00546875,75,0.048958333333333215
67,2.00546875,62,1.089375
61,2.00546875,62,0.048958333333333215
74,2.25546875,62,0.048958333333333215
71,2.25546875,75,0.048958333333333215
62,2.25546875,62,0.048958333333333215
76,2.50546875,62,0.048958333333333215
70,2.50546875,75,0.048958333333333215
61,2.50546875,62,0.048958333333333215
74,2.79484375,62,0.05874999999999986
71,2.79484375,75,0.05874999999999986
62,2.79484375,62,0.05874999999999986
76,3.09484375,62,0.05874999999999986
69,3.09484375,75,0.05874999999999986
66,3.09484375,62,0.5999999999999996
60,3.09484375,62,0.05874999999999986
74,3.3948437499999997,62,0.05874999999999986
70,3.3948437499999997,75,0.05874999999999986
62,3.3948437499999997,62,0.05874999999999986
74,3.6948437499999995,62,0.10770833333333352
71,3.6948437499999995,75,0.5077083333333334
59,3.6948437499999995,62,0.05666666666666664
43,3.6948437499999995,62,1.0077083333333334
50,3.6948437499999995,62,1.0077083333333334
62,3.952552083333333,62,0.048958333333333215
74,4.202552083333333,62,0.09999999999999964
71,4.202552083333333,75,0.25
59,4.202552083333333,62,0.048958333333333215
67,4.452552083333333,75,0.25
62,4.452552083333333,62,0.048958333333333215
74,4.702552083333333,62,0.25
64,4.702552083333333,75,0.25
55,4.702552083333333,62,0.048958333333333215
73,4.952552083333333,62,0.25
66,4.952552083333333,75,0.25
58,4.952552083333333,62,0.048958333333333215
64,5.140052083333333,62,0.16249999999999964
72,5.202552083333333,62,0.09999999999999964
54,5.202552083333333,62,0.048958333333333215
43,5.202552083333333,62,1.0
50,5.202552083333333,62,1.0
62,5.452552083333333,75,0.0625
57,5.452552083333333,62,0.048958333333333215
64,5.515052083333333,75,0.0625
62,5.577552083333333,75,0.125
72,5.702552083333333,62,0.09999999999999964
61,5.702552083333333,75,0.25
54,5.702552083333333,62,0.048958333333333215
62,5.952552083333333,75,0.25
57,5.952552083333333,62,0.048958333333333215
71,6.202552083333333,62,0.25
64,6.202552083333333,75,0.25
54,6.202552083333333,62,0.048958333333333215
50,6.202552083333333,62,0.5
69,6.452552083333333,62,0.25
66,6.452552083333333,75,0.25
60,6.452552083333333,62,0.048958333333333215
69,6.640052083333333,62,0.0625
71,6.702552083333333,62,0.5
59,6.702552083333333,62,0.048958333333333215
43,6.702552083333333,62,1.0
50,6.702552083333333,62,1.0
67,6.952552083333333,75,0.0625
62,6.952552083333333,62,0.048958333333333215
69,7.015052083333333,75,0.0625
67,7.077552083333333,75,0.125
74,7.202552083333333,62,0.25
66,7.202552083333333,75,0.25
59,7.202552083333333,62,0.048958333333333215
83,7.452552083333333,62,0.25
67,7.452552083333333,75,0.25
62,7.452552083333333,62,0.048958333333333215
79,7.702552083333333,62,0.25
71,7.702552083333333,75,0.25
57,7.702552083333333,62,0.048958333333333215
52,7.702552083333333,62,0.5000000000000009
73,7.952552083333333,62,0.2500000000000009
69,7.952552083333333,75,0.2500000000000009
67,7.952552083333333,62,0.0489583333333341
73,8.202552083333334,62,0.048958333333333215
67,8.202552083333334,75,0.25
57,8.202552083333334,62,0.048958333333333215
50,8.202552083333334,62,1.0
74,8.452552083333334,62,0.048958333333333215
66,8.452552083333334,75,0.25
62,8.452552083333334,62,0.048958333333333215
77,8.702552083333334,62,0.048958333333333215
68,8.702552083333334,75,0.25
62,8.702552083333334,62,0.048958333333333215
78,8.952552083333334,62,0.048958333333333215
69,8.952552083333334,75,0.25
66,8.952552083333334,62,0.048958333333333215
81,9.202552083333334,62,0.048958333333333215
72,9.202552083333334,75,0.25
76,9.202552083333334,75,0.25
66,9.202552083333334,62,0.048958333333333215
84,9.452552083333334,62,0.048958333333333215
74,9.452552083333334,75,0.25
69,9.452552083333334,62,0.048958333333333215
72,9.640052083333334,62,0.11145833333333321
88,9.702552083333334,62,0.09999999999999964
60,9.702552083333334,62,0.048958333333333215
45,9.702552083333334,62,1.0
52,9.702552083333334,62,1.0
68,9.952552083333334,75,0.25
64,9.952552083333334,62,0.048958333333333215
78,10.202552083333334,62,0.09999999999999964
71,10.202552083333334,75,0.25
60,10.202552083333334,62,0.048958333333333215
69,10.452552083333334,75,0.25
64,10.452552083333334,62,0.048958333333333215
71,10.702552083333334,62,0.25
65,10.702552083333334,75,0.25
57,10.702552083333334,62,0.048958333333333215
72,10.952552083333334,62,0.25
67,10.952552083333334,75,0.25
63,10.952552083333334,62,0.048958333333333215
65,11.140052083333334,62,0.4375
74,11.202552083333334,62,0.5
56,11.202552083333334,62,0.048958333333333215
45,11.202552083333334,62,1.0
52,11.202552083333334,62,1.0
64,11.452552083333334,75,0.0625
59,11.452552083333334,62,0.048958333333333215
65,11.515052083333334,75,0.0625
64,11.577552083333334,75,0.125
74,11.702552083333334,62,0.09999999999999964
63,11.702552083333334,75,0.25
56,11.702552083333334,62,0.048958333333333215
64,11.952552083333334,75,0.25
59,11.952552083333334,62,0.048958333333333215
72,12.202552083333334,62,0.25
66,12.202552083333334,75,0.25
56,12.202552083333334,62,0.048958333333333215
52,12.202552083333334,62,0.5
71,12.452552083333334,62,0.25
68,12.452552083333334,75,0.25
62,12.452552083333334,62,0.048958333333333215
71,12.640052083333334,62,0.0625
76,12.702552083333334,62,0.5
60,12.702552083333334,62,0.048958333333333215
45,12.702552083333334,62,1.0
52,12.702552083333334,62,1.0
69,12.952552083333334,75,0.0625
64,12.952552083333334,62,0.048958333333333215
71,13.015052083333334,75,0.0625
69,13.077552083333334,75,0.125
84,13.202552083333334,62,0.16562500000000036
68,13.202552083333334,75,0.25
60,13.202552083333334,62,0.048958333333333215
81,13.368177083333334,62,0.16770833333333357
69,13.452552083333334,75,0.25
64,13.452552083333334,62,0.048958333333333215
78,13.535885416666668,62,0.16666666666666607
72,13.640052083333334,62,0.22812500000000036
76,13.702552083333334,62,0.16562500000000036
57,13.702552083333334,62,0.048958333333333215
50,13.702552083333334,62,0.5
57,13.702552083333334,62,0.048958333333333215
75,13.868177083333334,62,0.16770833333333357
66,13.952552083333334,75,0.25
62,13.952552083333334,62,0.048958333333333215
74,14.035885416666668,62,0.16666666666666607
74,14.202552083333334,62,0.0625
69,14.202552083333334,75,0.25
59,14.202552083333334,62,0.048958333333333215
43,14.202552083333334,62,1.0
50,14.202552083333334,62,1.0
76,14.265052083333334,62,0.0625
74,14.327552083333334,62,0.0625
76,14.390052083333334,62,0.0625
74,14.452552083333334,62,0.0625
68,14.452552083333334,75,0.25
62,14.452552083333334,62,0.048958333333333215
76,14.515052083333334,62,0.0625
74,14.577552083333334,62,0.0625
76,14.640052083333334,62,0.0625
74,14.702552083333334,62,0.0625
67,14.702552083333334,75,0.25
59,14.702552083333334,62,0.048958333333333215
76,14.765052083333334,62,0.0625
74,14.827552083333334,62,0.0625
76,14.890052083333334,62,0.0625
73,14.952552083333334,62,0.125
66,14.952552083333334,75,0.25
62,14.952552083333334,62,0.048958333333333215
74,15.077552083333334,62,0.125
76,15.202552083333334,62,0.02395833333333286
64,15.202552083333334,75,0.25
55,15.202552083333334,62,0.048958333333333215
78,15.327552083333334,62,0.02395833333333286
79,15.452552083333334,62,0.02395833333333286
63,15.452552083333334,75,0.24999999999999822
60,15.452552083333334,62,0.048958333333333215
81,15.577552083333334,62,0.02395833333333286
71,15.61921875,62,0.20833333333333215
74,15.660885416666666,62,0.16666666666666607
83,15.702552083333332,62,0.125
62,15.702552083333332,75,0.09999999999999964
43,15.702552083333332,62,0.9999999999999982
91,15.827552083333332,62,0.125
86,15.952552083333332,62,0.12499999999999822
50,15.952552083333332,62,0.048958333333333215
81,16.07755208333333,62,0.125
83,16.20255208333333,88,0.125
62,16.20255208333333,75,0.10000000000000142
55,16.20255208333333,62,0.04895833333333499
74,16.32755208333333,62,0.125
79,16.45255208333333,88,0.125
50,16.45255208333333,62,0.04895833333333499
71,16.57755208333333,62,0.125
76,16.70255208333333,88,0.125
62,16.70255208333333,75,0.25
55,16.70255208333333,62,0.04895833333333499
70,16.82755208333333,62,0.125
78,16.95255208333333,88,0.125
61,16.95255208333333,75,0.25
50,16.95255208333333,62,0.04895833333333499
67,17.07755208333333,62,0.125
76,17.20255208333333,88,0.125
60,17.20255208333333,75,0.10000000000000142
43,17.20255208333333,62,1.0
68,17.32755208333333,62,0.125
74,17.45255208333333,88,0.125
50,17.45255208333333,62,0.04895833333333499
65,17.57755208333333,62,0.125
73,17.70255208333333,88,0.125
60,17.70255208333333,75,0.10000000000000142
54,17.70255208333333,62,0.04895833333333499
69,17.82755208333333,62,0.125
74,17.95255208333333,88,0.125
50,17.95255208333333,62,0.04895833333333499
66,18.07755208333333,62,0.125
76,18.20255208333333,88,0.125
59,18.20255208333333,75,0.25
54,18.20255208333333,62,0.04895833333333499
74,18.32755208333333,62,0.125
78,18.45255208333333,88,0.125
57,18.45255208333333,75,0.25
50,18.45255208333333,62,0.04895833333333499
72,18.57755208333333,62,0.125
81,18.70255208333333,88,0.125
59,18.70255208333333,75,0.5
43,18.70255208333333,62,1.0
74,18.82755208333333,62,0.125
79,18.95255208333333,88,0.125
50,18.95255208333333,62,0.04895833333333499
71,19.07755208333333,62,0.125
78,19.20255208333333,88,0.125
62,19.20255208333333,75,0.25
55,19.20255208333333,62,0.04895833333333499
74,19.32755208333333,62,0.125
79,19.45255208333333,88,0.125
71,19.45255208333333,75,0.25
59,19.45255208333333,62,0.04895833333333499
75,19.57755208333333,62,0.125
83,19.70255208333333,88,0.125
67,19.70255208333333,75,0.25
57,19.70255208333333,62,0.04895833333333499
76,19.82755208333333,62,0.125
81,19.95255208333333,88,0.125
61,19.95255208333333,75,0.25
55,19.95255208333333,62,0.04895833333333499
77,20.07755208333333,62,0.125
79,20.20255208333333,88,0.125
61,20.20255208333333,62,0.25
50,20.20255208333333,62,0.04895833333333499
69,20.32755208333333,62,0.125
78,20.45255208333333,88,0.125
62,20.45255208333333,62,0.25
57,20.45255208333333,62,0.04895833333333499
74,20.57755208333333,62,0.125
80,20.70255208333333,88,0.125
65,20.70255208333333,62,0.25
57,20.70255208333333,62,0.04895833333333499
74,20.82755208333333,62,0.125
81,20.95255208333333,88,0.125
66,20.95255208333333,75,0.25
62,20.95255208333333,62,0.04895833333333499
78,21.07755208333333,62,0.125
88,21.20255208333333,88,0.125
69,21.20255208333333,75,0.25
62,21.20255208333333,62,0.04895833333333499
78,21.32755208333333,62,0.125
86,21.45255208333333,88,0.125
72,21.45255208333333,75,0.25
66,21.45255208333333,62,0.04895833333333499
81,21.57755208333333,62,0.125
84,21.70255208333333,88,0.125
76,21.70255208333333,101,0.5
45,21.70255208333333,62,1.0
72,21.82755208333333,62,0.125
80,21.95255208333333,88,0.125
52,21.95255208333333,62,0.04895833333333499
74,22.07755208333333,62,0.125
83,22.20255208333333,88,0.125
64,22.20255208333333,75,0.5
57,22.20255208333333,62,0.04895833333333499
76,22.32755208333333,62,0.125
81,22.45255208333333,88,0.125
52,22.45255208333333,62,0.04895833333333499
72,22.57755208333333,62,0.125
77,22.70255208333333,88,0.125
63,22.70255208333333,75,0.5
57,22.70255208333333,62,0.04895833333333499
72,22.82755208333333,62,0.125
79,22.95255208333333,88,0.125
52,22.95255208333333,62,0.04895833333333499
69,23.07755208333333,62,0.125
77,23.20255208333333,88,0.125
62,23.20255208333333,75,0.10000000000000142
45,23.20255208333333,62,1.0
70,23.32755208333333,62,0.125
76,23.45255208333333,88,0.125
52,23.45255208333333,62,0.04895833333333499
67,23.57755208333333,62,0.125
75,23.70255208333333,88,0.125
62,23.70255208333333,101,0.5
56,23.70255208333333,62,0.04895833333333499
71,23.82755208333333,62,0.125
76,23.95255208333333,88,0.125
52,23.95255208333333,62,0.04895833333333499
68,24.07755208333333,62,0.125
78,24.20255208333333,88,0.125
60,24.20255208333333,75,0.25
56,24.20255208333333,62,0.04895833333333499
76,24.32755208333333,62,0.125
80,24.45255208333333,88,0.125
59,24.45255208333333,75,0.25
52,24.45255208333333,62,0.04895833333333499
74,24.57755208333333,62,0.125
83,24.70255208333333,88,0.125
60,24.70255208333333,75,0.25
45,24.70255208333333,62,1.0
76,24.82755208333333,62,0.125
81,24.95255208333333,88,0.125
64,24.95255208333333,75,0.25
72,25.07755208333333,62,0.125
80,25.20255208333333,88,0.125
72,25.20255208333333,75,0.25
57,25.20255208333333,62,0.25
75,25.32755208333333,62,0.125
81,25.45255208333333,88,0.125
66,25.45255208333333,75,0.25
60,25.45255208333333,62,0.25
74,25.57755208333333,62,0.125
84,25.70255208333333,88,0.125
64,25.70255208333333,75,0.25
50,25.70255208333333,62,0.25
50,25.70255208333333,62,0.25
69,25.82755208333333,62,0.125
78,25.95255208333333,88,0.125
63,25.95255208333333,75,0.25
57,25.95255208333333,62,0.25
72,26.07755208333333,62,0.125
81,26.20255208333333,88,0.125
62,26.20255208333333,75,0.5
59,26.20255208333333,62,0.25
43,26.20255208333333,62,0.5
71,26.32755208333333,62,0.125
80,26.45255208333333,88,0.125
50,26.45255208333333,62,0.25
74,26.57755208333333,62,0.125
79,26.70255208333333,88,0.125
62,26.70255208333333,75,0.0625
59,26.70255208333333,62,0.5
55,26.70255208333333,62,0.5
64,26.76505208333333,75,0.0625
71,26.82755208333333,62,0.125
62,26.82755208333333,75,0.0625
64,26.89005208333333,75,0.0625
78,26.95255208333333,88,0.125
61,26.95255208333333,75,0.125
74,27.07755208333333,62,0.125
62,27.07755208333333,75,0.125
81,27.20255208333333,88,0.125
64,27.20255208333333,75,0.02395833333333286
71,27.32755208333333,62,0.125
66,27.32755208333333,75,0.02395833333333286
79,27.45255208333333,88,0.125
67,27.45255208333333,75,0.02395833333333286
74,27.57755208333333,62,0.125
71,27.57755208333333,75,0.02395833333333286
78,27.70255208333333,75,0.25
67,27.70255208333333,62,0.04895833333333499
61,27.70255208333333,62,0.25
57,27.70255208333333,62,0.10000000000000142
76,27.95255208333333,75,0.25
73,27.95255208333333,62,0.04895833333333499
69,27.95255208333333,62,0.25
75,28.20255208333333,75,0.25
73,28.20255208333333,62,0.04895833333333499
57,28.20255208333333,62,0.10000000000000142
57,28.20255208333333,62,0.10000000000000142
76,28.45255208333333,75,0.25
72,28.45255208333333,62,0.04895833333333499
45,28.45255208333333,62,0.25
78,28.70255208333333,75,0.25
71,28.70255208333333,62,0.04895833333333499
62,28.70255208333333,62,0.25
56,28.70255208333333,62,0.25
73,28.95255208333333,75,0.25
70,28.95255208333333,62,0.04895833333333499
64,28.95255208333333,62,0.25
55,28.95255208333333,62,0.25
76,29.20255208333333,75,0.25
69,29.20255208333333,62,0.04895833333333499
61,29.20255208333333,62,0.25
54,29.20255208333333,62,0.10000000000000142
74,29.45255208333333,75,0.25
71,29.45255208333333,62,0.04895833333333499
62,29.45255208333333,62,0.25
73,29.70255208333333,75,0.25
70,29.70255208333333,62,0.04895833333333499
57,29.70255208333333,62,0.25
54,29.70255208333333,62,0.5
74,29.95255208333333,75,0.25
69,29.95255208333333,62,0.04895833333333499
45,29.95255208333333,62,0.25
78,30.20255208333333,75,0.25
72,30.20255208333333,62,0.04895833333333499
57,30.20255208333333,62,0.25
52,30.20255208333333,62,0.25
83,30.45255208333333,75,0.25
71,30.45255208333333,62,0.04895833333333499
45,30.45255208333333,62,0.25
51,30.45255208333333,62,0.25
81,30.70255208333333,62,0.5
74,30.70255208333333,62,0.04895833333333499
51,30.70255208333333,62,0.0
45,30.70255208333333,62,0.10000000000000142
72,30.95255208333333,62,0.04895833333333499
79,31.20255208333333,62,0.25
71,31.20255208333333,62,0.04895833333333499
51,31.20255208333333,62,0.25
45,31.20255208333333,62,0.10000000000000142
78,31.45255208333333,62,0.25
69,31.45255208333333,62,0.04895833333333499
60,31.45255208333333,62,0.25
76,31.70255208333333,62,0.25
74,31.70255208333333,62,0.04895833333333499
57,31.70255208333333,62,0.25
47,31.70255208333333,62,0.25
78,31.95255208333333,62,0.25
72,31.95255208333333,62,0.04895833333333144
51,31.95255208333333,62,0.25
45,31.95255208333333,62,0.25
79,32.20255208333333,62,1.5
72,32.20255208333333,62,0.04895833333333144
40,32.20255208333333,62,0.25
51,32.20255208333333,62,0.25
40,32.20255208333333,62,0.25
71,32.45255208333333,62,0.04895833333333144
47,32.45255208333333,62,0.25
52,32.45255208333333,62,0.25
69,32.70255208333333,62,0.04895833333333144
54,32.70255208333333,62,0.25
47,32.70255208333333,62,0.25
67,32.95255208333333,75,0.04895833333333144
55,32.95255208333333,62,0.25
52,32.95255208333333,62,0.25
70,33.20255208333333,75,0.04895833333333144
61,33.20255208333333,62,0.25
52,33.20255208333333,62,0.25
71,33.45255208333333,75,0.04895833333333144
59,33.45255208333333,62,0.25
55,33.45255208333333,62,0.25
79,33.70255208333333,62,0.04895833333333144
73,33.70255208333333,62,0.5
58,33.70255208333333,62,0.5
78,33.95255208333333,62,0.04895833333333144
42,33.95255208333333,62,0.5
79,34.14005208333333,62,0.0625
78,34.20255208333333,62,0.04895833333333144
70,34.20255208333333,62,0.5
64,34.20255208333333,88,0.5
77,34.45255208333333,62,0.04895833333333144
49,34.45255208333333,62,0.25
79,34.70255208333333,88,0.5
71,34.70255208333333,62,0.25
62,34.70255208333333,62,0.25
54,34.70255208333333,62,0.25
73,34.95255208333333,62,0.25
61,34.95255208333333,62,0.25
52,34.95255208333333,62,0.25
79,35.20255208333333,62,0.04895833333333144
74,35.20255208333333,62,0.5
59,35.20255208333333,62,0.5
50,35.20255208333333,62,0.25
78,35.45255208333333,62,0.04895833333333144
42,35.45255208333333,62,0.25
79,35.64005208333333,62,0.0625
78,35.70255208333333,62,0.04895833333333144
71,35.70255208333333,62,0.5
61,35.70255208333333,62,0.25
54,35.70255208333333,62,0.25
77,35.95255208333333,62,0.04895833333333144
62,35.95255208333333,62,0.25
59,35.95255208333333,62,0.25
79,36.20255208333333,62,0.04895833333333144
73,36.20255208333333,75,0.25
64,36.20255208333333,62,0.25
59,36.20255208333333,62,0.25
78,36.45255208333333,62,0.04895833333333144
74,36.45255208333333,75,0.25
66,36.45255208333333,62,0.25
62,36.45255208333333,62,0.25
54,36.64005208333333,62,0.16250000000000142
77,36.70255208333333,62,0.04895833333333144
76,36.70255208333333,75,0.5
73,36.70255208333333,88,0.25
78,36.95255208333333,62,0.04895833333333144
70,36.95255208333333,62,0.25
79,37.20255208333333,62,0.04895833333333144
76,37.20255208333333,88,0.5
61,37.20255208333333,62,0.25
54,37.20255208333333,62,0.10000000000000142
78,37.45255208333333,62,0.04895833333333144
66,37.45255208333333,62,0.25
83,37.70255208333333,62,0.04895833333333144
74,37.70255208333333,62,0.25
56,37.70255208333333,62,0.25
54,37.70255208333333,62,0.10000000000000142
85,37.95255208333333,62,0.04895833333333144
73,37.95255208333333,62,0.25
58,37.95255208333333,62,0.25
86,38.20255208333333,62,1.0412500000000051
74,38.20255208333333,62,0.04895833333333144
66,38.20255208333333,62,0.04895833333333144
59,38.20255208333333,62,0.5
76,38.45255208333333,62,0.04895833333333144
67,38.45255208333333,62,0.04895833333333144
74,38.70255208333333,62,0.04895833333333144
68,38.70255208333333,62,0.04895833333333144
59,38.70255208333333,62,0.5412500000000051
77,38.95255208333333,62,0.05000000000000426
69,38.95255208333333,62,0.05000000000000426
85,39.243802083333335,62,0.6000000000000085
78,39.243802083333335,62,0.05875000000000341
70,39.243802083333335,62,0.05875000000000341
58,39.243802083333335,62,0.6000000000000085
73,39.54380208333334,62,0.05875000000000341
64,39.54380208333334,62,0.05875000000000341
84,39.843802083333344,62,0.05875000000000341
72,39.843802083333344,62,0.759791666666672
65,39.843802083333344,62,0.05875000000000341
57,39.843802083333344,62,0.1097916666666734
77,40.103593750000016,62,0.04895833333333144
60,40.103593750000016,62,0.04895833333333144
79,40.291093750000016,62,0.0625
77,40.353593750000016,62,0.04895833333333144
69,40.353593750000016,62,0.04895833333333144
57,40.353593750000016,62,0.10000000000000142
76,40.603593750000016,62,0.04895833333333144
73,40.603593750000016,62,0.75
67,40.603593750000016,62,0.04895833333333144
77,40.853593750000016,88,1.0
65,40.853593750000016,62,0.04895833333333144
57,40.853593750000016,62,0.25
59,41.103593750000016,62,0.04895833333333144
56,41.103593750000016,62,0.25
72,41.353593750000016,62,0.25
60,41.353593750000016,62,0.10000000000000142
55,41.353593750000016,62,0.04895833333333144
70,41.603593750000016,62,0.04895833333333144
50,41.603593750000016,62,0.04895833333333144
72,41.791093750000016,62,0.0625
76,41.853593750000016,62,0.5
70,41.853593750000016,62,0.04895833333333144
60,41.853593750000016,62,0.10000000000000142
48,41.853593750000016,62,0.04895833333333144
69,42.103593750000016,62,0.04895833333333144
52,42.103593750000016,62,0.04895833333333144
82,42.353593750000016,62,0.5
70,42.353593750000016,88,0.5
60,42.353593750000016,62,0.25
55,42.353593750000016,88,0.5
61,42.603593750000016,62,0.25
81,42.853593750000016,62,0.04895833333333144
69,42.853593750000016,62,0.75
62,42.853593750000016,62,0.25
54,42.853593750000016,62,0.10000000000000142
74,43.103593750000016,62,0.04895833333333144
57,43.103593750000016,62,0.04895833333333144
76,43.291093750000016,62,0.0625
74,43.353593750000016,62,0.04895833333333144
66,43.353593750000016,62,0.04895833333333144
54,43.353593750000016,62,0.10000000000000142
73,43.603593750000016,62,0.04895833333333144
70,43.603593750000016,62,0.75
64,43.603593750000016,62,0.04895833333333144
74,43.853593750000016,88,1.0
62,43.853593750000016,62,0.04895833333333144
54,43.853593750000016,62,0.25
56,44.103593750000016,62,0.04895833333333144
53,44.103593750000016,62,0.25
69,44.353593750000016,62,0.04895833333333144
57,44.353593750000016,88,0.5
52,44.353593750000016,62,0.04895833333333144
67,44.603593750000016,62,0.04895833333333144
47,44.603593750000016,62,0.04895833333333144
69,44.791093750000016,62,0.0625
73,44.853593750000016,62,0.5
67,44.853593750000016,62,0.04895833333333144
57,44.853593750000016,88,0.5
45,44.853593750000016,62,0.04895833333333144
66,45.103593750000016,62,0.04895833333333144
49,45.103593750000016,62,0.04895833333333144
79,45.353593750000016,62,0.75
67,45.353593750000016,88,0.5
57,45.353593750000016,62,0.25
52,45.353593750000016,62,0.5
58,45.603593750000016,62,0.25
69,45.853593750000016,62,0.25
59,45.853593750000016,62,0.25
51,45.853593750000016,62,0.25
78,46.103593750000016,62,0.25
71,46.103593750000016,62,0.25
56,46.103593750000016,62,0.25
50,46.103593750000016,62,0.25
76,46.353593750000016,62,0.25
67,46.353593750000016,62,0.25
57,46.353593750000016,62,0.25
49,46.353593750000016,62,0.25
74,46.603593750000016,62,0.25
69,46.603593750000016,62,0.25
54,46.603593750000016,62,0.25
48,46.603593750000016,62,0.25
78,46.853593750000016,62,0.25
66,46.853593750000016,62,0.5
55,46.853593750000016,62,0.25
47,46.853593750000016,62,0.25
76,47.103593750000016,62,0.25
56,47.103593750000016,62,0.25
46,47.103593750000016,62,0.25
74,47.353593750000016,62,1.0
71,47.353593750000016,62,0.04895833333333144
57,47.353593750000016,62,0.10000000000000142
45,47.353593750000016,62,0.04895833333333144
69,47.603593750000016,62,0.04895833333333144
47,47.603593750000016,62,0.04895833333333144
67,47.853593750000016,62,0.04895833333333144
57,47.853593750000016,62,0.10000000000000142
49,47.853593750000016,62,0.04895833333333144
66,48.103593750000016,62,0.04895833333333144
50,48.103593750000016,62,0.04895833333333144
73,48.353593750000016,62,0.5
69,48.353593750000016,62,0.04895833333333144
57,48.353593750000016,62,0.10000000000000142
51,48.353593750000016,62,0.04895833333333144
67,48.603593750000016,62,0.04895833333333144
52,48.603593750000016,62,0.04895833333333144
74,48.853593750000016,62,0.5
66,48.853593750000016,62,0.04895833333333144
50,48.853593750000016,62,0.7989583333333314
69,49.103593750000016,62,0.04895833333333144
38,49.103593750000016,62,0.04895833333333144
78,49.353593750000016,62,0.25
66,49.353593750000016,62,0.04895833333333144
45,49.353593750000016,62,0.04895833333333144
76,49.603593750000016,62,0.25
69,49.603593750000016,62,0.04895833333333144
50,49.603593750000016,62,0.04895833333333144
78,49.791093750000016,62,0.0625
76,49.853593750000016,62,0.25
66,49.853593750000016,62,0.04895833333333144
62,49.853593750000016,62,0.5064105000000012
54,49.853593750000016,62,0.04895833333333144
74,50.103593750000016,62,0.2564105000000012
69,50.103593750000016,62,0.05021372291666637
57,50.103593750000016,62,0.05021372291666637
78,50.36000425000002,62,0.2631579999999971
66,50.36000425000002,62,0.05153510833333286
62,50.36000425000002,62,1.1022639999999981
76,50.623162250000014,62,0.2702705000000023
70,50.623162250000014,62,0.05292797291666318
50,50.623162250000014,62,0.5506444999999971
78,50.825865125000014,62,0.06756762500000235
76,50.89343275000002,62,0.2803739999999948
66,50.89343275000002,62,0.05490657499999685
74,51.17380675000001,62,0.2884615000000039
70,51.17380675000001,62,0.056490377083335375
50,51.17380675000001,62,0.8916135000000054
78,51.462268250000015,62,0.2970295000000007
66,51.462268250000015,62,0.0581682770833325
61,51.462268250000015,62,0.2970295000000007
76,51.759297750000016,62,0.30612250000000074
70,51.759297750000016,62,0.059948989583332946
60,51.759297750000016,62,0.30612250000000074
74,52.06542025000002,62,0.13508422916666518
74,52.06542025000002,62,0.13508422916666518
59,52.06542025000002,62,0.2600842291666652
43,52.06542025000002,62,0.5100842291666652
50,52.06542025000002,62,0.5100842291666652
59,52.06542025000002,62,0.2600842291666652
76,52.20050447916668,62,0.125
74,52.32550447916668,62,0.125
62,52.32550447916668,62,0.25
88,52.45050447916668,62,0.125
86,52.57550447916668,62,0.125
74,52.57550447916668,62,0.5
67,52.57550447916668,62,0.25
59,52.57550447916668,75,0.25
85,52.70050447916668,62,0.125
84,52.82550447916668,62,0.125
62,52.82550447916668,62,0.25
55,52.82550447916668,75,0.25
83,52.95050447916668,62,0.125
81,53.07550447916668,62,0.125
73,53.07550447916668,62,0.5
58,53.07550447916668,62,0.25
52,53.07550447916668,75,0.25
79,53.20050447916668,62,0.125
78,53.32550447916668,62,0.125
62,53.32550447916668,62,0.25
54,53.32550447916668,75,0.25
76,53.45050447916668,62,0.125
74,53.57550447916668,62,0.125
72,53.57550447916668,62,0.5
43,53.57550447916668,75,0.125
52,53.57550447916668,75,0.125
76,53.70050447916668,62,0.125
50,53.70050447916668,75,0.0625
52,53.76300447916668,75,0.0625
74,53.82550447916668,62,0.125
57,53.82550447916668,62,0.25
50,53.82550447916668,75,0.25
84,53.95050447916668,62,0.125
81,54.07550447916668,62,0.125
72,54.07550447916668,62,0.5
54,54.07550447916668,62,0.25
49,54.07550447916668,75,0.25
78,54.20050447916668,62,0.125
76,54.32550447916668,62,0.125
57,54.32550447916668,62,0.25
50,54.32550447916668,75,0.25
75,54.45050447916668,62,0.125
74,54.57550447916668,62,0.125
71,54.57550447916668,62,0.25
57,54.57550447916668,62,0.25
52,54.57550447916668,75,0.25
76,54.70050447916668,62,0.125
74,54.82550447916668,62,0.125
69,54.82550447916668,62,0.25
60,54.82550447916668,62,0.25
54,54.82550447916668,75,0.25
75,54.95050447916668,62,0.125
78,55.07550447916668,62,0.125
71,55.07550447916668,62,0.5
40,55.07550447916668,75,0.125
57,55.07550447916668,75,0.125
75,55.20050447916668,62,0.125
55,55.20050447916668,75,0.0625
57,55.26300447916668,75,0.0625
76,55.32550447916668,62,0.125
64,55.32550447916668,62,0.25
55,55.32550447916668,75,0.25
79,55.45050447916668,62,0.125
74,55.57550447916668,62,0.125
74,55.57550447916668,62,0.125
59,55.57550447916668,62,0.25
54,55.57550447916668,75,0.25
83,55.70050447916668,62,0.125
78,55.82550447916668,62,0.125
64,55.82550447916668,62,0.25
55,55.82550447916668,75,0.25
81,55.95050447916668,62,0.125
79,56.07550447916668,62,0.125
73,56.07550447916668,62,0.5
45,56.07550447916668,75,0.25
59,56.07550447916668,75,0.25
75,56.20050447916668,62,0.125
78,56.32550447916668,62,0.125
67,56.32550447916668,62,0.25
57,56.32550447916668,75,0.25
76,56.45050447916668,62,0.125
73,56.57550447916668,62,0.0
50,56.57550447916668,75,0.25
55,56.57550447916668,75,0.25
74,56.70050447916668,62,0.125
68,56.82550447916668,62,0.125
62,56.82550447916668,62,0.25
54,56.82550447916668,75,0.25
69,56.95050447916668,62,0.125
77,57.07550447916668,62,0.125
62,57.07550447916668,62,0.25
56,57.07550447916668,75,0.25
78,57.20050447916668,62,0.125
73,57.32550447916668,62,0.125
66,57.32550447916668,62,0.25
57,57.32550447916668,75,0.25
74,57.45050447916668,62,0.125
73,57.57550447916668,62,0.125
66,57.57550447916668,62,0.25
64,57.57550447916668,75,0.25
74,57.70050447916668,62,0.125
78,57.82550447916668,62,0.125
69,57.82550447916668,62,0.25
62,57.82550447916668,75,0.25
81,57.95050447916668,62,0.125
88,58.07550447916668,62,0.125
60,58.07550447916668,75,0.25
45,58.07550447916668,62,1.0
52,58.07550447916668,62,1.0
76,58.20050447916668,88,0.125
83,58.32550447916668,62,0.125
64,58.32550447916668,62,0.04895833333333144
56,58.32550447916668,75,0.25
86,58.45050447916668,62,0.125
85,58.57550447916668,62,0.125
69,58.57550447916668,62,0.04895833333333144
59,58.57550447916668,75,0.25
75,58.70050447916668,88,0.125
78,58.82550447916668,62,0.125
63,58.82550447916668,62,0.04895833333333144
57,58.82550447916668,75,0.25
84,58.95050447916668,62,0.125
83,59.07550447916668,62,0.125
53,59.07550447916668,75,0.25
45,59.07550447916668,62,0.5
71,59.20050447916668,88,0.125
75,59.32550447916668,62,0.125
55,59.32550447916668,75,0.25
82,59.45050447916668,62,0.125
81,59.57550447916668,62,0.125
53,59.57550447916668,75,0.125
45,59.57550447916668,62,1.0
74,59.70050447916668,88,0.125
52,59.70050447916668,75,0.0625
53,59.76300447916668,75,0.0625
79,59.82550447916668,62,0.125
62,59.82550447916668,62,0.04895833333333144
52,59.82550447916668,75,0.25
71,59.95050447916668,62,0.125
77,60.07550447916668,62,0.125
57,60.07550447916668,62,0.04895833333333144
51,60.07550447916668,75,0.25
72,60.20050447916668,88,0.125
76,60.32550447916668,62,0.125
60,60.32550447916668,62,0.04895833333333144
52,60.32550447916668,75,0.25
69,60.45050447916668,62,0.125
75,60.57550447916668,62,0.125
59,60.57550447916668,62,0.04895833333333144
54,60.57550447916668,75,0.25
71,60.70050447916668,88,0.125
74,60.82550447916668,62,0.125
64,60.82550447916668,62,0.04895833333333144
56,60.82550447916668,75,0.25
64,60.95050447916668,62,0.125
68,61.07550447916668,62,0.125
59,61.07550447916668,75,0.125
45,61.07550447916668,62,1.0
52,61.07550447916668,62,1.0
69,61.20050447916668,62,0.125
57,61.20050447916668,75,0.0625
59,61.26300447916668,75,0.0625
71,61.32550447916668,62,0.125
64,61.32550447916668,62,0.04895833333333144
57,61.32550447916668,75,0.25
72,61.45050447916668,62,0.125
76,61.57550447916668,62,0.125
60,61.57550447916668,62,0.04895833333333144
56,61.57550447916668,75,0.25
71,61.70050447916668,62,0.125
72,61.82550447916668,62,0.125
64,61.82550447916668,62,0.04895833333333144
57,61.82550447916668,75,0.25
76,61.95050447916668,62,0.125
77,62.07550447916668,62,0.125
60,62.07550447916668,75,0.25
50,62.07550447916668,62,0.25
78,62.20050447916668,62,0.125
75,62.32550447916668,62,0.125
80,62.32550447916668,62,0.125
54,62.32550447916668,75,0.25
38,62.32550447916668,62,0.25
81,62.45050447916668,62,0.125
74,62.57550447916668,62,0.125
83,62.57550447916668,62,0.125
57,62.57550447916668,75,0.25
43,62.57550447916668,62,1.0
84,62.70050447916668,62,0.125
77,62.82550447916668,62,0.125
62,62.82550447916668,62,0.04895833333333144
56,62.82550447916668,75,0.25
78,62.95050447916668,62,0.125
79,63.07550447916668,62,0.125
59,63.07550447916668,62,0.04895833333333144
55,63.07550447916668,75,0.25
74,63.20050447916668,62,0.125
71,63.32550447916668,62,0.125
62,63.32550447916668,62,0.04895833333333144
54,63.32550447916668,75,0.25
72,63.45050447916668,62,0.125
73,63.57550447916668,62,0.125
59,63.57550447916668,62,0.04895833333333144
57,63.57550447916668,75,0.25
74,63.70050447916668,62,0.125
71,63.82550447916668,62,0.125
62,63.82550447916668,62,0.04895833333333144
55,63.82550447916668,75,0.25
70,63.95050447916668,62,0.125
69,64.07550447916668,62,0.375
66,64.07550447916668,62,0.25
57,64.07550447916668,62,0.04895833333333144
45,64.07550447916668,62,1.0
64,64.32550447916668,62,0.25
55,64.32550447916668,62,0.04895833333333144
69,64.45050447916668,62,0.125
69,64.57550447916668,62,0.375
63,64.57550447916668,62,0.25
57,64.57550447916668,62,0.04895833333333144
64,64.82550447916668,62,0.25
55,64.82550447916668,62,0.04895833333333144
69,64.95050447916668,62,0.125
69,65.07550447916668,62,0.03229166666666572
66,65.07550447916668,62,0.2499999999999858
57,65.07550447916668,62,0.04895833333333144
73,65.24112947916667,62,0.03333333333333144
61,65.32550447916667,62,0.25
55,65.32550447916667,62,0.04895833333333144
71,65.4088378125,62,0.03333333333333144
69,65.57550447916667,62,0.375
64,65.57550447916667,62,0.25
54,65.57550447916667,62,0.04895833333333144
45,65.57550447916667,62,0.9999999999999858
54,65.57550447916667,62,0.04895833333333144
62,65.82550447916667,62,0.25
57,65.82550447916667,62,0.04895833333333144
69,65.95050447916667,62,0.125
69,66.07550447916667,62,0.03229166666666572
61,66.07550447916667,62,0.2499999999999858
54,66.07550447916667,62,0.04895833333333144
81,66.24112947916666,62,0.03333333333333144
62,66.32550447916665,62,0.25
57,66.32550447916665,62,0.04895833333333144
78,66.40883781249998,62,0.03333333333333144
74,66.57550447916665,62,0.03229166666666572
66,66.57550447916665,62,0.2499999999999858
57,66.57550447916665,62,0.04895833333333144
78,66.74112947916664,62,0.03333333333333144
71,66.82550447916664,62,0.25
62,66.82550447916664,62,0.04895833333333144
68,66.90883781249997,62,0.03333333333333144
69,67.07550447916664,62,0.375
69,67.07550447916664,62,0.375
60,67.07550447916664,62,0.04895833333333144
45,67.07550447916664,62,0.9999999999999858
51,67.07550447916664,62,0.9999999999999858
57,67.32550447916664,62,0.04895833333333144
69,67.45050447916664,62,0.125
69,67.57550447916664,62,0.0
67,67.57550447916664,62,0.2499999999999858
60,67.57550447916664,62,0.04895833333333144
69,67.74112947916663,62,0.03333333333333144
66,67.82550447916663,62,0.25
57,67.82550447916663,62,0.04895833333333144
71,67.90883781249995,62,0.03333333333333144
72,68.07550447916663,62,0.03229166666666572
64,68.07550447916663,62,0.2499999999999858
60,68.07550447916663,62,0.04895833333333144
74,68.24112947916662,62,0.03333333333333144
66,68.32550447916661,62,0.25
57,68.32550447916661,62,0.04895833333333144
72,68.40883781249994,62,0.03333333333333144
71,68.57550447916661,62,0.375
67,68.57550447916661,62,1.75
40,68.57550447916661,62,0.5
55,68.82550447916661,62,0.25
71,68.95050447916661,62,0.125
71,69.07550447916661,62,0.03229166666666572
57,69.07550447916661,62,0.25
47,69.07550447916661,62,0.25
73,69.24112947916662,62,0.03333333333333144
59,69.32550447916661,62,0.25
52,69.32550447916661,62,0.25
74,69.40883781249994,62,0.03333333333333144
76,69.57550447916661,62,0.03229166666666572
61,69.57550447916661,62,0.25
55,69.57550447916661,62,0.25
78,69.74112947916662,62,0.03333333333333144
59,69.82550447916661,62,0.25
52,69.82550447916661,62,0.25
74,69.90883781249994,62,0.03333333333333144
73,70.07550447916661,62,0.375
58,70.07550447916661,62,0.04895833333333144
42,70.07550447916661,62,0.9999999999999858
52,70.07550447916661,62,0.9999999999999858
66,70.32550447916661,62,0.25
64,70.32550447916661,62,0.04895833333333144
73,70.45050447916661,62,0.125
67,70.51300447916661,62,0.0625
73,70.57550447916661,62,0.03229166666666572
66,70.57550447916661,62,0.2499999999999858
58,70.57550447916661,62,0.04895833333333144
88,70.7411294791666,62,0.03333333333333144
65,70.8255044791666,62,0.25
64,70.8255044791666,62,0.04895833333333144
85,70.90883781249993,62,0.03333333333333144
76,71.0755044791666,62,0.03229166666666572
67,71.0755044791666,62,0.7499999999999858
58,71.0755044791666,62,0.04895833333333144
85,71.24112947916659,62,0.03333333333333144
64,71.32550447916658,62,0.04895833333333144
73,71.40883781249991,62,0.03333333333333144
71,71.57550447916658,62,0.375
59,71.57550447916658,62,0.04895833333333144
42,71.57550447916658,62,0.9999999999999858
50,71.57550447916658,62,0.9999999999999858
66,71.82550447916658,62,0.25
62,71.82550447916658,62,0.04895833333333144
71,71.95050447916658,62,0.125
67,72.01300447916658,62,0.0625
71,72.07550447916658,62,0.03229166666666572
66,72.07550447916658,62,0.2499999999999858
59,72.07550447916658,62,0.04895833333333144
86,72.24112947916657,62,0.03333333333333144
65,72.32550447916657,62,0.25
62,72.32550447916657,62,0.04895833333333144
83,72.4088378124999,62,0.03333333333333144
74,72.57550447916657,62,0.03229166666666572
67,72.57550447916657,62,0.2499999999999858
59,72.57550447916657,62,0.04895833333333144
83,72.74112947916656,62,0.03333333333333144
66,72.82550447916655,62,0.25
62,72.82550447916655,62,0.04895833333333144
71,72.90883781249988,62,0.03333333333333144
73,73.07550447916655,62,0.375
65,73.07550447916655,62,0.25
58,73.07550447916655,62,0.04895833333333144
42,73.07550447916655,62,0.9999999999999858
52,73.07550447916655,62,0.9999999999999858
66,73.32550447916655,62,0.25
64,73.32550447916655,62,0.04895833333333144
73,73.45050447916655,62,0.125
73,73.57550447916655,62,0.03229166666666572
67,73.57550447916655,62,0.2499999999999858
58,73.57550447916655,62,0.04895833333333144
76,73.74112947916655,62,0.03333333333333144
66,73.82550447916654,62,0.25
64,73.82550447916654,62,0.04895833333333144
78,73.90883781249987,62,0.03333333333333144
79,74.07550447916654,62,0.03229166666666572
71,74.07550447916654,62,0.2499999999999858
64,74.07550447916654,62,0.04895833333333144
54,74.07550447916654,62,0.4999999999999858
81,74.24112947916653,62,0.03333333333333144
73,74.32550447916653,62,0.25
70,74.32550447916653,62,0.04895833333333144
79,74.40883781249985,62,0.03333333333333144
78,74.57550447916653,62,0.0625
74,74.57550447916653,62,1.0
59,74.57550447916653,62,0.375
79,74.63800447916653,62,0.0625
78,74.70050447916653,62,0.0625
79,74.76300447916653,62,0.0625
78,74.82550447916653,62,0.0625
79,74.88800447916653,62,0.0625
78,74.95050447916653,62,0.0625
59,74.95050447916653,62,0.125
79,75.01300447916653,62,0.0625
78,75.07550447916653,62,0.0625
59,75.07550447916653,62,0.03229166666666572
79,75.13800447916653,62,0.0625
78,75.20050447916653,62,0.0625
62,75.24112947916653,62,0.03333333333333144
79,75.26300447916653,62,0.0625
78,75.32550447916653,62,0.0625
79,75.38800447916653,62,0.0625
64,75.40883781249985,62,0.03333333333333144
78,75.45050447916653,62,0.0625
79,75.51300447916653,62,0.0625
78,75.57550447916653,62,0.0625
73,75.57550447916653,62,0.5
66,75.57550447916653,62,0.03229166666666572
79,75.63800447916653,62,0.0625
78,75.70050447916653,62,0.0625
68,75.74112947916653,62,0.03333333333333144
79,75.76300447916653,62,0.0625
79,75.82550447916653,62,0.125
70,75.90883781249985,62,0.03333333333333144
78,75.95050447916653,62,0.125
77,76.07550447916653,62,0.375
72,76.07550447916653,75,0.25
57,76.07550447916653,62,0.04895833333333144
65,76.32550447916653,75,0.25
60,76.32550447916653,62,0.04895833333333144
77,76.45050447916653,62,0.125
67,76.51300447916653,75,0.0625
77,76.57550447916653,62,0.03229166666666572
65,76.57550447916653,75,0.2499999999999858
57,76.57550447916653,62,0.04895833333333144
84,76.74112947916652,62,0.03333333333333144
64,76.82550447916651,62,0.25
60,76.82550447916651,62,0.04895833333333144
81,76.90883781249984,62,0.03333333333333144
77,77.07550447916651,62,0.03229166666666572
65,77.07550447916651,62,0.4999999999999858
57,77.07550447916651,62,0.04895833333333144
81,77.2411294791665,62,0.03333333333333144
60,77.3255044791665,62,0.04895833333333144
72,77.40883781249983,62,0.03333333333333144
77,77.5755044791665,75,0.25
62,77.5755044791665,62,0.03229166666666572
55,77.5755044791665,62,0.5
74,77.7411294791665,62,0.03333333333333144
70,77.8255044791665,75,0.25
67,77.90883781249983,62,0.03333333333333144
72,78.0130044791665,75,0.0625
70,78.0755044791665,75,0.25
64,78.0755044791665,62,0.03229166666666572
67,78.2411294791665,62,0.03333333333333144
69,78.3255044791665,62,0.25
60,78.40883781249983,62,0.03333333333333144
70,78.5755044791665,62,0.5000000000000142
61,78.5755044791665,62,0.03229166666666572
64,78.7411294791665,62,0.03333333333333144
55,78.90883781249984,62,0.03333333333333144
74,79.07550447916651,62,0.375
69,79.07550447916651,75,0.25
53,79.07550447916651,62,0.04895833333333144
62,79.32550447916651,75,0.25
57,79.32550447916651,62,0.04895833333333144
74,79.45050447916651,62,0.125
64,79.51300447916651,75,0.0625
74,79.57550447916651,62,0.03229166666666572
62,79.57550447916651,75,0.2499999999999858
53,79.57550447916651,62,0.04895833333333144
81,79.7411294791665,62,0.03333333333333144
61,79.8255044791665,62,0.25
57,79.8255044791665,62,0.04895833333333144
78,79.90883781249983,62,0.03333333333333144
74,80.0755044791665,62,0.03229166666666572
62,80.0755044791665,62,0.4999999999999858
53,80.0755044791665,62,0.04895833333333144
78,80.24112947916649,62,0.03333333333333144
57,80.32550447916648,62,0.04895833333333144
69,80.40883781249981,62,0.03333333333333144
74,80.57550447916648,75,0.25
58,80.57550447916648,62,0.03229166666666572
52,80.57550447916648,62,0.5
70,80.74112947916649,62,0.03333333333333144
67,80.82550447916648,75,0.25
64,80.90883781249981,62,0.03333333333333144
69,81.01300447916648,75,0.0625
67,81.07550447916648,75,0.25
58,81.07550447916648,62,0.03229166666666572
62,81.24112947916649,62,0.03333333333333144
66,81.32550447916648,62,0.25
52,81.40883781249981,62,0.03333333333333144
67,81.57550447916648,62,0.7500000000000142
57,81.57550447916648,62,0.03229166666666572
61,81.74112947916649,62,0.03333333333333144
45,81.90883781249983,62,0.03333333333333144
61,82.0755044791665,62,0.25
46,82.0755044791665,62,0.25
52,82.0755044791665,62,0.25
62,82.3255044791665,62,0.25
66,82.3255044791665,62,0.25
47,82.3255044791665,62,0.25
50,82.3255044791665,62,0.25
59,82.5755044791665,62,0.25
64,82.5755044791665,62,0.25
43,82.5755044791665,62,0.25
49,82.5755044791665,62,0.25
58,82.8255044791665,62,0.25
62,82.8255044791665,62,0.25
42,82.8255044791665,62,0.25
50,82.8255044791665,62,0.25
57,83.0755044791665,62,0.25
66,83.0755044791665,62,0.25
47,83.0755044791665,62,0.25
40,83.0755044791665,62,0.5131580000000042
56,83.3255044791665,62,0.2631580000000042
64,83.3255044791665,62,0.2631580000000042
50,83.3255044791665,62,0.2631580000000042
62,83.5886624791665,75,0.4248367499999972
59,83.5886624791665,62,0.27777799999999786
55,83.5886624791665,62,0.27777799999999786
45,83.5886624791665,88,0.5718954999999966
57,83.8664404791665,62,0.2941174999999987
54,83.8664404791665,62,0.2941174999999987
62,84.0134992291665,75,0.14705874999999935
62,84.1605579791665,75,0.4896035000000012
55,84.1605579791665,62,0.3191489999999959
52,84.1605579791665,62,0.3191489999999959
45,84.1605579791665,88,0.6600580000000065
54,84.4797069791665,62,0.34090900000001056
51,84.4797069791665,62,0.34090900000001056
62,84.6501614791665,62,0.17045450000000528
61,84.8206159791665,62,0.04725607708333257
57,84.8206159791665,62,0.36585350000000005
54,84.8206159791665,62,0.36585350000000005
45,84.8206159791665,88,0.7605905000000064
59,85.0629939229165,62,0.04878046666667046
55,85.1864694791665,62,0.39473700000000633
52,85.1864694791665,62,0.39473700000000633
61,85.3180484791665,62,0.052631599999998
62,85.58120647916651,62,0.5493872625000051
54,85.58120647916651,62,0.29938726250000514
50,85.58120647916651,62,0.5493872625000051
38,85.58120647916651,62,1.0493872625000051
57,85.88059374166652,62,0.04895833333333144
66,86.13059374166652,62,0.25
54,86.13059374166652,62,0.04895833333333144
64,86.38059374166652,62,0.25
57,86.38059374166652,62,0.04895833333333144
66,86.56809374166652,62,0.0625
74,86.63059374166652,62,0.5
64,86.63059374166652,62,0.25
54,86.63059374166652,62,0.04895833333333144
62,86.88059374166652,62,0.25
57,86.88059374166652,62,0.04895833333333144
74,87.13059374166652,75,1.0
66,87.13059374166652,62,0.25
55,87.13059374166652,62,0.04895833333333144
38,87.13059374166652,62,1.0
45,87.13059374166652,62,1.0
64,87.38059374166652,62,0.25
59,87.38059374166652,62,0.04895833333333144
66,87.56809374166652,62,0.0625
64,87.63059374166652,62,0.25
55,87.63059374166652,62,0.04895833333333144
62,87.88059374166652,62,0.25
59,87.88059374166652,62,0.04895833333333144
62,88.13059374166652,62,0.0
66,88.13059374166652,62,0.25
55,88.13059374166652,62,0.04895833333333144
64,88.38059374166652,62,0.25
59,88.38059374166652,62,0.04895833333333144
64,88.63059374166652,62,0.0
54,88.63059374166652,62,0.04895833333333144
38,88.63059374166652,62,0.5
45,88.63059374166652,62,0.5
62,88.88059374166652,62,0.25
57,88.88059374166652,62,0.04895833333333144
66,89.13059374166652,62,0.25
54,89.13059374166652,62,0.04895833333333144
64,89.38059374166652,62,0.25
57,89.38059374166652,62,0.04895833333333144
66,89.56809374166652,62,0.0625
74,89.63059374166652,62,0.375
64,89.63059374166652,62,0.25
54,89.63059374166652,62,0.04895833333333144
62,89.88059374166652,62,0.25
57,89.88059374166652,62,0.04895833333333144
74,90.00559374166652,62,0.125
74,90.13059374166652,75,1.0
66,90.13059374166652,62,0.25
55,90.13059374166652,62,0.04895833333333144
38,90.13059374166652,62,1.0
45,90.13059374166652,62,1.0
64,90.38059374166652,62,0.25
59,90.38059374166652,62,0.04895833333333144
66,90.56809374166652,62,0.0625
64,90.63059374166652,62,0.25
55,90.63059374166652,62,0.04895833333333144
62,90.88059374166652,62,0.25
59,90.88059374166652,62,0.04895833333333144
62,91.13059374166652,62,0.0
66,91.13059374166652,62,0.25
55,91.13059374166652,62,0.04895833333333144
64,91.38059374166652,62,0.25
59,91.38059374166652,62,0.04895833333333144
62,91.63059374166652,62,0.04895833333333144
54,91.63059374166652,62,0.04895833333333144
62,91.63059374166652,62,0.04895833333333144
38,91.63059374166652,62,1.5
57,91.88059374166652,62,0.04895833333333144
74,92.13059374166652,62,0.25
63,92.13059374166652,62,0.5
60,92.13059374166652,62,0.04895833333333144
72,92.38059374166652,62,0.25
54,92.38059374166652,62,0.04895833333333144
74,92.56809374166652,62,0.0625
72,92.63059374166652,62,0.25
64,92.63059374166652,62,0.5
55,92.63059374166652,62,0.04895833333333144
70,92.88059374166652,62,0.75
61,92.88059374166652,62,0.04895833333333144
65,93.13059374166652,62,0.5
65,93.13059374166652,62,0.5
62,93.13059374166652,62,0.04895833333333144
38,93.13059374166652,62,1.5
56,93.38059374166652,62,0.04895833333333144
75,93.63059374166652,62,0.25
66,93.63059374166652,62,0.5
57,93.63059374166652,62,0.04895833333333144
74,93.88059374166652,62,0.25
63,93.88059374166652,62,0.04895833333333144
75,94.06809374166652,62,0.0625
74,94.13059374166652,62,0.25
67,94.13059374166652,62,0.5
64,94.13059374166652,62,0.04895833333333144
73,94.38059374166652,62,0.75
58,94.38059374166652,62,0.04895833333333144
67,94.63059374166652,62,0.25
59,94.63059374166652,62,0.04895833333333144
38,94.63059374166652,62,1.5131580000000042
68,94.88059374166652,62,0.5
65,94.88059374166652,62,0.04895833333333144
77,95.13059374166652,62,0.25
60,95.13059374166652,62,0.04895833333333144
75,95.38059374166652,62,0.25
69,95.38059374166652,62,0.5
66,95.38059374166652,62,0.04895833333333144
77,95.56809374166652,62,0.0625
75,95.63059374166652,62,0.25
61,95.63059374166652,62,0.04895833333333144
74,95.88059374166652,62,0.8350535000000008
70,95.88059374166652,62,0.2631580000000042
67,95.88059374166652,62,0.05153510833333996
62,96.14375174166652,62,0.27777799999999786
70,96.14375174166652,62,0.27777799999999786
38,96.14375174166652,62,0.5718954999999966
63,96.42152974166652,62,0.2941174999999987
71,96.42152974166652,62,0.2941174999999987
74,96.71564724166652,62,0.07978724999999542
64,96.71564724166652,62,0.3191489999999817
72,96.71564724166652,62,0.3191489999999817
50,96.71564724166652,62,0.6600579999999923
76,96.79543449166651,62,0.07978724999999542
74,96.87522174166651,62,0.07978724999999542
76,96.9550089916665,62,0.07978724999999542
74,97.0347962416665,62,0.08522725000000264
65,97.0347962416665,62,0.34090900000001056
73,97.0347962416665,62,0.34090900000001056
76,97.1200234916665,62,0.08522725000000264
74,97.2052507416665,62,0.08522725000000264
76,97.2904779916665,62,0.08522725000000264
74,97.37570524166651,62,0.09146337500000357
66,97.37570524166651,62,0.36585350000001426
74,97.37570524166651,62,0.09146337500000357
62,97.37570524166651,62,0.7605905000000348
76,97.46716861666651,62,0.09146337500000357
74,97.55863199166652,62,0.09146337500000357
76,97.65009536666652,62,0.09146337500000357
74,97.74155874166652,62,0.0
70,97.74155874166652,62,0.39473700000002054
72,97.74155874166652,62,0.39473700000002054
76,97.84024299166653,62,0.09868425000000514
74,97.93892724166653,62,0.09868425000000514
76,98.03761149166654,62,0.09868425000000514
74,98.13629574166654,62,0.4140318687500013
71,98.13629574166654,62,0.5390318687500013
43,98.13629574166654,62,0.1640318687500013
43,98.13629574166654,62,0.1640318687500013
50,98.30032761041655,62,0.125
59,98.42532761041655,62,0.125
74,98.55032761041655,62,0.125
62,98.55032761041655,62,0.125
74,98.67532761041655,62,0.03229166666666572
71,98.67532761041655,62,0.125
71,98.67532761041655,62,0.125
59,98.80032761041655,62,0.125
86,98.84095261041655,62,0.03333333333333144
67,98.92532761041655,62,0.125
67,98.92532761041655,62,0.125
83,99.00866094374987,62,0.03333333333333144
62,99.05032761041655,62,0.125
79,99.17532761041655,62,0.03229166666666572
64,99.17532761041655,62,0.125
64,99.17532761041655,62,0.125
55,99.30032761041655,62,0.125
74,99.34095261041655,62,0.03333333333333144
66,99.42532761041655,62,0.125
66,99.42532761041655,62,0.125
73,99.50866094374987,62,0.03333333333333144
58,99.55032761041655,62,0.125
72,99.67532761041655,62,0.375
64,99.67532761041655,62,0.25
43,99.67532761041655,62,0.125
43,99.67532761041655,62,0.125
50,99.80032761041655,62,0.125
62,99.92532761041655,62,0.25
53,99.92532761041655,62,0.125
72,100.05032761041655,62,0.125
56,100.05032761041655,62,0.125
72,100.17532761041655,62,0.03229166666666572
61,100.17532761041655,62,0.125
61,100.17532761041655,62,0.125
54,100.30032761041655,62,0.125
81,100.34095261041655,62,0.03333333333333144
62,100.42532761041655,62,0.125
62,100.42532761041655,62,0.125
78,100.50866094374987,62,0.03333333333333144
57,100.55032761041655,62,0.125
74,100.67532761041655,62,0.03229166666666572
64,100.67532761041655,62,0.125
64,100.67532761041655,62,0.125
62,100.80032761041655,62,0.125
71,100.84095261041655,62,0.03333333333333144
66,100.92532761041655,62,0.125
66,100.92532761041655,62,0.125
69,101.00866094374987,62,0.03333333333333144
60,101.05032761041655,62,0.125
71,101.17532761041655,62,0.375
69,101.17532761041655,62,0.25
43,101.17532761041655,62,0.125
43,101.17532761041655,62,0.125
51,101.30032761041655,62,0.125
67,101.42532761041655,62,0.25
52,101.42532761041655,62,0.125
71,101.55032761041655,62,0.125
55,101.55032761041655,62,0.125
71,101.67532761041655,62,0.03229166666666572
66,101.67532761041655,62,0.125
66,101.67532761041655,62,0.125
59,101.80032761041655,62,0.125
83,101.84095261041655,62,0.03333333333333144
67,101.92532761041655,62,0.125
67,101.92532761041655,62,0.125
79,102.00866094374987,62,0.03333333333333144
64,102.05032761041655,62,0.125
74,102.17532761041655,62,0.03229166666666572
71,102.17532761041655,62,0.125
71,102.17532761041655,62,0.125
64,102.30032761041655,62,0.125
79,102.34095261041655,62,0.03333333333333144
69,102.42532761041655,62,0.125
69,102.42532761041655,62,0.125
73,102.50866094374987,62,0.03333333333333144
57,102.55032761041655,62,0.125
73,102.67532761041655,62,0.03229166666666572
67,102.67532761041655,62,0.25
38,102.67532761041655,62,0.125
38,102.67532761041655,62,0.125
50,102.80032761041655,62,0.125
74,102.84095261041655,62,0.03333333333333144
66,102.92532761041655,62,0.25
57,102.92532761041655,62,0.125
75,103.00866094374987,62,0.03333333333333144
62,103.05032761041655,62,0.125
76,103.17532761041655,62,0.03229166666666572
68,103.17532761041655,62,0.125
68,103.17532761041655,62,0.125
66,103.30032761041655,62,0.125
77,103.34095261041655,62,0.03333333333333144
69,103.42532761041655,62,0.125
69,103.42532761041655,62,0.125
78,103.50866094374987,62,0.03333333333333144
62,103.55032761041655,62,0.125
80,103.67532761041655,62,0.03229166666666572
72,103.67532761041655,62,0.5
76,103.67532761041655,62,0.125
76,103.67532761041655,62,0.125
69,103.80032761041655,62,0.125
81,103.84095261041655,62,0.03333333333333144
74,103.92532761041655,62,0.125
74,103.92532761041655,62,0.125
84,104.00866094374987,62,0.03333333333333144
66,104.05032761041655,62,0.125
88,104.17532761041655,62,0.375
72,104.17532761041655,62,0.25
45,104.17532761041655,62,0.125
45,104.17532761041655,62,0.125
52,104.30032761041655,62,0.125
68,104.42532761041655,62,0.25
60,104.42532761041655,62,0.125
76,104.55032761041655,62,0.125
64,104.55032761041655,62,0.125
76,104.67532761041655,62,0.03229166666666572
71,104.67532761041655,62,0.125
71,104.67532761041655,62,0.125
64,104.80032761041655,62,0.125
84,104.84095261041655,62,0.03333333333333144
69,104.92532761041655,62,0.125
69,104.92532761041655,62,0.125
81,105.00866094374987,62,0.03333333333333144
60,105.05032761041655,62,0.125
75,105.17532761041655,62,0.03229166666666572
65,105.17532761041655,62,0.125
65,105.17532761041655,62,0.125
57,105.30032761041655,62,0.125
71,105.34095261041655,62,0.03333333333333144
68,105.42532761041655,62,0.25
67,105.42532761041655,62,0.125
72,105.50866094374987,62,0.03333333333333144
63,105.55032761041655,62,0.125
74,105.67532761041655,62,0.375
65,105.67532761041655,62,0.25
45,105.67532761041655,62,0.125
45,105.67532761041655,62,0.125
52,105.80032761041655,62,0.125
64,105.92532761041655,62,0.25
55,105.92532761041655,62,0.125
74,106.05032761041655,62,0.125
58,106.05032761041655,62,0.125
74,106.17532761041655,62,0.03229166666666572
63,106.17532761041655,62,0.125
63,106.17532761041655,62,0.125
56,106.30032761041655,62,0.125
83,106.34095261041655,62,0.03333333333333144
64,106.42532761041655,62,0.125
64,106.42532761041655,62,0.125
80,106.50866094374987,62,0.03333333333333144
59,106.55032761041655,62,0.125
76,106.67532761041655,62,0.03229166666666572
66,106.67532761041655,62,0.125
66,106.67532761041655,62,0.125
64,106.80032761041655,62,0.125
72,106.84095261041655,62,0.03333333333333144
68,106.92532761041655,62,0.125
68,106.92532761041655,62,0.125
71,107.00866094374987,62,0.03333333333333144
62,107.05032761041655,62,0.125
76,107.17532761041655,62,0.375
71,107.17532761041655,62,0.25
45,107.17532761041655,62,0.125
45,107.17532761041655,62,0.125
52,107.30032761041655,62,0.125
69,107.42532761041655,62,0.25
60,107.42532761041655,62,0.125
76,107.55032761041655,62,0.125
64,107.55032761041655,62,0.125
76,107.67532761041655,62,0.03229166666666572
68,107.67532761041655,62,0.125
68,107.67532761041655,62,0.125
64,107.80032761041655,62,0.125
84,107.84095261041655,62,0.03333333333333144
69,107.92532761041655,62,0.125
69,107.92532761041655,62,0.125
81,108.00866094374987,62,0.03333333333333144
60,108.05032761041655,62,0.125
76,108.17532761041655,62,0.03229166666666572
72,108.17532761041655,62,0.25
50,108.17532761041655,62,0.125
50,108.17532761041655,62,0.125
57,108.30032761041655,62,0.125
75,108.34095261041655,62,0.03333333333333144
66,108.42532761041655,62,0.125
66,108.42532761041655,62,0.125
74,108.50866094374987,62,0.03333333333333144
62,108.55032761041655,62,0.125
74,108.67532761041655,62,0.375
69,108.67532761041655,62,0.25
43,108.67532761041655,62,0.125
43,108.67532761041655,62,0.125
50,108.80032761041655,62,0.125
68,108.92532761041655,62,0.25
59,108.92532761041655,62,0.125
74,109.05032761041655,62,0.125
62,109.05032761041655,62,0.125
74,109.17532761041655,62,0.0625
67,109.17532761041655,62,0.125
67,109.17532761041655,62,0.125
76,109.23782761041655,62,0.0625
74,109.30032761041655,62,0.0625
62,109.30032761041655,62,0.125
76,109.36282761041655,62,0.0625
73,109.42532761041655,75,0.125
66,109.42532761041655,75,0.125
66,109.42532761041655,75,0.125
74,109.55032761041655,75,0.125
59,109.55032761041655,75,0.125
76,109.67532761041655,75,0.023958333333339965
64,109.67532761041655,75,0.125
64,109.67532761041655,75,0.125
78,109.80032761041655,75,0.023958333333339965
60,109.80032761041655,75,0.125
79,109.92532761041655,75,0.023958333333339965
63,109.92532761041655,75,0.125
63,109.92532761041655,75,0.125
82,110.05032761041655,75,0.023958333333339965
55,110.05032761041655,75,0.125
71,110.17532761041655,88,0.25
83,110.17532761041655,88,0.25
74,110.17532761041655,75,1.0
62,110.17532761041655,88,0.16562500000000568
62,110.17532761041655,75,0.16562500000000568
50,110.34095261041655,75,0.1677083333333229
71,110.42532761041655,88,0.125
43,110.50866094374987,75,0.1666666666666714
83,110.55032761041655,88,0.375
71,110.67532761041655,88,0.25
31,110.67532761041655,75,0.16562500000000568
43,110.84095261041655,75,0.1677083333333229
67,110.92532761041655,88,0.25
79,110.92532761041655,88,0.25
50,111.00866094374987,75,0.6666666666666714
64,111.17532761041655,88,0.25
76,111.17532761041655,88,0.25
70,111.17532761041655,75,0.5
62,111.17532761041655,88,0.25
66,111.42532761041655,88,0.25
78,111.42532761041655,88,0.25
61,111.42532761041655,88,0.25
64,111.67532761041655,88,0.25
76,111.67532761041655,88,0.25
66,111.67532761041655,75,1.0
69,111.67532761041655,75,1.0
60,111.67532761041655,88,0.16562500000000568
60,111.67532761041655,75,0.16562500000000568
50,111.84095261041655,75,0.1677083333333229
62,111.92532761041655,88,0.0625
76,111.98782761041655,88,0.0625
43,112.00866094374987,75,0.1666666666666714
62,112.05032761041655,88,0.125
61,112.17532761041655,88,0.25
73,112.17532761041655,88,0.25
31,112.17532761041655,75,0.16562500000000568
38,112.34095261041655,75,0.1677083333333229
62,112.42532761041655,88,0.25
74,112.42532761041655,88,0.25
50,112.50866094374987,75,0.6666666666666714
64,112.67532761041655,88,0.25
76,112.67532761041655,88,0.25
72,112.67532761041655,75,0.5
59,112.67532761041655,88,0.25
66,112.92532761041655,88,0.25
78,112.92532761041655,88,0.25
57,112.92532761041655,88,0.25
69,113.17532761041655,88,0.25
81,113.17532761041655,88,0.25
74,113.17532761041655,75,1.0
59,113.17532761041655,88,0.16562500000000568
59,113.17532761041655,75,0.16562500000000568
50,113.34095261041655,75,0.1677083333333229
67,113.42532761041655,88,0.0625
81,113.48782761041655,88,0.0625
43,113.50866094374987,75,0.1666666666666714
67,113.55032761041655,88,0.125
66,113.67532761041655,88,0.25
78,113.67532761041655,88,0.25
31,113.67532761041655,75,0.16562500000000568
43,113.84095261041655,75,0.1677083333333229
67,113.92532761041655,88,0.25
79,113.92532761041655,88,0.25
50,114.00866094374987,75,0.6666666666666714
71,114.17532761041655,88,0.25
83,114.17532761041655,88,0.25
76,114.17532761041655,75,0.5
67,114.17532761041655,88,0.25
69,114.42532761041655,88,0.25
81,114.42532761041655,88,0.25
61,114.42532761041655,88,0.25
67,114.67532761041655,88,0.25
69,114.67532761041655,88,0.25
79,114.67532761041655,88,0.25
74,114.67532761041655,75,1.0
62,114.67532761041655,88,0.16562500000000568
62,114.67532761041655,75,0.16562500000000568
50,114.84095261041655,75,0.1677083333333229
66,114.92532761041655,88,0.25
78,114.92532761041655,88,0.25
43,115.00866094374987,75,0.1666666666666714
68,115.17532761041655,88,0.25
80,115.17532761041655,88,0.25
31,115.17532761041655,75,0.16562500000000568
43,115.34095261041655,75,0.1677083333333229
69,115.42532761041655,88,0.25
81,115.42532761041655,88,0.25
50,115.50866094374987,75,0.6666666666666714
76,115.67532761041655,88,0.25
88,115.67532761041655,88,0.25
78,115.67532761041655,75,0.5
57,115.67532761041655,88,0.25
74,115.92532761041655,88,0.25
86,115.92532761041655,88,0.25
60,115.92532761041655,88,0.25
72,116.17532761041655,88,0.25
84,116.17532761041655,88,0.25
76,116.17532761041655,75,1.0
64,116.17532761041655,88,0.16562500000000568
64,116.17532761041655,75,0.16562500000000568
50,116.34095261041655,75,0.1677083333333229
68,116.42532761041655,88,0.25
80,116.42532761041655,88,0.25
43,116.50866094374987,75,0.1666666666666714
71,116.67532761041655,88,0.25
83,116.67532761041655,88,0.25
31,116.67532761041655,75,0.16562500000000568
43,116.84095261041655,75,0.1677083333333229
69,116.92532761041655,88,0.25
81,116.92532761041655,88,0.25
50,117.00866094374987,75,0.6666666666666714
65,117.17532761041655,88,0.25
77,117.17532761041655,88,0.25
74,117.17532761041655,75,0.5
58,117.17532761041655,88,0.25
67,117.42532761041655,88,0.25
79,117.42532761041655,88,0.25
59,117.42532761041655,88,0.25
65,117.67532761041655,88,0.25
77,117.67532761041655,88,0.25
68,117.67532761041655,75,1.0
62,117.67532761041655,88,0.16562500000000568
62,117.67532761041655,75,0.16562500000000568
50,117.84095261041655,75,0.1677083333333229
64,117.92532761041655,88,0.0625
77,117.98782761041655,88,0.0625
43,118.00866094374987,75,0.1666666666666714
64,118.05032761041655,88,0.125
63,118.17532761041655,88,0.25
75,118.17532761041655,88,0.25
31,118.17532761041655,75,0.16562500000000568
43,118.34095261041655,75,0.1677083333333229
64,118.42532761041655,88,0.25
76,118.42532761041655,88,0.25
50,118.50866094374987,75,0.6666666666666714
66,118.67532761041655,88,0.25
78,118.67532761041655,88,0.25
76,118.67532761041655,75,0.5
60,118.67532761041655,88,0.25
68,118.92532761041655,88,0.25
80,118.92532761041655,88,0.25
59,118.92532761041655,88,0.25
71,119.17532761041655,88,0.25
83,119.17532761041655,88,0.25
76,119.17532761041655,75,1.0
60,119.17532761041655,88,0.16562500000000568
60,119.17532761041655,75,0.16562500000000568
50,119.34095261041655,75,0.1677083333333229
69,119.42532761041655,88,0.0625
83,119.48782761041655,88,0.0625
43,119.50866094374987,75,0.1666666666666714
69,119.55032761041655,88,0.125
68,119.67532761041655,88,0.25
80,119.67532761041655,88,0.25
31,119.67532761041655,75,0.16562500000000568
43,119.84095261041655,75,0.1677083333333229
69,119.92532761041655,88,0.25
81,119.92532761041655,88,0.25
50,120.00866094374987,75,0.6666666666666714
71,120.17532761041655,88,0.25
83,120.17532761041655,88,0.25
74,120.17532761041655,75,0.5
62,120.17532761041655,88,0.25
66,120.42532761041655,88,0.25
78,120.42532761041655,88,0.25
60,120.42532761041655,88,0.25
69,120.67532761041655,88,0.25
81,120.67532761041655,88,0.25
74,120.67532761041655,75,1.0
59,120.67532761041655,88,0.16562500000000568
59,120.67532761041655,75,0.16562500000000568
50,120.84095261041655,75,0.1677083333333229
68,120.92532761041655,88,0.25
80,120.92532761041655,88,0.25
43,121.00866094374987,75,0.1666666666666714
67,121.17532761041655,88,0.25
79,121.17532761041655,88,0.25
31,121.17532761041655,75,0.16562500000000568
43,121.34095261041655,75,0.1677083333333229
66,121.42532761041655,88,0.25
78,121.42532761041655,88,0.25
50,121.50866094374987,75,0.6666666666666714
69,121.67532761041655,88,0.25
81,121.67532761041655,88,0.25
74,121.67532761041655,75,0.5
55,121.67532761041655,88,0.16562500000000568
59,121.84095261041655,88,0.1677083333333229
67,121.92532761041655,88,0.25
79,121.92532761041655,88,0.25
62,122.00866094374987,88,0.1666666666666714
72,122.17532761041655,88,0.25
84,122.17532761041655,88,0.25
77,122.17532761041655,75,0.9672617083333392
65,122.17532761041655,88,0.16562500000000568
65,122.17532761041655,75,0.16562500000000568
50,122.34095261041655,75,0.1677083333333229
71,122.42532761041655,88,0.0625
84,122.48782761041655,88,0.0625
43,122.50866094374987,75,0.1666666666666714
71,122.55032761041655,88,0.125
70,122.67532761041655,88,0.25
82,122.67532761041655,88,0.25
31,122.67532761041655,75,0.16562500000000568
43,122.84095261041655,75,0.1587797083333271
71,122.92532761041655,101,0.21726170833333924
83,122.92532761041655,101,0.21726170833333924
50,122.99973231874988,75,0.5714280000000116
72,123.14258931874988,101,0.21428550000000257
84,123.14258931874988,101,0.21428550000000257
77,123.14258931874988,88,0.42857100000000514
64,123.14258931874988,88,0.21428550000000257
68,123.35687481874989,101,0.21428550000000257
80,123.35687481874989,101,0.21428550000000257
62,123.35687481874989,88,0.21428550000000257
71,123.57116031874989,101,0.21428550000000257
83,123.57116031874989,101,0.21428550000000257
76,123.57116031874989,88,0.8571420000000103
60,123.57116031874989,88,0.14196414375000188
60,123.57116031874989,75,0.14196414375000188
50,123.71312446249989,75,0.1437498562499968
69,123.78544581874989,101,0.21428550000000257
81,123.78544581874989,101,0.21428550000000257
43,123.85687431874989,75,0.14285700000000645
84,123.9997313187499,127,0.21428550000000257
93,123.9997313187499,127,0.21428550000000257
96,123.9997313187499,127,0.21428550000000257
31,123.9997313187499,75,0.14196414375000188
43,124.1416954624999,75,0.1437498562499968
83,124.2140168187499,127,0.21428550000000257
91,124.2140168187499,127,0.21428550000000257
95,124.2140168187499,127,0.21428550000000257
50,124.2854453187499,75,0.5714280000000116
81,124.4283023187499,127,0.21428550000000257
90,124.4283023187499,127,0.21428550000000257
93,124.4283023187499,127,0.21428550000000257
54,124.4283023187499,88,0.14196414375000188
57,124.5702664624999,88,0.1437498562499968
79,124.6425878187499,127,0.21428550000000257
88,124.6425878187499,127,0.21428550000000257
91,124.6425878187499,127,0.21428550000000257
60,124.7140163187499,88,0.14285700000000645
77,124.8568733187499,127,0.21428550000000257
84,124.8568733187499,127,0.21428550000000257
89,124.8568733187499,127,0.21428550000000257
63,124.8568733187499,114,0.21428550000000257
69,124.8568733187499,114,0.21428550000000257
72,124.8568733187499,114,0.21428550000000257
78,125.07115881874991,127,0.21428550000000257
83,125.07115881874991,127,0.21428550000000257
90,125.07115881874991,127,0.21428550000000257
62,125.07115881874991,114,0.21428550000000257
68,125.07115881874991,114,0.21428550000000257
71,125.07115881874991,114,0.21428550000000257
75,125.28544431874991,127,0.21428550000000257
82,125.28544431874991,127,0.21428550000000257
87,125.28544431874991,127,0.21428550000000257
61,125.28544431874991,114,0.21428550000000257
67,125.28544431874991,114,0.21428550000000257
70,125.28544431874991,114,0.21428550000000257
76,125.49972981874991,127,0.21428550000000257
81,125.49972981874991,127,0.21428550000000257
88,125.49972981874991,127,0.21428550000000257
60,125.49972981874991,114,0.21428550000000257
66,125.49972981874991,114,0.21428550000000257
69,125.49972981874991,114,0.21428550000000257
73,125.71401531874992,127,0.21428550000000257
81,125.71401531874992,127,0.21428550000000257
85,125.71401531874992,127,0.21428550000000257
59,125.71401531874992,114,0.21428550000000257
65,125.71401531874992,114,0.21428550000000257
69,125.71401531874992,114,0.21428550000000257
74,125.92830081874992,127,0.21428550000000257
80,125.92830081874992,127,0.21428550000000257
86,125.92830081874992,127,0.21428550000000257
58,125.92830081874992,114,0.21428550000000257
64,125.92830081874992,114,0.21428550000000257
68,125.92830081874992,114,0.21428550000000257
71,126.14258631874992,127,0.21428550000000257
79,126.14258631874992,127,0.21428550000000257
83,126.14258631874992,127,0.21428550000000257
57,126.14258631874992,114,0.21428550000000257
63,126.14258631874992,114,0.21428550000000257
67,126.14258631874992,114,0.21428550000000257
72,126.35687181874992,127,0.21428550000000257
78,126.35687181874992,127,0.21428550000000257
84,126.35687181874992,127,0.21428550000000257
56,126.35687181874992,114,0.21428550000000257
62,126.35687181874992,114,0.21428550000000257
66,126.35687181874992,114,0.21428550000000257
70,126.57115731874993,127,0.21428550000000257
78,126.57115731874993,127,0.21428550000000257
82,126.57115731874993,127,0.21428550000000257
56,126.57115731874993,114,0.21428550000000257
62,126.57115731874993,114,0.21428550000000257
66,126.57115731874993,114,0.21428550000000257
71,126.78544281874993,127,0.21428550000000257
77,126.78544281874993,127,0.21428550000000257
83,126.78544281874993,127,0.21428550000000257
55,126.78544281874993,114,0.21428550000000257
61,126.78544281874993,114,0.21428550000000257
65,126.78544281874993,114,0.21428550000000257
68,126.99972831874993,127,0.21428550000000257
76,126.99972831874993,127,0.21428550000000257
80,126.99972831874993,127,0.21428550000000257
76,126.99972831874993,88,0.21428550000000257
54,126.99972831874993,114,0.21428550000000257
60,126.99972831874993,114,0.21428550000000257
64,126.99972831874993,114,0.21428550000000257
69,127.21401381874993,127,0.21428550000000257
81,127.21401381874993,127,0.21428550000000257
36,127.21401381874993,75,0.21428550000000257
48,127.21401381874993,75,0.21428550000000257
70,127.42829931874994,127,0.21428550000000257
82,127.42829931874994,127,0.21428550000000257
75,127.42829931874994,88,0.42857100000000514
35,127.42829931874994,75,0.6428564999999935
47,127.42829931874994,75,0.6428564999999935
71,127.64258481874994,127,0.21428550000000257
83,127.64258481874994,127,0.21428550000000257
54,127.64258481874994,88,0.21428550000000257
63,127.64258481874994,88,0.21428550000000257
68,127.85687031874994,127,0.21428549999998836
80,127.85687031874994,127,0.21428549999998836
76,127.85687031874994,88,0.4285709999999767
54,127.85687031874994,88,0.4285709999999767
60,127.85687031874994,88,0.4285709999999767
64,127.85687031874994,88,0.4285709999999767
69,128.07115581874993,127,0.21428549999998836
81,128.07115581874993,127,0.21428549999998836
36,128.07115581874993,75,0.21428549999998836
48,128.07115581874993,75,0.21428549999998836
70,128.28544131874992,127,0.21428549999998836
82,128.28544131874992,127,0.21428549999998836
75,128.28544131874992,88,0.4381659999999954
35,128.28544131874992,75,0.4381659999999954
47,128.28544131874992,75,0.4381659999999954
71,128.4997268187499,127,0.22388050000000703
83,128.4997268187499,127,0.22388050000000703
54,128.4997268187499,88,0.22388050000000703
63,128.4997268187499,88,0.22388050000000703
68,128.7236073187499,127,0.234375
80,128.7236073187499,127,0.234375
76,128.7236073187499,88,0.4802765000000022
54,128.7236073187499,88,0.4802765000000022
60,128.7236073187499,88,0.4802765000000022
64,128.7236073187499,88,0.4802765000000022
69,128.9579823187499,127,0.24590150000000222
81,128.9579823187499,127,0.24590150000000222
36,128.9579823187499,75,0.24590150000000222
48,128.9579823187499,75,0.24590150000000222
71,129.20388381874992,127,0.2631580000000042
83,129.20388381874992,127,0.2631580000000042
76,129.20388381874992,88,0.5409360000000163
37,129.20388381874992,75,0.5409360000000163
49,129.20388381874992,75,0.5409360000000163
69,129.46704181874992,88,0.27777800000001207
81,129.46704181874992,88,0.27777800000001207
51,129.46704181874992,88,0.27777800000001207
67,129.74481981874993,75,0.2941174999999987
79,129.74481981874993,75,0.2941174999999987
52,129.74481981874993,75,0.2941174999999987
64,130.03893731874993,62,0.3125
76,130.03893731874993,62,0.3125
55,130.03893731874993,62,0.3125
62,130.35143731874993,62,0.5178030124999964
74,130.35143731874993,62,0.5178030124999964
54,130.35143731874993,62,0.5178030124999964
38,130.35143731874993,62,0.2678030124999964
60,130.61924033124993,62,0.04895833333333144
66,130.86924033124993,62,0.25
54,130.86924033124993,62,0.04895833333333144
64,131.11924033124993,62,0.25
60,131.11924033124993,62,0.04895833333333144
66,131.30674033124993,62,0.0625
74,131.36924033124993,62,0.5
64,131.36924033124993,62,0.25
54,131.36924033124993,62,0.04895833333333144
62,131.61924033124993,62,0.25
60,131.61924033124993,62,0.04895833333333144
74,131.86924033124993,62,1.0
66,131.86924033124993,62,0.25
55,131.86924033124993,62,0.04895833333333144
38,131.86924033124993,62,1.5
64,132.11924033124993,62,0.25
59,132.11924033124993,62,0.04895833333333144
66,132.30674033124993,62,0.0625
64,132.36924033124993,62,0.25
55,132.36924033124993,62,0.04895833333333144
62,132.61924033124993,62,0.25
59,132.61924033124993,62,0.04895833333333144
62,132.86924033124993,62,0.0
66,132.86924033124993,62,0.25
55,132.86924033124993,62,0.04895833333333144
64,133.11924033124993,62,0.25
59,133.11924033124993,62,0.04895833333333144
61,133.36924033124993,62,0.25
54,133.36924033124993,62,0.04895833333333144
38,133.36924033124993,62,1.5
60,133.61924033124993,62,0.04895833333333144
62,133.61924033124993,62,0.04895833333333144
64,133.86924033124993,62,0.25
73,133.86924033124993,62,0.25
54,133.86924033124993,62,0.04895833333333144
62,134.11924033124993,62,0.25
74,134.11924033124993,62,0.25
60,134.11924033124993,62,0.04895833333333144
67,134.36924033124993,62,0.25
76,134.36924033124993,62,0.25
60,134.36924033124993,62,0.04895833333333144
74,134.61924033124993,62,0.125
66,134.61924033124993,62,0.04895833333333144
69,134.74424033124993,62,0.125
71,134.86924033124993,62,2.0
62,134.86924033124993,62,0.04895833333333144
38,134.86924033124993,62,1.5
69,135.11924033124993,62,0.04895833333333144
62,135.36924033124993,62,0.04895833333333144
60,135.36924033124993,62,0.25
67,135.61924033124993,62,0.04895833333333144
59,135.61924033124993,62,0.25
60,135.80674033124993,62,0.0625
62,135.86924033124993,62,0.04895833333333144
59,135.86924033124993,62,0.25
65,136.11924033124993,62,0.04895833333333144
57,136.11924033124993,62,0.25
56,136.36924033124993,62,0.04895833333333144
56,136.36924033124993,62,0.04895833333333144
26,136.36924033124993,62,0.5
64,136.61924033124993,62,0.04895833333333144
68,136.86924033124993,62,0.25
61,136.86924033124993,62,0.04895833333333144
55,136.86924033124993,62,0.5
45,136.86924033124993,62,0.5
69,137.11924033124993,62,0.25
64,137.11924033124993,62,0.04895833333333144
74,137.36924033124993,62,0.25
60,137.36924033124993,62,0.04895833333333144
54,137.36924033124993,62,0.5
50,137.36924033124993,62,0.5
69,137.61924033124993,62,0.25
62,137.61924033124993,62,0.04895833333333144
71,137.86924033124993,62,0.25
59,137.86924033124993,62,0.04895833333333144
26,137.86924033124993,88,0.5
67,138.11924033124993,62,0.25
62,138.11924033124993,62,0.04895833333333144
66,138.36924033124993,62,0.25
55,138.36924033124993,62,0.04895833333333144
50,138.36924033124993,62,0.5
64,138.61924033124993,62,0.25
59,138.61924033124993,62,0.04895833333333144
66,138.86924033124993,62,0.25
58,138.86924033124993,62,0.04895833333333144
49,138.86924033124993,62,0.5
69,139.05674033124993,62,0.0625
67,139.11924033124993,62,0.25
64,139.11924033124993,62,0.04895833333333144
62,139.36924033124993,62,0.5
54,139.36924033124993,62,0.04895833333333144
26,139.36924033124993,88,0.5
56,139.61924033124993,62,0.04895833333333144
61,139.86924033124993,62,0.25
54,139.86924033124993,62,0.04895833333333144
48,139.86924033124993,62,0.5431250000000318
62,140.11924033124993,62,0.29312500000003183
57,140.11924033124993,62,0.051875000000023874
64,140.41236533124996,62,0.45000000000001705
54,140.41236533124996,62,0.05875000000000341
38,140.41236533124996,62,0.6000000000000227
58,140.71236533124997,62,0.05875000000000341
62,140.86236533124998,62,0.15000000000000568
62,141.01236533124998,62,2.1635416666666742
59,141.01236533124998,62,0.05875000000000341
31,141.01236533124998,88,0.5099999999999909
55,141.27236533124997,62,0.04895833333333144
59,141.52236533124997,62,0.04895833333333144
49,141.52236533124997,62,0.25
54,141.77236533124997,62,0.055208333333325754
50,141.77236533124997,62,0.2964583333333337
59,142.0688236645833,62,0.05875000000000341
55,142.0688236645833,62,0.45000000000001705
52,142.36882366458332,62,0.05875000000000341
49,142.51882366458332,62,0.15000000000000568
54,142.66882366458333,62,0.05604166666665833
38,142.66882366458333,62,0.5070833333333269
50,142.66882366458333,62,0.5070833333333269
60,142.92590699791666,62,0.04895833333333144
66,143.17590699791666,62,0.25
54,143.17590699791666,62,0.04895833333333144
64,143.42590699791666,62,0.25
60,143.42590699791666,62,0.04895833333333144
66,143.61340699791666,62,0.0625
74,143.67590699791666,62,0.375
64,143.67590699791666,62,0.25
54,143.67590699791666,62,0.04895833333333144
62,143.92590699791666,62,0.25
60,143.92590699791666,62,0.04895833333333144
74,144.05090699791666,62,0.125
74,144.17590699791666,62,1.0
66,144.17590699791666,75,0.25
54,144.17590699791666,62,0.04895833333333144
48,144.17590699791666,62,1.0
64,144.42590699791666,75,0.25
58,144.42590699791666,62,0.04895833333333144
66,144.61340699791666,75,0.0625
64,144.67590699791666,62,0.25
54,144.67590699791666,62,0.04895833333333144
62,144.92590699791666,62,0.25
58,144.92590699791666,62,0.04895833333333144
62,145.17590699791666,62,0.0
66,145.17590699791666,62,0.25
54,145.17590699791666,62,0.04895833333333144
64,145.42590699791666,62,0.25
58,145.42590699791666,62,0.04895833333333144
64,145.67590699791666,62,0.0
54,145.67590699791666,62,0.04895833333333144
47,145.67590699791666,62,0.25
62,145.92590699791666,62,0.25
60,145.92590699791666,62,0.04895833333333144
44,145.92590699791666,62,0.25
61,146.17590699791666,62,0.25
54,146.17590699791666,62,0.04895833333333144
45,146.17590699791666,62,0.25
62,146.42590699791666,62,0.25
60,146.42590699791666,62,0.04895833333333144
38,146.42590699791666,75,0.25
67,146.67590699791666,62,0.375
60,146.67590699791666,62,0.04895833333333144
52,146.67590699791666,75,0.25
66,146.92590699791666,62,0.04895833333333144
50,146.92590699791666,75,0.25
69,147.05090699791666,62,0.125
71,147.17590699791666,62,2.0
64,147.17590699791666,62,0.25
53,147.17590699791666,75,0.5
62,147.42590699791666,62,0.25
61,147.67590699791666,75,0.25
47,147.67590699791666,62,0.5
62,147.92590699791666,75,0.25
65,148.17590699791666,75,0.25
50,148.17590699791666,62,0.5
57,148.42590699791666,62,0.25
56,148.67590699791666,62,0.04895833333333144
40,148.67590699791666,62,0.5
62,148.92590699791666,62,0.04895833333333144
68,149.17590699791666,62,0.25
61,149.17590699791666,62,0.04895833333333144
57,149.17590699791666,62,0.25
45,149.17590699791666,62,0.5
69,149.42590699791666,62,0.25
64,149.42590699791666,62,0.04895833333333144
55,149.42590699791666,62,0.25
57,149.61340699791666,62,0.0625
74,149.67590699791666,62,0.25
60,149.67590699791666,62,0.04895833333333144
55,149.67590699791666,62,0.25
50,149.67590699791666,62,0.5
69,149.92590699791666,62,0.25
62,149.92590699791666,62,0.04895833333333144
54,149.92590699791666,62,0.25
71,150.17590699791666,62,0.25
59,150.17590699791666,62,0.04895833333333144
55,150.17590699791666,62,0.5
43,150.17590699791666,62,0.5
67,150.42590699791666,62,0.25
62,150.42590699791666,62,0.04895833333333144
57,150.61340699791666,62,0.0625
74,150.67590699791666,62,0.25
60,150.67590699791666,62,0.04895833333333144
55,150.67590699791666,62,0.25
50,150.67590699791666,62,0.5
69,150.92590699791666,62,0.25
62,150.92590699791666,62,0.04895833333333144
54,150.92590699791666,62,0.25
71,151.17590699791666,62,0.25
59,151.17590699791666,62,0.04895833333333144
55,151.17590699791666,62,0.5
43,151.17590699791666,62,0.5
67,151.42590699791666,62,0.25
62,151.42590699791666,62,0.04895833333333144
74,151.67590699791666,88,0.5
60,151.67590699791666,62,0.25
54,151.67590699791666,62,0.5
50,151.67590699791666,62,0.5
62,151.92590699791666,62,0.25
63,152.17590699791666,62,0.5
59,152.17590699791666,62,0.25
48,152.17590699791666,62,0.25
48,152.17590699791666,62,0.25
57,152.42590699791666,62,0.25
38,152.42590699791666,62,0.25
59,152.61340699791666,62,0.0625
64,152.67590699791666,62,0.5
57,152.67590699791666,62,0.25
49,152.67590699791666,62,0.25
49,152.67590699791666,62,0.25
56,152.92590699791666,62,0.25
38,152.92590699791666,62,0.25
65,153.17590699791666,62,0.5
60,153.17590699791666,62,0.25
50,153.17590699791666,62,0.25
50,153.17590699791666,62,0.25
59,153.42590699791666,62,0.25
38,153.42590699791666,62,0.25
60,153.61340699791666,62,0.0625
66,153.67590699791666,62,0.5
59,153.67590699791666,62,0.25
51,153.67590699791666,62,0.25
51,153.67590699791666,62,0.25
57,153.92590699791666,62,0.25
38,153.92590699791666,62,0.25
67,154.17590699791666,62,0.5
62,154.17590699791666,62,0.25
52,154.17590699791666,62,0.25
52,154.17590699791666,62,0.25
60,154.42590699791666,62,0.25
38,154.42590699791666,62,0.25
62,154.61340699791666,62,0.0625
68,154.67590699791666,62,0.5
60,154.67590699791666,62,0.25
53,154.67590699791666,62,0.25
53,154.67590699791666,62,0.25
59,154.92590699791666,62,0.25
38,154.92590699791666,62,0.75
60,155.17590699791666,62,0.04895833333333144
60,155.17590699791666,62,0.04895833333333144
54,155.17590699791666,62,0.5
68,155.42590699791666,62,0.25
62,155.42590699791666,62,0.04895833333333144
78,155.67590699791666,75,0.5
71,155.67590699791666,75,0.25
60,155.67590699791666,75,0.04895833333333144
69,155.92590699791666,75,0.25
62,155.92590699791666,75,0.04895833333333144
78,156.17590699791666,62,0.0625
74,156.17590699791666,75,0.5
60,156.17590699791666,75,0.04895833333333144
50,156.17590699791666,75,1.5
79,156.23840699791666,62,0.0625
78,156.30090699791666,62,0.0625
79,156.36340699791666,62,0.0625
78,156.42590699791666,62,0.0625
62,156.42590699791666,75,0.04895833333333144
79,156.48840699791666,62,0.0625
78,156.55090699791666,62,0.0625
79,156.61340699791666,62,0.0625
78,156.67590699791666,62,0.0625
69,156.67590699791666,75,0.25
60,156.67590699791666,75,0.04895833333333144
79,156.73840699791666,62,0.0625
78,156.80090699791666,62,0.0625
79,156.86340699791666,62,0.0625
78,156.92590699791666,62,0.0625
68,156.92590699791666,75,0.25
62,156.92590699791666,75,0.04895833333333144
79,156.98840699791666,62,0.0625
78,157.05090699791666,62,0.0625
79,157.11340699791666,62,0.0625
78,157.17590699791666,62,0.0625
71,157.17590699791666,75,0.25
60,157.17590699791666,75,0.04895833333333144
79,157.23840699791666,62,0.0625
78,157.30090699791666,62,0.0625
79,157.36340699791666,62,0.0625
78,157.42590699791666,62,0.0625
69,157.42590699791666,75,0.25
62,157.42590699791666,75,0.04895833333333144
79,157.48840699791666,62,0.0625
78,157.55090699791666,62,0.0625
79,157.61340699791666,62,0.0625
78,157.67590699791666,62,0.0625
72,157.67590699791666,75,1.7451115000000073
64,157.67590699791666,75,0.04895833333333144
50,157.67590699791666,75,1.7451115000000073
79,157.73840699791666,62,0.0625
78,157.80090699791666,62,0.0625
79,157.86340699791666,62,0.0625
78,157.92590699791666,62,0.06578949999999395
62,157.92590699791666,75,0.05153510833332575
79,157.99169649791665,62,0.06578949999999395
78,158.05748599791664,62,0.06578949999999395
79,158.12327549791664,62,0.06578949999999395
78,158.18906499791663,62,0.06944450000000302
64,158.18906499791663,75,0.05439819166667803
79,158.25850949791663,62,0.06944450000000302
78,158.32795399791664,62,0.06944450000000302
79,158.39739849791664,62,0.06944450000000302
78,158.46684299791664,62,0.07352937499999257
62,158.46684299791664,75,0.05759801041665469
79,158.54037237291664,62,0.07352937499999257
78,158.61390174791663,62,0.07352937499999257
79,158.68743112291662,62,0.07352937499999257
78,158.7609604979166,62,0.07978725000000964
64,158.7609604979166,75,0.06250001250000992
79,158.84074774791662,62,0.07978725000000964
78,158.92053499791663,62,0.07978725000000964
79,159.00032224791664,62,0.07978725000000964
78,159.08010949791665,62,0.08522725000000264
62,159.08010949791665,75,0.06676134583332782
79,159.16533674791665,62,0.08522725000000264
78,159.25056399791666,62,0.08522725000000264
79,159.33579124791666,62,0.08522725000000264
78,159.42101849791666,62,0.09146337499998936
71,159.42101849791666,75,1.6429434999998875
61,159.42101849791666,75,0.0716463104166678
50,159.42101849791666,75,2.525296499999854
79,159.51248187291665,62,0.09146337499998936
78,159.60394524791664,62,0.09146337499998936
79,159.69540862291663,62,0.09146337499998936
78,159.78687199791662,62,0.09868424999999093
62,159.78687199791662,75,0.07730266249998863
79,159.8855562479166,62,0.09868424999999093
78,159.9842404979166,62,0.09868424999999093
79,160.0829247479166,62,0.09868424999999093
78,160.18160899791658,62,0.1102941249999958
61,160.18160899791658,75,0.08639706458333762
79,160.29190312291658,62,0.1102941249999958
78,160.40219724791658,62,0.1102941249999958
79,160.51249137291657,62,0.1102941249999958
78,160.62278549791657,62,0.1102941249999958
62,160.62278549791657,75,0.08639706458333762
79,160.73307962291656,62,0.1102941249999958
78,160.84337374791656,62,0.1102941249999958
79,160.95366787291655,62,0.1102941249999958
78,161.06396199791655,62,0.1102941249999958
69,161.06396199791655,62,0.8823529999999664
60,161.06396199791655,75,0.08639706458333762
79,161.17425612291655,62,0.1102941249999958
78,161.28455024791654,62,0.1102941249999958
79,161.39484437291654,62,0.1102941249999958
76,161.50513849791653,62,0.2205882499999916
62,161.50513849791653,75,0.08639706458333762
78,161.72572674791653,62,0.2205882499999916
67,161.94631499791652,62,0.7310923333333506
79,161.94631499791652,62,0.7310923333333506
59,161.94631499791652,62,0.08639706458333762
43,161.94631499791652,62,0.7310923333333506
74,162.38749149791653,62,0.2899158333333389
62,162.38749149791653,62,0.08639706458333762
76,162.67740733124987,62,0.21428549999998836
71,162.67740733124987,62,0.21428549999998836
59,162.67740733124987,62,0.04196424374998742
78,162.89169283124986,62,0.21428549999998836
67,162.89169283124986,62,0.21428549999998836
62,162.89169283124986,62,0.04196424374998742
74,163.10597833124984,62,0.21428549999998836
79,163.10597833124984,62,0.21428549999998836
64,163.10597833124984,62,0.21428549999998836
55,163.10597833124984,62,0.04196424374998742
72,163.32026383124983,62,0.21428549999998836
81,163.32026383124983,62,0.21428549999998836
66,163.32026383124983,62,0.21428549999998836
62,163.32026383124983,62,0.04196424374998742
83,163.53454933124982,75,0.21428549999998836
67,163.53454933124982,75,0.4285709999999767
55,163.53454933124982,75,0.4285709999999767
67,163.53454933124982,75,0.4285709999999767
86,163.7488348312498,75,0.21428549999998836
74,163.7488348312498,75,0.04196424374998742
88,163.9631203312498,75,0.21428549999998836
83,163.9631203312498,75,0.21428549999998836
71,163.9631203312498,75,0.04196424374998742
90,164.17740583124979,75,0.21428549999998836
79,164.17740583124979,75,0.21428549999998836
74,164.17740583124979,75,0.04196424374998742
91,164.39169133124977,75,0.21428549999998836
86,164.39169133124977,75,0.21428549999998836
76,164.39169133124977,75,0.21428549999998836
67,164.39169133124977,75,0.04196424374998742
88,164.60597683124976,75,0.21428549999998836
84,164.60597683124976,75,0.21428549999998836
78,164.60597683124976,75,0.21428549999998836
74,164.60597683124976,75,0.04196424374998742
86,164.82026233124975,75,0.21428549999998836
83,164.82026233124975,75,0.21428549999998836
79,164.82026233124975,75,0.21428549999998836
81,165.03454783124974,75,0.04196424374998742
72,165.03454783124974,75,0.04196424374998742
81,165.19526195624974,75,0.053571374999989985
79,165.24883333124973,75,0.04196424374998742
71,165.24883333124973,75,0.04196424374998742
76,165.46311883124972,62,0.04196424374998742
72,165.46311883124972,62,0.04196424374998742
76,165.62383295624971,62,0.053571374999989985
74,165.6774043312497,62,0.04196424374998742
71,165.6774043312497,62,0.04196424374998742
69,165.8916898312497,62,0.04196424374998742
72,165.8916898312497,62,0.04196424374998742
69,166.0524039562497,62,0.053571374999989985
67,166.10597533124968,62,0.04196424374998742
71,166.10597533124968,62,0.04196424374998742
64,166.32026083124967,62,0.04196424374998742
60,166.32026083124967,62,0.04196424374998742
64,166.48097495624967,62,0.053571374999989985
62,166.53454633124966,62,0.04196424374998742
59,166.53454633124966,62,0.04196424374998742
57,166.74883183124965,62,0.04196424374998742
60,166.74883183124965,62,0.04196424374998742
57,166.90954595624964,62,0.053571374999989985
55,166.96311733124963,62,0.04196424374998742
59,166.96311733124963,62,0.04196424374998742
50,167.17740283124962,62,0.04196424374998742
38,167.3916883312496,75,0.42857100000000514
60,168.67740133124963,75,1.49032732291667
66,168.67740133124963,75,1.49032732291667
69,168.67740133124963,75,1.49032732291667
74,168.67740133124963,75,1.49032732291667
38,168.67740133124963,62,1.49032732291667
50,168.67740133124963,62,1.49032732291667
59,170.1677286541663,62,2.0
67,170.1677286541663,62,2.0
71,170.1677286541663,62,2.0
43,170.1677286541663,49,2.0
50,170.1677286541663,49,2.0
