60,0,62,0.625
41,0.5078125,62,0.4296875
48,0.546875,62,0.390625
53,0.5859375,62,0.3515625
74,0.625,62,0.15625
65,0.625,62,0.625
57,0.625,62,0.3125
72,0.78125,62,0.15625
48,0.8203125,62,0.1171875
53,0.859375,62,0.078125
57,0.8984375,62,0.0390625
77,0.9375,62,0.3125
60,0.9375,62,0.3125
48,1.1328125,62,0.1171875
53,1.171875,62,0.078125
57,1.2109375,62,0.0390625
67,1.25,62,0.15625
59,1.25,62,0.3125
65,1.40625,62,0.15625
48,1.4453125,62,0.1171875
53,1.484375,62,0.078125
57,1.5234375,62,0.0390625
72,1.5625,62,0.3125
60,1.5625,62,0.3125
48,1.7578125,62,0.1171875
53,1.796875,62,0.078125
57,1.8359375,62,0.0390625
74,1.875,75,0.15625
65,1.875,62,0.625
62,1.875,75,0.3125
72,2.03125,75,0.15625
48,2.0703125,75,0.1171875
53,2.109375,75,0.078125
57,2.1484375,75,0.0390625
77,2.1875,75,0.3125
60,2.1875,75,0.3125
41,2.3828125,75,0.4296875
48,2.421875,75,0.078125
52,2.4609375,75,0.3515625
74,2.5,62,0.15625
67,2.5,62,0.625
58,2.5,62,0.3125
72,2.65625,62,0.15625
48,2.6953125,62,0.1171875
52,2.734375,62,0.078125
58,2.7734375,62,0.0390625
79,2.8125,62,0.3125
60,2.8125,62,0.3125
48,3.0078125,62,0.1171875
52,3.046875,62,0.078125
58,3.0859375,62,0.0390625
69,3.125,62,0.15625
59,3.125,62,0.3125
67,3.28125,62,0.15625
48,3.3203125,62,0.1171875
52,3.359375,62,0.078125
58,3.3984375,62,0.0390625
72,3.4375,62,0.3125
60,3.4375,62,0.3125
48,3.6328125,62,0.1171875
52,3.671875,62,0.078125
58,3.7109375,62,0.0390625
74,3.75,75,0.15625
67,3.75,62,0.625
62,3.75,75,0.3125
72,3.90625,75,0.15625
48,3.9453125,75,0.1171875
52,3.984375,75,0.078125
58,4.0234375,75,0.0390625
79,4.0625,75,0.3125
60,4.0625,75,0.3125
41,4.2578125,75,0.4296875
48,4.296875,75,0.078125
53,4.3359375,75,0.3515625
74,4.375,75,0.15625
69,4.375,62,0.3125
57,4.375,75,0.3125
72,4.53125,75,0.15625
43,4.5625,75,0.4375
46,4.59375,75,0.40625
49,4.625,75,0.375
52,4.65625,75,0.34375
81,4.6875,75,0.3125
64,4.6875,62,0.3125
61,4.6875,75,0.3125
45,4.8828125,75,0.4296875
48,4.921875,75,0.390625
53,4.9609375,75,0.3515625
74,5.0,75,0.15625
65,5.0,62,0.3125
60,5.0,75,0.3125
72,5.15625,75,0.15625
45,5.1953125,75,0.1171875
49,5.234375,75,0.390625
53,5.2734375,75,0.0390625
77,5.3125,75,0.3125
64,5.3125,62,0.3125
61,5.3125,75,0.3125
46,5.5078125,75,0.4296875000000009
50,5.546875,75,0.3906250000000009
53,5.5859375,75,0.0390625
81,5.625,75,0.15625
74,5.625,62,0.6250000000000009
62,5.625,75,0.3125000000000009
79,5.78125,75,0.1562500000000009
47,5.80859375,75,0.4414062500000009
50,5.834635416666667,75,0.10286458333333393
53,5.859375,75,0.07812500000000089
55,5.885416666666667,75,0.3645833333333339
62,5.911458333333334,75,0.026041666666666963
86,5.937500000000001,75,0.3125
67,5.937500000000001,75,0.3125
48,6.132812500000001,75,0.4296875
57,6.171875000000001,75,0.390625
60,6.210937500000001,75,0.3515625
74,6.250000000000001,75,0.0
67,6.250000000000001,62,0.0
65,6.250000000000001,75,0.3125
72,6.406250000000001,75,0.15625
48,6.445312500000001,75,0.1171875
56,6.484375000000001,75,0.390625
59,6.523437500000001,75,0.3515625
79,6.562500000000001,75,0.3125
65,6.562500000000001,75,0.3125
48,6.757812500000001,75,0.1171875
55,6.796875000000001,75,0.390625
60,6.835937500000001,75,0.3515625
81,6.875000000000001,75,0.15625
72,6.875000000000001,62,0.625
64,6.875000000000001,75,0.3125
79,7.031250000000001,75,0.15625
48,7.070312500000001,75,0.1171875
55,7.109375000000001,75,0.078125
60,7.148437500000001,75,0.0390625
84,7.187500000000001,75,0.3125
63,7.187500000000001,75,0.3125
50,7.382812500000001,75,0.4296875
55,7.421875000000001,75,0.078125
60,7.460937500000001,75,0.0390625
87,7.500000000000001,75,0.15625
81,7.500000000000001,62,0.6249999999999991
62,7.500000000000001,75,0.3125
86,7.656250000000001,75,0.15625
50,7.695312500000001,75,0.1171875
54,7.734375000000001,75,0.3906249999999991
60,7.773437500000001,75,0.0390625
93,7.812500000000001,75,0.3124999999999991
66,7.812500000000001,75,0.3124999999999991
43,8.0078125,75,0.4296875
50,8.046875,75,0.078125
55,8.0859375,75,0.3515625
75,8.125,62,0.15625
67,8.125,62,0.625
58,8.125,62,0.3125
74,8.28125,62,0.15625
50,8.3203125,62,0.1171875
55,8.359375,62,0.078125
58,8.3984375,62,0.0390625
79,8.4375,62,0.3125
62,8.4375,62,0.3125
50,8.6328125,62,0.1171875
55,8.671875,62,0.078125
58,8.7109375,62,0.0390625
69,8.75,62,0.15625
61,8.75,62,0.3125
67,8.90625,62,0.15625
50,8.9453125,62,0.1171875
55,8.984375,62,0.078125
58,9.0234375,62,0.0390625
74,9.0625,62,0.3125
62,9.0625,62,0.3125
50,9.2578125,62,0.1171875
55,9.296875,62,0.078125
58,9.3359375,62,0.0390625
75,9.375,75,0.15625
67,9.375,75,0.625
63,9.375,75,0.3125
74,9.53125,75,0.15625
50,9.5703125,75,0.1171875
55,9.609375,75,0.078125
58,9.6484375,75,0.0390625
79,9.6875,75,0.3125
62,9.6875,75,0.3125
43,9.8828125,75,0.4296875
50,9.921875,75,0.078125
54,9.9609375,75,0.3515625
75,10.0,62,0.15625
69,10.0,62,0.625
60,10.0,62,0.3125
74,10.15625,62,0.15625
50,10.1953125,62,0.1171875
54,10.234375,62,0.078125
60,10.2734375,62,0.0390625
81,10.3125,62,0.3125
62,10.3125,62,0.3125
50,10.5078125,62,0.1171875
54,10.546875,62,0.078125
60,10.5859375,62,0.0390625
70,10.625,62,0.15625
61,10.625,62,0.3125
69,10.78125,62,0.15625
50,10.8203125,62,0.1171875
54,10.859375,62,0.078125
60,10.8984375,62,0.0390625
74,10.9375,62,0.3125
62,10.9375,62,0.3125
50,11.1328125,62,0.1171875
54,11.171875,62,0.078125
60,11.2109375,62,0.0390625
75,11.25,75,0.15625
69,11.25,75,0.625
63,11.25,75,0.3125
74,11.40625,75,0.15625
50,11.4453125,75,0.1171875
54,11.484375,75,0.078125
60,11.5234375,75,0.0390625
81,11.5625,75,0.3125
62,11.5625,75,0.3125
43,11.7578125,75,0.4296875
46,11.796875,75,0.390625
50,11.8359375,75,0.0390625
75,11.875,75,0.15625
70,11.875,75,0.3125
58,11.875,75,0.3125
74,12.03125,75,0.15625
45,12.0625,75,0.4375
48,12.09375,75,0.40625
50,12.125,75,0.0625
54,12.15625,75,0.34375
78,12.1875,75,0.3125
69,12.1875,75,0.3125
62,12.1875,75,0.3125
46,12.3828125,75,0.4296875
50,12.421875,75,0.078125
55,12.4609375,75,0.3515625
75,12.5,75,0.15625
67,12.5,75,0.3125
62,12.5,75,0.3125
74,12.65625,75,0.15625
47,12.6953125,75,0.4296875
49,12.734375,75,0.390625
55,12.7734375,75,0.0390625
77,12.8125,75,0.3125
67,12.8125,75,0.3125
61,12.8125,75,0.3125
48,13.0078125,75,0.4296875
55,13.046875,75,0.078125
58,13.0859375,75,0.3515625
77,13.125,75,0.15625
67,13.125,75,0.625
60,13.125,75,0.3125
76,13.28125,75,0.15625
48,13.3125,75,0.125
58,13.34375,75,0.09375
60,13.375,75,0.0625
64,13.40625,75,0.34375
84,13.4375,75,0.3125
69,13.4375,75,0.3125
41,13.6328125,75,0.4296875
48,13.671875,75,0.078125
53,13.7109375,75,0.3515625
74,13.75,75,0.15625
65,13.75,75,0.3125
57,13.75,75,0.3125
72,13.90625,75,0.15625
47,13.9453125,75,0.4296875000000018
50,13.984375,75,0.3906250000000018
56,14.0234375,75,0.3515625000000018
77,14.0625,75,0.3125000000000018
65,14.0625,75,0.3125000000000018
62,14.0625,62,0.3125000000000018
48,14.270833333333334,62,0.41666666666666785
55,14.322916666666668,62,0.3645833333333339
74,14.375000000000002,62,0.15625
64,14.375000000000002,62,0.3125
60,14.375000000000002,62,0.3125
72,14.531250000000002,62,0.15625
45,14.570312500000002,62,0.4296875
48,14.609375000000002,62,0.078125
54,14.648437500000002,62,0.3515625
75,14.687500000000002,62,0.3125
63,14.687500000000002,62,0.3125
60,14.687500000000002,62,0.3125
46,14.882812500000002,62,0.5119245000000028
50,14.921875000000002,62,0.4728620000000028
55,14.960937500000002,62,0.4337995000000028
69,15.000000000000002,62,0.1973684999999996
62,15.000000000000002,62,0.3947370000000028
58,15.000000000000002,62,0.3947370000000028
67,15.197368500000001,62,0.19736850000000317
36,15.246710625000002,62,0.5427633750000052
48,15.296052750000003,62,0.49342125000000436
55,15.345394875000004,62,0.04934212500000079
72,15.394737000000005,62,0.3947370000000028
64,15.394737000000005,62,0.3947370000000028
58,15.394737000000005,62,0.3947370000000028
41,15.641447625000005,62,0.4605263750000006
48,15.690789750000006,62,0.09868425000000158
53,15.740131875000007,62,0.361842124999999
74,15.789474000000007,62,0.078125
65,15.789474000000007,62,0.6249999999999982
57,15.789474000000007,62,0.3124999999999982
72,15.867599000000007,62,0.078125
74,15.945724000000007,62,0.07812499999999822
48,15.984786500000007,62,0.11718749999999822
72,16.023849000000006,62,0.078125
53,16.023849000000006,62,0.078125
57,16.062911500000006,62,0.0390625
77,16.101974000000006,62,0.3125
60,16.101974000000006,62,0.3125
48,16.297286500000006,62,0.1171875
53,16.336349000000006,62,0.078125
57,16.375411500000006,62,0.0390625
67,16.414474000000006,62,0.078125
59,16.414474000000006,62,0.3125
65,16.492599000000006,62,0.078125
67,16.570724000000006,62,0.078125
48,16.609786500000006,62,0.1171875
65,16.648849000000006,62,0.078125
53,16.648849000000006,62,0.078125
57,16.687911500000006,62,0.0390625
72,16.726974000000006,62,0.3125
60,16.726974000000006,62,0.15625
48,16.883224000000006,62,0.0390625
53,16.922286500000006,62,0.0390625
57,16.961349000000006,62,0.0390625
64,17.000411500000006,75,0.0390625
74,17.039474000000006,75,0.078125
65,17.039474000000006,75,0.625
62,17.039474000000006,75,0.3125
72,17.117599000000006,75,0.078125
74,17.195724000000006,75,0.078125
48,17.234786500000006,75,0.4296875
72,17.273849000000006,75,0.078125
53,17.273849000000006,75,0.390625
57,17.312911500000006,75,0.3515625
77,17.351974000000006,75,0.3125
60,17.351974000000006,75,0.3125
41,17.547286500000006,75,0.4296875
48,17.586349000000006,75,0.078125
52,17.625411500000006,75,0.3515625
74,17.664474000000006,62,0.078125
67,17.664474000000006,62,0.625
58,17.664474000000006,62,0.3125
72,17.742599000000006,62,0.078125
74,17.820724000000006,62,0.078125
48,17.859786500000006,62,0.1171875
72,17.898849000000006,62,0.078125
52,17.898849000000006,62,0.078125
58,17.937911500000006,62,0.0390625
79,17.976974000000006,62,0.3125
60,17.976974000000006,62,0.3125
48,18.172286500000006,62,0.1171875
52,18.211349000000006,62,0.078125
58,18.250411500000006,62,0.0390625
69,18.289474000000006,62,0.078125
59,18.289474000000006,62,0.3125
67,18.367599000000006,62,0.078125
69,18.445724000000006,62,0.078125
48,18.484786500000006,62,0.1171875
67,18.523849000000006,62,0.078125
52,18.523849000000006,62,0.078125
58,18.562911500000006,62,0.0390625
72,18.601974000000006,62,0.3125
60,18.601974000000006,62,0.15625
48,18.758224000000006,62,0.0390625
52,18.797286500000006,62,0.0390625
58,18.836349000000006,62,0.0390625
64,18.875411500000006,75,0.0390625
74,18.914474000000006,75,0.078125
67,18.914474000000006,75,0.625
62,18.914474000000006,75,0.3125
72,18.992599000000006,75,0.078125
74,19.070724000000006,75,0.078125
48,19.109786500000006,75,0.4296875
72,19.148849000000006,75,0.078125
52,19.148849000000006,75,0.390625
58,19.187911500000006,75,0.3515625
79,19.226974000000006,75,0.3125
60,19.226974000000006,75,0.3125
41,19.422286500000006,75,0.4296875
48,19.461349000000006,75,0.078125
53,19.500411500000006,75,0.3515625
74,19.539474000000006,75,0.078125
69,19.539474000000006,75,0.3125
57,19.539474000000006,75,0.3125
72,19.617599000000006,75,0.078125
74,19.695724000000006,75,0.078125
43,19.726974000000006,75,0.4375
46,19.758224000000006,75,0.40625
72,19.773849000000006,75,0.078125
49,19.789474000000006,75,0.375
52,19.820724000000006,75,0.34375
81,19.851974000000006,75,0.3125
64,19.851974000000006,75,0.3125
62,19.851974000000006,75,0.3125
45,20.047286500000006,75,0.4296875
48,20.086349000000006,75,0.390625
53,20.125411500000006,75,0.3515625
74,20.164474000000006,75,0.078125
65,20.164474000000006,75,0.3125
60,20.164474000000006,75,0.3125
72,20.242599000000006,75,0.078125
74,20.320724000000006,75,0.078125
45,20.359786500000006,75,0.1171875
72,20.398849000000006,75,0.078125
49,20.398849000000006,75,0.390625
53,20.437911500000006,75,0.0390625
77,20.476974000000006,75,0.3125
64,20.476974000000006,75,0.3125
61,20.476974000000006,75,0.3125
46,20.672286500000006,75,0.42968750000000355
50,20.711349000000006,75,0.39062500000000355
53,20.750411500000006,75,0.0390625
81,20.789474000000006,75,0.078125
74,20.789474000000006,75,0.6250000000000036
62,20.789474000000006,75,0.31250000000000355
79,20.867599000000006,75,0.078125
81,20.945724000000006,75,0.078125
47,20.973067750000006,75,0.44140625000000355
50,20.999109416666673,75,0.1028645833333357
79,21.023849000000006,75,0.07812500000000355
53,21.023849000000006,75,0.07812500000000355
55,21.049890666666673,75,0.3645833333333357
62,21.07593233333334,75,0.02604166666666785
86,21.10197400000001,75,0.3125
67,21.10197400000001,75,0.3125
48,21.29728650000001,75,0.4296875
57,21.33634900000001,75,0.390625
60,21.37541150000001,75,0.3515625
74,21.41447400000001,75,0.0
70,21.41447400000001,75,0.625
65,21.41447400000001,75,0.3125
72,21.49259900000001,75,0.078125
74,21.57072400000001,75,0.078125
48,21.60978650000001,75,0.1171875
72,21.64884900000001,75,0.078125
56,21.64884900000001,75,0.390625
59,21.68791150000001,75,0.3515625
79,21.72697400000001,75,0.3125
65,21.72697400000001,75,0.3125
48,21.92228650000001,75,0.1171875
55,21.96134900000001,75,0.390625
60,22.00041150000001,75,0.3515625
81,22.03947400000001,75,0.078125
72,22.03947400000001,75,0.625
64,22.03947400000001,75,0.3125
79,22.11759900000001,75,0.078125
81,22.19572400000001,75,0.078125
48,22.23478650000001,75,0.1171875
79,22.27384900000001,75,0.078125
55,22.27384900000001,75,0.078125
60,22.31291150000001,75,0.0390625
84,22.35197400000001,75,0.3125
63,22.35197400000001,75,0.3125
50,22.54728650000001,75,0.4296875
55,22.58634900000001,75,0.078125
60,22.62541150000001,75,0.0390625
87,22.66447400000001,75,0.078125
81,22.66447400000001,75,0.625
62,22.66447400000001,75,0.3125
86,22.74259900000001,75,0.078125
87,22.82072400000001,75,0.078125
50,22.85978650000001,75,0.1171875
86,22.89884900000001,75,0.078125
54,22.89884900000001,75,0.390625
60,22.93791150000001,75,0.0390625
93,22.97697400000001,75,0.3125
66,22.97697400000001,75,0.3125
43,23.17228650000001,75,0.4296875
50,23.21134900000001,75,0.078125
55,23.25041150000001,75,0.3515625
75,23.28947400000001,62,0.078125
67,23.28947400000001,62,0.625
58,23.28947400000001,62,0.3125
74,23.36759900000001,62,0.078125
75,23.44572400000001,62,0.078125
50,23.48478650000001,62,0.1171875
74,23.52384900000001,62,0.078125
55,23.52384900000001,62,0.078125
58,23.56291150000001,62,0.0390625
79,23.60197400000001,62,0.3125
62,23.60197400000001,62,0.3125
50,23.79728650000001,62,0.1171875
55,23.83634900000001,62,0.078125
58,23.87541150000001,62,0.0390625
69,23.91447400000001,62,0.078125
61,23.91447400000001,62,0.3125
67,23.99259900000001,62,0.078125
69,24.07072400000001,62,0.078125
50,24.10978650000001,62,0.1171875
67,24.14884900000001,62,0.078125
55,24.14884900000001,62,0.078125
58,24.18791150000001,62,0.0390625
74,24.22697400000001,62,0.3125
62,24.22697400000001,62,0.15625
50,24.38322400000001,62,0.0390625
55,24.42228650000001,62,0.0390625
58,24.46134900000001,62,0.0390625
65,24.50041150000001,75,0.0390625
75,24.53947400000001,75,0.078125
67,24.53947400000001,75,0.625
63,24.53947400000001,75,0.3125
74,24.61759900000001,75,0.078125
75,24.69572400000001,75,0.078125
50,24.73478650000001,75,0.4296875
74,24.77384900000001,75,0.078125
55,24.77384900000001,75,0.390625
58,24.81291150000001,75,0.3515625
79,24.85197400000001,75,0.3125
62,24.85197400000001,75,0.3125
43,25.04728650000001,75,0.4296875
50,25.08634900000001,75,0.078125
54,25.12541150000001,75,0.3515625
75,25.16447400000001,62,0.078125
69,25.16447400000001,62,0.625
60,25.16447400000001,62,0.3125
74,25.24259900000001,62,0.078125
75,25.32072400000001,62,0.078125
50,25.35978650000001,62,0.1171875
74,25.39884900000001,62,0.078125
54,25.39884900000001,62,0.078125
60,25.43791150000001,62,0.0390625
81,25.47697400000001,62,0.3125
62,25.47697400000001,62,0.3125
50,25.67228650000001,62,0.1171875
54,25.71134900000001,62,0.078125
60,25.75041150000001,62,0.0390625
70,25.78947400000001,62,0.078125
61,25.78947400000001,62,0.3125
69,25.86759900000001,62,0.078125
70,25.94572400000001,62,0.078125
50,25.98478650000001,62,0.1171875
69,26.02384900000001,62,0.078125
54,26.02384900000001,62,0.078125
60,26.06291150000001,62,0.0390625
74,26.10197400000001,62,0.3125
62,26.10197400000001,62,0.15625
50,26.25822400000001,62,0.0390625
54,26.29728650000001,62,0.0390625
60,26.33634900000001,62,0.0390625
65,26.37541150000001,75,0.0390625
75,26.41447400000001,75,0.078125
69,26.41447400000001,75,0.625
63,26.41447400000001,75,0.3125
74,26.49259900000001,75,0.078125
75,26.57072400000001,75,0.078125
50,26.60978650000001,75,0.4296875
74,26.64884900000001,75,0.078125
54,26.64884900000001,75,0.390625
60,26.68791150000001,75,0.3515625
81,26.72697400000001,75,0.3125
62,26.72697400000001,75,0.3125
43,26.92228650000001,75,0.4296875
46,26.96134900000001,75,0.390625
50,27.00041150000001,75,0.0390625
75,27.03947400000001,75,0.078125
70,27.03947400000001,75,0.3125
58,27.03947400000001,75,0.3125
74,27.11759900000001,75,0.078125
75,27.19572400000001,75,0.078125
45,27.22697400000001,75,0.4375
48,27.25822400000001,75,0.40625
74,27.27384900000001,75,0.078125
50,27.28947400000001,75,0.0625
54,27.32072400000001,75,0.34375
78,27.35197400000001,75,0.3125
69,27.35197400000001,75,0.3125
62,27.35197400000001,75,0.3125
46,27.54728650000001,75,0.4296875
50,27.58634900000001,75,0.078125
55,27.62541150000001,75,0.3515625
75,27.66447400000001,75,0.078125
67,27.66447400000001,75,0.3125
62,27.66447400000001,75,0.3125
74,27.74259900000001,75,0.078125
75,27.82072400000001,75,0.078125
47,27.85978650000001,75,0.4296875
74,27.89884900000001,75,0.078125
49,27.89884900000001,75,0.390625
55,27.93791150000001,75,0.0390625
77,27.97697400000001,75,0.3125
67,27.97697400000001,75,0.3125
61,27.97697400000001,75,0.3125
48,28.17228650000001,75,0.4296875
55,28.21134900000001,75,0.078125
58,28.25041150000001,75,0.3515625
77,28.28947400000001,75,0.078125
67,28.28947400000001,75,0.6249999999999964
60,28.28947400000001,75,0.3125
76,28.36759900000001,75,0.078125
77,28.44572400000001,75,0.078125
48,28.47697400000001,75,0.125
58,28.50822400000001,75,0.09375
76,28.52384900000001,75,0.078125
60,28.53947400000001,75,0.0625
64,28.57072400000001,75,0.34374999999999645
84,28.60197400000001,75,0.31249999999999645
69,28.60197400000001,75,0.31249999999999645
41,28.81030733333334,75,0.4166666666666643
48,28.862390666666673,75,0.05208333333333215
74,28.914474000000006,62,0.078125
65,28.914474000000006,62,0.6249999999999964
57,28.914474000000006,62,0.3125
72,28.992599000000006,62,0.078125
74,29.070724000000006,62,0.078125
53,29.122807333333338,62,0.4166666666666643
72,29.148849000000006,62,0.078125
57,29.174890666666673,62,0.05208333333333215
77,29.226974000000006,62,0.31249999999999645
65,29.226974000000006,62,0.31249999999999645
54,29.435307333333338,62,0.49890366666667063
58,29.48739066666667,62,0.4468203333333385
77,29.539474000000002,62,0.09868425000000158
69,29.539474000000002,62,0.39473700000000633
65,29.539474000000002,62,0.39473700000000633
75,29.638158250000004,62,0.09868425000000158
77,29.736842500000005,62,0.09868425000000158
54,29.802632000000006,62,0.1315790000000021
75,29.835526750000007,62,0.09868425000000158
58,29.868421500000007,62,0.06578950000000106
82,29.93421100000001,62,0.3947370000000028
70,29.93421100000001,62,0.3947370000000028
63,29.93421100000001,62,0.3947370000000028
44,30.19736900000001,62,0.5263160000000084
54,30.26315850000001,62,0.06578950000000106
82,30.32894800000001,75,0.09868425000000158
77,30.32894800000001,75,0.39473700000000633
58,30.32894800000001,75,0.39473700000000633
80,30.427632250000013,75,0.09868425000000158
82,30.526316500000014,75,0.09868425000000158
44,30.592106000000015,75,0.1315790000000021
80,30.625000750000016,75,0.09868425000000158
54,30.657895500000016,75,0.06578950000000106
87,30.723685000000017,75,0.3947369999999957
75,30.723685000000017,75,0.3947369999999957
60,30.723685000000017,75,0.3947369999999957
37,30.970395625000016,75,0.46052637499999705
44,31.019737750000015,75,0.09868424999999803
53,31.069079875000014,75,0.361842124999999
73,31.118422000000013,62,0.625
77,31.118422000000013,62,0.625
85,31.118422000000013,62,0.625
61,31.118422000000013,62,0.3125
49,31.313734500000013,62,0.4296875
56,31.352797000000013,62,0.390625
61,31.391859500000013,62,0.0390625
68,31.430922000000013,62,0.3125
65,31.430922000000013,62,0.3125
49,31.626234500000013,62,0.1171875
56,31.665297000000013,62,0.078125
61,31.704359500000013,62,0.0390625
75,31.743422000000013,62,0.078125
67,31.743422000000013,62,0.31249999999999645
65,31.743422000000013,62,0.31249999999999645
73,31.821547000000013,62,0.078125
75,31.899672000000013,62,0.078125
49,31.938734500000013,62,0.11718749999999645
73,31.977797000000013,62,0.07812499999999645
56,31.977797000000013,62,0.07812499999999645
60,32.01685950000001,62,0.3515625
80,32.05592200000001,62,0.3125
68,32.05592200000001,62,0.3125
65,32.05592200000001,75,0.3125
49,32.25123450000001,75,0.1171875
56,32.29029700000001,75,0.078125
59,32.32935950000001,75,0.3515625
75,32.36842200000001,75,0.078125
70,32.36842200000001,75,0.3125
65,32.36842200000001,75,0.3125
73,32.44654700000001,75,0.078125
75,32.52467200000001,75,0.078125
47,32.56373450000001,75,0.4296875
73,32.60279700000001,75,0.078125
53,32.60279700000001,75,0.390625
56,32.64185950000001,75,0.0390625
80,32.68092200000001,75,0.3125
71,32.68092200000001,75,0.3125
63,32.68092200000001,75,0.3125
46,32.87623450000001,75,0.4296875
53,32.91529700000001,75,0.078125
56,32.95435950000001,75,0.0390625
78,32.99342200000001,62,0.078125
71,32.99342200000001,88,0.625
62,32.99342200000001,75,0.3125
77,33.07154700000001,62,0.078125
78,33.14967200000001,62,0.078125
46,33.18873450000001,75,0.1171875
77,33.22779700000001,62,0.078125
50,33.22779700000001,75,0.390625
56,33.26685950000001,75,0.0390625
82,33.30592200000001,62,0.3125
58,33.30592200000001,62,0.3125
46,33.50123450000001,62,0.1171875
50,33.54029700000001,62,0.078125
57,33.57935950000001,62,0.3515625
83,33.61842200000001,62,0.078125
77,33.61842200000001,62,0.625
56,33.61842200000001,62,0.3125
82,33.69654700000001,62,0.078125
83,33.77467200000001,62,0.078125
46,33.81373450000001,62,0.1171875
82,33.85279700000001,62,0.078125
50,33.85279700000001,62,0.078125
56,33.89185950000001,62,0.0390625
89,33.93092200000001,62,0.3125
58,33.93092200000001,62,0.3125
47,34.12623450000001,62,0.4296875
53,34.16529700000001,62,0.390625
56,34.20435950000001,62,0.0390625
87,34.24342200000001,75,0.078125
80,34.24342200000001,75,0.625
63,34.24342200000001,75,0.3125
86,34.32154700000001,75,0.078125
87,34.39967200000001,75,0.078125
46,34.43873450000001,75,0.4296875
86,34.47779700000001,75,0.078125
53,34.47779700000001,75,0.078125
56,34.51685950000001,75,0.0390625
92,34.55592200000001,75,0.3125
65,34.55592200000001,75,0.3125
51,34.75123450000001,75,0.4296875
54,34.79029700000001,75,0.390625
58,34.82935950000001,75,0.3515625
78,34.86842200000001,75,0.625
87,34.86842200000001,75,0.625
90,34.86842200000001,75,0.625
63,34.86842200000001,75,0.3125
51,35.06373450000001,75,0.1171875
58,35.10279700000001,75,0.078125
63,35.14185950000001,75,0.0390625
70,35.18092200000001,75,0.3125
66,35.18092200000001,75,0.3125
51,35.37623450000001,75,0.1171875
58,35.41529700000001,75,0.078125
63,35.45435950000001,75,0.0390625
77,35.49342200000001,62,0.078125
69,35.49342200000001,62,0.3125
66,35.49342200000001,75,0.3125
75,35.57154700000001,62,0.078125
77,35.64967200000001,62,0.078125
51,35.68873450000001,75,0.1171875
75,35.72779700000001,62,0.078125
58,35.72779700000001,75,0.078125
62,35.76685950000001,75,0.3515625
82,35.80592200000001,62,0.3125
70,35.80592200000001,62,0.3125
66,35.80592200000001,75,0.3125
51,36.00123450000001,75,0.1171875
58,36.04029700000001,75,0.078125
61,36.07935950000001,75,0.3515625
77,36.11842200000001,75,0.078125
72,36.11842200000001,75,0.3125
66,36.11842200000001,75,0.3125
75,36.19654700000001,75,0.078125
77,36.27467200000001,75,0.078125
49,36.31373450000001,75,0.4296875
75,36.35279700000001,75,0.078125
55,36.35279700000001,75,0.390625
58,36.39185950000001,75,0.0390625
82,36.43092200000001,75,0.3125
73,36.43092200000001,75,0.3125
65,36.43092200000001,75,0.3125
48,36.62623450000001,75,0.4296875
55,36.66529700000001,75,0.078125
58,36.70435950000001,75,0.0390625
80,36.74342200000001,75,0.078125
73,36.74342200000001,75,0.625
64,36.74342200000001,75,0.3125
79,36.82154700000001,75,0.078125
80,36.89967200000001,75,0.078125
48,36.93873450000001,75,0.1171875
79,36.97779700000001,75,0.078125
52,36.97779700000001,75,0.390625
58,37.01685950000001,75,0.0390625
84,37.05592200000001,75,0.3125
60,37.05592200000001,75,0.3125
48,37.25123450000001,75,0.1171875
52,37.29029700000001,75,0.078125
58,37.32935950000001,75,0.0390625
85,37.36842200000001,75,0.078125
78,37.36842200000001,75,0.625
59,37.36842200000001,75,0.3125
84,37.44654700000001,75,0.078125
85,37.52467200000001,75,0.078125
48,37.56373450000001,75,0.1171875
84,37.60279700000001,75,0.078125
52,37.60279700000001,75,0.078125
58,37.64185950000001,75,0.0390625
91,37.68092200000001,75,0.3125
60,37.68092200000001,75,0.3125
49,37.87623450000001,75,0.4296875
55,37.91529700000001,75,0.390625
58,37.95435950000001,75,0.0390625
89,37.99342200000001,88,0.078125
82,37.99342200000001,88,0.625
65,37.99342200000001,88,0.3125
88,38.07154700000001,88,0.078125
89,38.14967200000001,88,0.078125
48,38.18873450000001,88,0.4296875
88,38.22779700000001,88,0.078125
55,38.22779700000001,88,0.078125
58,38.26685950000001,88,0.0390625
94,38.30592200000001,88,0.3125
67,38.30592200000001,88,0.3125
53,38.50123450000001,88,0.4296875
56,38.54029700000001,88,0.390625
60,38.57935950000001,88,0.3515625
92,38.61842200000001,88,0.625
80,38.61842200000001,88,0.3125
89,38.61842200000001,88,0.3125
68,38.61842200000001,88,0.3125
53,38.81373450000001,88,0.1171875
56,38.85279700000001,88,0.078125
60,38.89185950000001,88,0.0390625
72,38.93092200000001,88,0.3125
68,38.93092200000001,75,0.3125
53,39.12623450000001,75,0.1171875
56,39.16529700000001,75,0.078125
61,39.20435950000001,75,0.3515625
79,39.24342200000001,75,0.078125
71,39.24342200000001,75,0.3125
68,39.24342200000001,75,0.3125
77,39.32154700000001,75,0.078125
79,39.39967200000001,75,0.078125
53,39.43873450000001,75,0.1171875
77,39.47779700000001,75,0.078125
56,39.47779700000001,75,0.078125
60,39.51685950000001,75,0.3515625
84,39.55592200000001,75,0.3125
72,39.55592200000001,75,0.3125
68,39.55592200000001,75,0.3125
52,39.75123450000001,75,0.4296875
56,39.79029700000001,75,0.078125
58,39.82935950000001,75,0.3515625
84,39.86842200000001,88,0.078125
73,39.86842200000001,88,0.3125
67,39.86842200000001,88,0.3125
82,39.94654700000001,88,0.078125
84,40.02467200000001,88,0.078125
51,40.06373450000001,88,0.4296875
82,40.10279700000001,88,0.078125
56,40.10279700000001,88,0.078125
60,40.14185950000001,88,0.3515625
87,40.18092200000001,88,0.3125
75,40.18092200000001,88,0.3125
66,40.18092200000001,88,0.3125
49,40.37623450000001,88,0.4296875
56,40.41529700000001,88,0.078125
61,40.45435950000001,88,0.3515625
82,40.49342200000001,88,0.078125
77,40.49342200000001,88,0.625
65,40.49342200000001,88,0.3125
80,40.57154700000001,88,0.078125
82,40.64967200000001,88,0.078125
56,40.701755333333345,88,0.1041666666666643
80,40.72779700000001,88,0.078125
65,40.753838666666674,88,0.0520833333333357
89,40.80592200000001,88,0.3125
68,40.80592200000001,75,0.3125
49,41.00123450000001,75,0.4296875
58,41.04029700000001,75,0.390625
61,41.07935950000001,75,0.3515625
75,41.11842200000001,75,0.078125
67,41.11842200000001,75,0.3125
65,41.11842200000001,75,0.3125
73,41.19654700000001,75,0.078125
75,41.27467200000001,75,0.078125
49,41.31373450000001,75,0.1171875
73,41.35279700000001,75,0.078125
56,41.35279700000001,75,0.390625
61,41.39185950000001,75,0.0390625
80,41.43092200000001,75,0.3125
68,41.43092200000001,75,0.3125
65,41.43092200000001,75,0.3125
49,41.62623450000001,75,0.1171875
56,41.66529700000001,75,0.078125
61,41.70435950000001,75,0.0390625
80,41.74342200000001,88,0.078125
70,41.74342200000001,88,0.3125
64,41.74342200000001,88,0.3125
79,41.82154700000001,88,0.078125
80,41.89967200000001,88,0.078125
48,41.951755333333345,88,0.4166666666666714
79,41.97779700000001,88,0.078125
56,42.003838666666674,88,0.0520833333333357
84,42.05592200000001,88,0.3125000000000071
72,42.05592200000001,88,0.3125000000000071
63,42.05592200000001,88,0.3125000000000071
46,42.264255333333345,88,0.4166666666666714
53,42.31633866666668,88,0.3645833333333357
78,42.36842200000002,88,0.078125
73,42.36842200000002,88,0.6250000000000071
61,42.36842200000002,88,0.3125
77,42.44654700000002,88,0.078125
78,42.52467200000002,88,0.078125
53,42.57675533333335,88,0.1041666666666643
77,42.60279700000002,88,0.078125
61,42.62883866666668,88,0.0520833333333357
85,42.68092200000002,88,0.3125000000000071
65,42.68092200000002,88,0.3125000000000071
46,42.88925533333335,88,0.4166666666666714
54,42.94133866666669,88,0.3645833333333357
72,42.993422000000024,75,0.078125
64,42.993422000000024,75,0.3125
76,42.993422000000024,75,0.3125
61,42.993422000000024,75,0.3125
70,43.071547000000024,75,0.078125
72,43.149672000000024,75,0.078125
46,43.20175533333336,75,0.1041666666666643
70,43.227797000000024,75,0.078125
53,43.25383866666669,75,0.3645833333333428
73,43.305922000000024,75,0.3125000000000071
65,43.305922000000024,75,0.3125000000000071
77,43.305922000000024,75,0.3125000000000071
61,43.305922000000024,75,0.3125000000000071
46,43.51425533333336,75,0.1041666666666714
52,43.566338666666695,75,0.3645833333333357
72,43.61842200000003,88,0.078125
66,43.61842200000003,88,0.3125
78,43.61842200000003,88,0.3125
61,43.61842200000003,88,0.3125
70,43.69654700000003,88,0.078125
72,43.77467200000003,88,0.078125
46,43.82675533333337,88,0.1041666666666643
70,43.85279700000003,88,0.078125
53,43.878838666666695,88,0.3645833333333357
73,43.93092200000003,88,0.3125
65,43.93092200000003,88,0.3125
77,43.93092200000003,88,0.3125
61,43.93092200000003,88,0.3125
52,44.12623450000003,88,0.4296875
58,44.16529700000003,88,0.390625
61,44.20435950000003,88,0.0390625
72,44.24342200000003,75,0.078125
66,44.24342200000003,75,0.3125
78,44.24342200000003,75,0.3125
64,44.24342200000003,75,0.3125
70,44.32154700000003,75,0.078125
72,44.39967200000003,75,0.078125
51,44.43873450000003,75,0.4296875
70,44.47779700000003,75,0.078125
58,44.47779700000003,75,0.078125
61,44.51685950000003,75,0.0390625
75,44.55592200000003,75,0.3125
67,44.55592200000003,75,0.3125
79,44.55592200000003,75,0.3125
63,44.55592200000003,75,0.3125
50,44.75123450000003,75,0.4296875
56,44.79029700000003,75,0.390625
59,44.82935950000003,75,0.3515625
73,44.86842200000003,75,0.078125
66,44.86842200000003,75,0.3125
78,44.86842200000003,75,0.3125
62,44.86842200000003,75,0.3125
71,44.94654700000003,75,0.078125
73,45.02467200000003,88,0.078125
49,45.06373450000003,75,0.4296875
71,45.10279700000003,88,0.078125
52,45.10279700000003,75,0.390625
58,45.14185950000003,75,0.3515625
76,45.18092200000003,88,0.3125
67,45.18092200000003,88,0.3125
79,45.18092200000003,88,0.3125
61,45.18092200000003,88,0.3125
48,45.37623450000003,88,0.4296875
53,45.41529700000003,88,0.390625
56,45.45435950000003,88,0.3515625
74,45.49342200000003,88,0.078125
68,45.49342200000003,88,0.3125
80,45.49342200000003,88,0.3125
60,45.49342200000003,88,0.3125
72,45.57154700000003,88,0.078125
74,45.64967200000003,75,0.078125
72,45.72779700000003,75,0.078125
74,45.80592200000003,75,0.3125
65,45.80592200000003,75,0.3125
68,45.80592200000003,75,0.3125
77,45.80592200000003,75,0.3125
36,45.80592200000003,75,0.078125
35,45.88404700000003,75,0.078125
36,45.96217200000003,75,0.078125
35,46.04029700000003,75,0.078125
64,46.11842200000003,49,0.3125
67,46.11842200000003,49,0.3125
72,46.11842200000003,49,0.3125
76,46.11842200000003,49,0.3125
36,46.11842200000003,49,0.3125
48,46.11842200000003,49,0.3125
64,46.31373450000003,49,0.1171875
70,46.35279700000003,49,0.390625
72,46.39185950000003,49,0.0390625
86,46.43092200000003,49,0.078125
91,46.43092200000003,49,0.3125
79,46.43092200000003,49,0.3125
84,46.50904700000003,49,0.078125
86,46.58717200000003,49,0.078125
60,46.61842200000003,49,0.4375
63,46.64967200000003,49,0.40625
84,46.66529700000003,49,0.078125
70,46.68092200000003,49,0.0625
72,46.71217200000003,49,0.03125
96,46.74342200000003,49,0.3125
90,46.74342200000003,49,0.3125
78,46.74342200000003,49,0.3125
64,46.93873450000003,49,0.4296875
70,46.97779700000003,49,0.078125
72,47.01685950000003,49,0.0390625
86,47.05592200000003,49,0.078125
91,47.05592200000003,49,0.3125
79,47.05592200000003,49,0.3125
84,47.13404700000003,49,0.078125
86,47.21217200000003,49,0.078125
60,47.24342200000003,49,0.4375
65,47.27467200000003,49,0.40625
84,47.29029700000003,49,0.078125
70,47.30592200000003,49,0.0625
72,47.33717200000003,49,0.03125
96,47.36842200000003,49,0.3125
93,47.36842200000003,49,0.3125
81,47.36842200000003,49,0.3125
67,47.56373450000003,49,0.4296875
70,47.60279700000003,49,0.078125
72,47.64185950000003,49,0.0390625
86,47.68092200000003,49,0.078125
88,47.68092200000003,49,0.3125
76,47.68092200000003,49,0.3125
84,47.75904700000003,49,0.078125
86,47.83717200000003,49,0.078125
60,47.87623450000003,49,0.4296875
84,47.91529700000003,49,0.078125
68,47.91529700000003,49,0.390625
73,47.95435950000003,49,0.3515625
84,47.99342200000003,49,0.3125
89,47.99342200000003,49,0.7072370000000063
77,47.99342200000003,49,0.3125
48,48.18873450000003,49,0.5119245000000063
53,48.22779700000003,49,0.47286200000000633
59,48.26685950000003,49,0.43379950000000633
62,48.30592200000003,49,0.39473700000000633
36,48.30592200000003,64,0.09868424999999803
35,48.40460625000003,64,0.09868424999999803
36,48.50329050000003,64,0.09868425000000514
48,48.55263262500003,49,0.1480263750000077
53,48.60197475000003,49,0.09868425000000514
35,48.60197475000003,64,0.09868425000000514
59,48.651316875000035,49,0.04934212500000257
61,48.70065900000004,49,0.39473700000000633
44,48.70065900000004,75,0.7894740000000127
36,48.70065900000004,64,0.39473700000000633
48,48.947369625000036,49,0.1480263750000077
53,48.99671175000004,49,0.09868425000000514
59,49.04605387500004,49,0.04934212500000257
62,49.095396000000044,49,0.39473700000000633
36,49.095396000000044,64,0.09868424999999803
35,49.19408025000004,64,0.09868424999999803
36,49.29276450000004,64,0.09868425000000514
48,49.34210662500004,49,0.1480263750000077
53,49.391448750000045,49,0.09868425000000514
35,49.391448750000045,64,0.09868425000000514
59,49.44079087500005,49,0.04934212500000257
64,49.49013300000005,49,0.39473700000000633
43,49.49013300000005,49,0.7894739999999985
36,49.49013300000005,64,0.39473700000000633
48,49.73684362500005,49,0.1480263750000077
53,49.78618575000005,49,0.09868425000000514
59,49.835527875000054,49,0.04934212500000257
62,49.884870000000056,49,0.3947369999999921
36,49.884870000000056,64,0.09868424999999803
35,49.983554250000054,64,0.09868424999999803
36,50.08223850000005,64,0.09868424999999803
52,50.131580625000055,49,0.5427633749999998
36,50.14802800000005,49,0.032894749999996975
58,50.18092275000005,49,0.49342125000000436
35,50.18092275000005,64,0.09868424999999803
43,50.21381750000005,49,0.06578950000000106
62,50.230264875000046,49,0.04934212500000257
67,50.27960700000005,49,0.39473700000000633
48,50.27960700000005,49,0.39473700000000633
60,50.51644920000005,49,0.4703948000000082
64,50.55592290000005,49,0.43092110000000616
70,50.59539660000005,49,0.3914474000000041
72,50.63487030000005,49,0.35197370000000205
86,50.674344000000055,49,0.078125
79,50.674344000000055,49,0.3125
91,50.674344000000055,49,0.3125
76,50.674344000000055,49,0.3125
84,50.752469000000055,49,0.078125
86,50.830594000000055,49,0.078125
60,50.861844000000055,49,0.125
63,50.893094000000055,49,0.40625
84,50.908719000000055,49,0.078125
70,50.924344000000055,49,0.0625
72,50.955594000000055,49,0.03125
96,50.986844000000055,49,0.3125
78,50.986844000000055,49,0.3125
84,50.986844000000055,49,0.3125
90,50.986844000000055,49,0.3125
75,50.986844000000055,49,0.3125
60,51.174344000000055,49,0.125
64,51.205594000000055,49,0.40625
70,51.236844000000055,49,0.0625
72,51.268094000000055,49,0.03125
86,51.299344000000055,49,0.078125
79,51.299344000000055,49,0.3125
91,51.299344000000055,49,0.3125
76,51.299344000000055,49,0.3125
84,51.377469000000055,49,0.078125
86,51.455594000000055,49,0.078125
60,51.486844000000055,49,0.125
65,51.518094000000055,49,0.40625
84,51.533719000000055,49,0.078125
70,51.549344000000055,49,0.0625
72,51.580594000000055,49,0.03125
96,51.611844000000055,49,0.3125
81,51.611844000000055,49,0.15625
84,51.611844000000055,49,0.15625
93,51.611844000000055,49,0.15625
77,51.611844000000055,49,0.3125
82,51.768094000000055,49,0.15625
94,51.768094000000055,49,0.15625
60,51.799344000000055,49,0.125
67,51.830594000000055,49,0.40625
70,51.861844000000055,49,0.0625
72,51.893094000000055,49,0.03125
86,51.924344000000055,49,0.078125
76,51.924344000000055,49,0.3125
88,51.924344000000055,49,0.3125
79,51.924344000000055,49,0.3125
84,52.002469000000055,49,0.078125
86,52.080594000000055,49,0.078125
60,52.119656500000055,49,0.1171875
84,52.158719000000055,49,0.078125
65,52.158719000000055,49,0.390625
68,52.197781500000055,49,0.3515625
84,52.236844000000055,49,0.3125
77,52.236844000000055,49,0.3125
84,52.236844000000055,49,0.3125
89,52.236844000000055,49,0.3125
73,52.236844000000055,49,0.3125
48,52.432156500000055,49,0.5119245000000063
53,52.471219000000055,49,0.47286200000000633
59,52.510281500000055,49,0.43379950000000633
62,52.549344000000055,49,0.39473700000000633
36,52.549344000000055,64,0.09868424999999803
35,52.64802825000005,64,0.09868424999999803
36,52.74671250000005,64,0.09868425000000514
48,52.79605462500005,49,0.1480263750000077
53,52.845396750000056,49,0.09868425000000514
35,52.845396750000056,64,0.09868425000000514
59,52.89473887500006,49,0.04934212500000257
61,52.94408100000006,49,0.39473700000000633
44,52.94408100000006,75,0.7894740000000127
36,52.94408100000006,64,0.39473700000000633
48,53.19079162500006,49,0.1480263750000077
53,53.24013375000006,49,0.09868425000000514
59,53.289475875000065,49,0.04934212500000257
62,53.33881800000007,49,0.39473700000000633
36,53.33881800000007,64,0.09868424999999803
35,53.437502250000065,64,0.09868424999999803
36,53.53618650000006,64,0.09868425000000514
48,53.585528625000066,49,0.1480263750000077
53,53.63487075000007,49,0.09868425000000514
35,53.63487075000007,64,0.09868425000000514
59,53.68421287500007,49,0.04934212500000257
64,53.733555000000074,49,0.39473700000000633
43,53.733555000000074,49,0.7894739999999985
36,53.733555000000074,64,0.39473700000000633
48,53.98026562500007,49,0.1480263750000077
53,54.029607750000075,49,0.09868425000000514
59,54.07894987500008,49,0.04934212500000257
62,54.12829200000008,49,0.3947369999999921
36,54.12829200000008,64,0.09868424999999803
35,54.22697625000008,64,0.09868424999999803
36,54.325660500000076,64,0.09868424999999803
52,54.37500262500008,49,0.5427633749999998
36,54.39145000000008,49,0.032894749999996975
58,54.424344750000074,49,0.49342125000000436
35,54.424344750000074,64,0.09868424999999803
43,54.45723950000007,49,0.06578950000000106
62,54.47368687500007,49,0.04934212500000257
67,54.52302900000007,49,0.39473700000000633
48,54.52302900000007,49,0.39473700000000633
48,54.76973962500007,49,0.1480263750000077
52,54.81908175000007,49,0.09868425000000514
58,54.868423875000076,49,0.04934212500000257
60,54.91776600000008,49,0.3125
48,55.11307850000008,49,0.1171875
53,55.15214100000008,49,0.390625
58,55.19120350000008,49,0.0390625
59,55.23026600000008,49,0.3125
48,55.42557850000008,49,0.1171875
52,55.46464100000008,49,0.390625
58,55.50370350000008,49,0.0390625
60,55.54276600000008,49,0.3125
48,55.73807850000008,49,0.1171875
51,55.77714100000008,49,0.390625
58,55.81620350000008,49,0.0390625
84,55.85526600000008,49,0.46875
62,55.85526600000008,49,0.3125
48,56.05057850000008,49,0.1171875
52,56.08964100000008,49,0.390625
58,56.12870350000008,49,0.0390625
60,56.16776600000008,49,0.3125
72,56.32401600000008,49,0.15625
48,56.36307850000008,49,0.1171875
53,56.40214100000008,49,0.390625
56,56.44120350000008,49,0.3515625
72,56.48026600000008,49,0.3125
61,56.48026600000008,49,0.3125
59,56.67557850000008,49,0.4296875
65,56.71464100000008,49,0.390625
68,56.75370350000008,49,0.3515625
73,56.79276600000008,62,0.3125
59,56.98807850000008,62,0.1171875
65,57.02714100000008,62,0.078125
67,57.06620350000008,62,0.3515625
73,57.10526600000008,62,0.3125
59,57.30057850000008,62,0.1171875
65,57.33964100000008,62,0.078125
68,57.37870350000008,62,0.3515625
73,57.41776600000008,62,0.3125
59,57.61307850000008,62,0.1171875
65,57.65214100000008,62,0.078125
70,57.69120350000008,62,0.3515625
73,57.73026600000008,62,0.3125
48,57.73026600000008,62,0.46875
59,57.92557850000008,62,0.1171875
65,57.96464100000008,62,0.078125
68,58.00370350000008,62,0.3515625
73,58.04276600000008,62,0.3125
36,58.19901600000008,62,0.15625
60,58.23807850000008,62,0.4296875
66,58.27714100000008,62,0.390625
69,58.31620350000008,62,0.3515625
74,58.35526600000008,62,0.3125
36,58.35526600000008,62,0.3125
48,58.55057850000008,62,0.4296875
54,58.58964100000008,62,0.390625
57,58.62870350000008,62,0.3515625
62,58.66776600000008,62,0.3125
48,58.86307850000008,62,0.1171875
55,58.90214100000008,62,0.390625
57,58.94120350000008,62,0.0390625
61,58.98026600000008,62,0.3125
48,59.17557850000008,62,0.1171875
54,59.21464100000008,62,0.390625
57,59.25370350000008,62,0.0390625
62,59.29276600000008,62,0.3125
48,59.48807850000008,62,0.1171875
53,59.52714100000008,62,0.390625
57,59.56620350000008,62,0.0390625
84,59.60526600000008,62,0.4791667499999974
63,59.60526600000008,62,0.3125
48,59.80057850000008,62,0.1171875
54,59.83964100000008,62,0.41145849999998774
57,59.87870350000008,62,0.0390625
62,59.91776600000008,62,0.33333349999998774
72,60.084432750000076,62,0.16666674999999032
48,60.12609943750007,62,0.12500006249999274
55,60.16776612500007,62,0.4404763749999958
58,60.20943281250007,62,0.39880968749999823
72,60.251099500000066,62,0.35714300000000065
72,60.251099500000066,49,0.35714300000000065
63,60.251099500000066,62,0.35714300000000065
48,60.474313875000064,62,0.1339286250000029
67,60.4891948333334,62,0.5036631666666622
55,60.518956750000065,62,0.08928575000000194
70,60.54871866666673,62,0.44413933333333233
58,60.563599625000066,62,0.04464287500000097
79,60.60824250000007,62,0.38461549999999534
63,60.60824250000007,62,0.38461549999999534
48,60.848627187500064,62,0.14423081249999825
66,60.864652833333395,62,0.5567766666666571
55,60.89670412500006,62,0.09615387499999883
70,60.92875541666673,62,0.06410258333333019
58,60.94478106250006,62,0.04807693749999942
78,60.99285800000006,62,0.42857149999998967
63,60.99285800000006,62,0.42857149999998967
48,61.26071518750006,62,0.1607143124999908
67,61.27857233333339,62,0.6116071666666585
55,61.31428662500006,62,0.10714287499999386
70,61.35000091666672,62,0.07142858333332924
58,61.367858062500055,62,0.05357143749999693
79,61.42142950000005,62,0.46875
63,61.42142950000005,62,0.46875
70,61.73392950000005,62,0.15625
74,61.81205450000005,62,0.5953665000000044
82,61.89017950000005,62,0.5172415000000044
64,61.89017950000005,62,0.5172415000000044
60,61.89017950000005,62,0.8057030000000012
48,62.21345543750005,62,0.7708885624999979
69,62.23500716666672,62,0.7493368333333308
55,62.27811062500005,62,0.7062333749999965
76,62.32121408333339,62,0.6631299166666622
58,62.342765812500055,62,0.6415781874999951
81,62.407421000000056,62,0.5769229999999936
64,62.407421000000056,62,0.5769229999999936
48,62.69588250000005,62,0.2884614999999968
77,62.792036333333385,62,0.5332166666666751
41,62.84011325000005,62,1.5078667500000265
81,62.88819016666672,62,0.09615383333333227
89,62.98434400000005,49,0.34090900000001056
62,62.98434400000005,49,0.08522725000000264
48,62.98434400000005,49,1.363636000000028
60,63.06957125000005,49,0.08522725000000264
62,63.154798500000055,49,0.08522725000000264
69,63.19741212500006,49,0.4687498750000074
72,63.24002575000006,49,0.4261362500000061
60,63.24002575000006,49,0.08522725000000264
77,63.28263937500006,49,0.04261362500000132
84,63.32525300000006,49,0.34090900000000346
53,63.32525300000006,75,0.34090900000000346
65,63.32525300000006,75,0.34090900000000346
68,63.53832112500006,49,0.4687498750000074
72,63.58093475000006,49,0.08522725000000264
77,63.62354837500006,49,0.04261362500000132
83,63.666162000000064,49,0.34090900000000346
55,63.666162000000064,49,0.08522725000000264
53,63.75138925000007,49,0.08522725000000264
55,63.83661650000007,49,0.08522725000000264
69,63.87923012500007,49,0.4687498750000074
72,63.92184375000007,49,0.08522724999999554
53,63.92184375000007,49,0.08522724999999554
77,63.96445737500007,49,0.042613624999994215
84,64.00707100000007,49,0.34090900000001056
48,64.00707100000007,75,0.34090900000001056
60,64.00707100000007,75,0.34090900000001056
70,64.22013912500007,49,0.4687498750000145
72,64.26275275000008,49,0.08522725000000264
77,64.30536637500008,49,0.04261362500000132
86,64.34798000000008,49,0.34090900000001056
62,64.34798000000008,49,0.08522725000000264
60,64.43320725000008,49,0.08522725000000264
62,64.51843450000008,49,0.08522725000000264
69,64.56104812500008,49,0.4687498750000145
72,64.60366175000009,49,0.08522725000000264
60,64.60366175000009,49,0.08522725000000264
77,64.64627537500009,49,0.04261362500000132
84,64.68888900000009,49,0.34090900000001056
53,64.68888900000009,75,0.34090900000001056
65,64.68888900000009,75,0.34090900000001056
72,64.9019571250001,49,0.12784087500000396
79,64.9445707500001,49,0.4261362500000132
41,64.9445707500001,49,1.448863250000045
82,64.9871843750001,49,0.3835226250000119
91,65.0297980000001,49,0.34090900000001056
62,65.0297980000001,49,0.08522725000000264
48,65.0297980000001,49,1.3636360000000423
60,65.1150252500001,49,0.08522725000000264
62,65.2002525000001,49,0.08522725000000264
70,65.2428661250001,49,0.4687498750000145
72,65.2854797500001,49,0.08522725000000264
60,65.2854797500001,49,0.08522725000000264
76,65.32809337500011,49,0.3835226250000119
84,65.37070700000011,49,0.34090900000001056
55,65.37070700000011,75,0.34090900000001056
67,65.37070700000011,75,0.34090900000001056
70,65.58377512500012,49,0.12784087500000396
72,65.62638875000012,49,0.08522725000000264
75,65.66900237500012,49,0.3835226250000119
83,65.71161600000012,49,0.34090900000001056
57,65.71161600000012,49,0.08522725000000264
55,65.79684325000012,49,0.08522725000000264
57,65.88207050000013,49,0.08522725000000264
70,65.92468412500013,49,0.12784087500000396
72,65.96729775000013,49,0.08522725000000264
55,65.96729775000013,49,0.08522725000000264
76,66.00991137500013,49,0.3835226250000119
84,66.05252500000013,49,0.34090900000001056
48,66.05252500000013,75,0.34090900000001056
60,66.05252500000013,75,0.34090900000001056
70,66.26559312500014,49,0.12784087500000396
72,66.30820675000014,49,0.08522725000000264
77,66.35082037500014,49,0.3835226250000119
86,66.39343400000014,49,0.34090900000001056
62,66.39343400000014,49,0.08522725000000264
60,66.47866125000014,49,0.08522725000000264
62,66.56388850000015,49,0.08522725000000264
70,66.60650212500015,49,0.12784087500000396
72,66.64911575000015,49,0.08522725000000264
60,66.64911575000015,49,0.08522725000000264
76,66.69172937500015,49,0.3835226250000119
84,66.73434300000015,49,0.34090900000001056
55,66.73434300000015,75,0.34090900000001056
67,66.73434300000015,75,0.34090900000001056
72,66.94741112500016,49,0.12784087500000396
81,66.99002475000016,49,0.4261362500000132
84,67.03263837500016,49,0.04261362500000132
93,67.07525200000016,49,0.34090900000001056
62,67.07525200000016,49,0.08522725000000264
41,67.07525200000016,49,0.34090900000001056
60,67.16047925000017,49,0.08522725000000264
62,67.24570650000017,49,0.08522725000000264
76,67.28832012500017,49,0.4687498750000145
79,67.33093375000017,49,0.4261362500000132
60,67.33093375000017,49,0.08522725000000264
81,67.37354737500017,49,0.04261362500000132
88,67.41616100000017,49,0.34090900000001056
69,67.41616100000017,75,0.34090900000001056
53,67.41616100000017,49,0.34090900000001056
61,67.41616100000017,49,0.34090900000001056
74,67.62922912500018,49,0.4687498750000145
77,67.67184275000018,49,0.4261362500000132
81,67.71445637500018,49,0.04261362500000132
89,67.75707000000018,49,0.34090900000001056
64,67.75707000000018,49,0.08522725000000264
62,67.84229725000019,49,0.08522725000000264
64,67.92752450000019,49,0.08522725000000264
72,67.97013812500019,49,0.4687498750000145
77,68.01275175000019,49,0.08522725000000264
62,68.01275175000019,49,0.08522725000000264
81,68.05536537500019,49,0.04261362500000132
88,68.0979790000002,49,0.34090900000001056
65,68.0979790000002,75,0.34090900000001056
50,68.0979790000002,49,0.34090900000001056
57,68.0979790000002,49,0.34090900000001056
72,68.3110471250002,49,0.12784087500000396
74,68.3536607500002,49,0.4261362500000132
78,68.3962743750002,49,0.3835226250000119
86,68.4388880000002,49,0.34090900000001056
70,68.4388880000002,49,0.08522725000000264
58,68.4388880000002,49,0.34090900000001056
62,68.4388880000002,49,0.34090900000001056
66,68.4388880000002,49,0.34090900000001056
69,68.52411525000021,49,0.08522725000000264
70,68.60934250000021,49,0.08522725000000264
77,68.65195612500021,49,0.4687498750000145
79,68.69456975000021,49,0.4261362500000132
69,68.69456975000021,49,0.08522725000000264
86,68.73718337500021,49,0.04261362500000132
91,68.77979700000022,49,0.34090900000001056
74,68.77979700000022,75,0.34090900000001056
59,68.77979700000022,49,0.34090900000001056
62,68.77979700000022,49,0.34090900000001056
67,68.77979700000022,49,0.34090900000001056
77,69.00706966666688,49,0.11363633333334633
81,69.06388783333355,49,0.39772716666668373
89,69.12070600000023,49,0.34090900000001056
62,69.12070600000023,49,0.0
60,69.20593325000023,49,0.08522725000000264
62,69.29116050000023,49,0.08522725000000264
77,69.33377412500023,49,0.12784087500000396
80,69.37638775000023,49,0.4261362500000132
60,69.37638775000023,49,0.08522725000000264
83,69.41900137500024,49,0.3835226250000119
89,69.46161500000024,49,0.34090900000001056
55,69.46161500000024,75,0.34090900000001056
67,69.46161500000024,75,0.34090900000001056
76,69.67468312500024,49,0.4687498750000145
79,69.71729675000024,49,0.4261362500000132
84,69.75991037500025,49,0.3835226250000119
88,69.80252400000025,49,0.34090900000001056
69,69.80252400000025,49,0.08522725000000264
67,69.88775125000025,49,0.08522725000000264
69,69.97297850000025,49,0.08522725000000264
75,70.01559212500025,49,0.4687498750000145
78,70.05820575000025,49,0.4261362500000132
67,70.05820575000025,49,0.08522725000000264
81,70.10081937500026,49,0.3835226250000119
87,70.14343300000026,49,0.34090900000001056
60,70.14343300000026,75,0.34090900000001056
72,70.14343300000026,75,0.34090900000001056
74,70.35650112500026,49,0.4687498750000145
78,70.39911475000027,49,0.08522725000000264
84,70.44172837500027,49,0.3835226250000119
86,70.48434200000027,49,0.34090900000001056
58,70.48434200000027,49,0.08522725000000264
57,70.56956925000027,49,0.08522725000000264
58,70.65479650000027,49,0.08522725000000264
72,70.69741012500027,49,0.4687498750000145
78,70.74002375000028,49,0.08522725000000264
57,70.74002375000028,49,0.08522725000000264
84,70.78263737500028,49,0.04261362500000132
90,70.82525100000028,49,0.34090900000001056
50,70.82525100000028,75,0.34090900000001056
62,70.82525100000028,75,0.34090900000001056
70,71.03831912500029,49,0.4687498750000145
79,71.08093275000029,49,0.4261362500000132
43,71.08093275000029,49,1.448863250000045
82,71.12354637500029,49,0.3835226250000119
91,71.16616000000029,49,0.34090900000001056
63,71.16616000000029,49,0.08522725000000264
50,71.16616000000029,49,1.3636360000000423
62,71.25138725000029,49,0.08522725000000264
63,71.3366145000003,49,0.08522725000000264
70,71.3792281250003,49,0.12784087500000396
74,71.4218417500003,49,0.4261362500000132
62,71.4218417500003,49,0.08522725000000264
79,71.4644553750003,49,0.04261362500000132
86,71.5070690000003,49,0.34090900000001056
55,71.5070690000003,75,0.34090900000001056
67,71.5070690000003,75,0.34090900000001056
69,71.7201371250003,49,0.4687498750000145
74,71.76275075000031,49,0.08522725000000264
79,71.80536437500031,49,0.04261362500000132
85,71.84797800000031,49,0.34090900000001056
57,71.84797800000031,49,0.08522725000000264
55,71.93320525000031,49,0.08522725000000264
57,72.01843250000032,49,0.08522725000000264
70,72.06104612500032,49,0.4687498750000145
74,72.10365975000032,49,0.08522725000000264
55,72.10365975000032,49,0.08522725000000264
79,72.14627337500032,49,0.04261362500000132
86,72.18888700000032,49,0.34090900000001056
50,72.18888700000032,75,0.34090900000001056
62,72.18888700000032,75,0.34090900000001056
72,72.40195512500033,49,0.4687498750000145
74,72.44456875000033,49,0.08522725000000264
79,72.48718237500033,49,0.04261362500000132
87,72.52979600000033,49,0.34090900000001056
63,72.52979600000033,49,0.08522725000000264
62,72.61502325000033,49,0.08522725000000264
63,72.70025050000034,49,0.08522725000000264
70,72.74286412500034,49,0.4687498749999861
74,72.78547775000034,49,0.08522725000000264
62,72.78547775000034,49,0.08522725000000264
79,72.82809137500034,49,0.04261362500000132
86,72.87070500000034,49,0.34090899999998214
55,72.87070500000034,75,0.34090899999998214
67,72.87070500000034,75,0.34090899999998214
72,73.07525040000034,49,0.47727259999999205
74,73.10934130000034,49,0.10227269999998612
43,73.12638675000034,49,1.4488632500000307
81,73.14343220000033,49,0.4090908000000013
84,73.17752310000033,49,0.37499990000000594
93,73.21161400000032,49,0.34090900000001056
63,73.21161400000032,49,0.08522725000000264
50,73.21161400000032,49,1.3636360000000423
62,73.29684125000033,49,0.08522725000000264
63,73.38206850000033,49,0.08522725000000264
72,73.42468212500033,49,0.12784087500000396
74,73.46729575000033,49,0.08522725000000264
62,73.46729575000033,49,0.08522725000000264
78,73.50990937500033,49,0.3835226250000119
86,73.55252300000033,49,0.34090900000001056
57,73.55252300000033,75,0.34090900000001056
69,73.55252300000033,75,0.34090900000001056
72,73.76559112500034,49,0.12784087500000396
74,73.80820475000034,49,0.08522725000000264
77,73.85081837500034,49,0.3835226250000119
85,73.89343200000035,49,0.34090900000001056
58,73.89343200000035,49,0.08522725000000264
57,73.97865925000035,49,0.08522725000000264
58,74.06388650000035,49,0.08522725000000264
72,74.10650012500035,49,0.12784087500000396
74,74.14911375000035,49,0.08522725000000264
57,74.14911375000035,49,0.08522725000000264
78,74.19172737500035,49,0.3835226250000119
86,74.23434100000036,49,0.34090900000001056
50,74.23434100000036,75,0.34090900000001056
62,74.23434100000036,75,0.34090900000001056
72,74.44740912500036,49,0.12784087500000396
74,74.49002275000036,49,0.08522725000000264
79,74.53263637500037,49,0.3835226250000119
87,74.57525000000037,49,0.34090900000001056
63,74.57525000000037,49,0.08522725000000264
62,74.66047725000037,49,0.08522725000000264
63,74.74570450000037,49,0.08522725000000264
72,74.78831812500037,49,0.12784087500000396
74,74.83093175000037,49,0.08522725000000264
62,74.83093175000037,49,0.08522725000000264
78,74.87354537500038,49,0.3835226250000119
86,74.91615900000038,49,0.34090900000001056
57,74.91615900000038,75,0.34090900000001056
69,74.91615900000038,75,0.34090900000001056
70,75.12922712500038,49,0.4687498750000145
79,75.17184075000038,49,0.4261362500000132
43,75.17184075000038,49,0.7670452500000238
82,75.21445437500039,49,0.3835226250000119
94,75.25706800000039,49,0.34090900000001056
63,75.25706800000039,49,0.08522725000000264
50,75.25706800000039,49,0.6818180000000211
62,75.34229525000039,49,0.08522725000000264
63,75.42752250000039,49,0.08522725000000264
74,75.4701361250004,49,0.4687498750000145
81,75.5127497500004,49,0.4261362500000132
62,75.5127497500004,49,0.08522725000000264
86,75.5553633750004,49,0.3835226250000119
93,75.5979770000004,49,0.34090900000001056
57,75.5979770000004,49,0.34090900000001056
60,75.5979770000004,49,0.34090900000001056
62,75.5979770000004,49,0.34090900000001056
66,75.5979770000004,49,0.34090900000001056
72,75.5979770000004,49,0.34090900000001056
74,75.8110451250004,49,0.12784087500000396
79,75.8536587500004,49,0.4261362500000132
86,75.89627237500041,49,0.04261362500000132
91,75.93888600000041,49,0.34090900000001056
69,75.93888600000041,49,0.08522725000000264
58,75.93888600000041,49,0.6818180000000211
62,75.93888600000041,49,0.6818180000000211
67,76.02411325000041,49,0.08522725000000264
69,76.10934050000041,49,0.08522725000000264
77,76.15195412500042,49,0.4687498750000145
79,76.19456775000042,49,0.08522725000000264
67,76.19456775000042,49,0.08522725000000264
89,76.23718137500042,49,0.3835226250000119
91,76.27979500000042,49,0.34090900000001056
59,76.27979500000042,49,0.34090900000001056
61,76.27979500000042,49,0.34090900000001056
67,76.27979500000042,49,0.34090900000001056
73,76.27979500000042,49,0.34090900000001056
76,76.49286312500043,49,0.4687498750000145
82,76.53547675000043,49,0.4261362500000132
88,76.57809037500043,49,0.3835226250000119
91,76.62070400000043,49,0.34090900000001056
62,76.62070400000043,49,0.0
67,76.62070400000043,49,0.6818180000000211
74,76.62070400000043,49,0.6818180000000211
60,76.70593125000043,49,0.08522725000000264
62,76.79115850000044,49,0.08522725000000264
76,76.83377212500044,49,0.12784087500000396
81,76.87638575000044,49,0.4261362500000132
60,76.87638575000044,49,0.08522725000000264
88,76.91899937500044,49,0.04261362500000132
93,76.96161300000044,49,0.34090900000001056
70,76.96161300000044,49,0.34090900000001056
72,76.96161300000044,49,0.34090900000001056
77,77.1888856666671,49,0.7954543333333532
81,77.24570383333378,49,0.056818166666673164
89,77.30252200000045,49,0.6818180000000069
65,77.30252200000045,49,0.34090899999999635
69,77.30252200000045,49,0.34090899999999635
72,77.30252200000045,49,0.34090899999999635
77,77.64343100000045,49,0.34090900000001056
62,77.64343100000045,49,0.34090900000001056
68,77.64343100000045,49,0.34090900000001056
60,77.64343100000045,49,0.08522725000000264
59,77.72865825000045,49,0.08522725000000264
60,77.81388550000045,49,0.08522725000000264
59,77.89911275000046,49,0.08522725000000264
86,77.98434000000046,49,0.08522725000000264
76,77.98434000000046,49,0.34090900000001056
64,77.98434000000046,49,0.34090900000001056
67,77.98434000000046,49,0.34090900000001056
60,77.98434000000046,49,0.34090900000001056
84,78.06956725000046,49,0.08522725000000264
86,78.15479450000046,49,0.08522725000000264
84,78.24002175000047,49,0.08522725000000264
87,78.32524900000047,49,0.34090900000001056
75,78.32524900000047,49,0.34090900000001056
60,78.32524900000047,49,0.0
66,78.32524900000047,49,0.34090900000001056
58,78.32524900000047,49,0.08522725000000264
57,78.41047625000047,49,0.08522725000000264
58,78.49570350000047,49,0.08522725000000264
57,78.58093075000048,49,0.08522725000000264
81,78.66615800000048,49,0.08522725000000264
74,78.66615800000048,49,0.34090900000001056
62,78.66615800000048,49,0.34090900000001056
67,78.66615800000048,49,0.34090900000001056
58,78.66615800000048,49,0.34090900000001056
79,78.75138525000048,49,0.08522725000000264
81,78.83661250000048,49,0.08522725000000264
79,78.92183975000049,49,0.08522725000000264
84,79.00706700000049,49,0.08522725000000264
72,79.00706700000049,49,0.6818180000000211
79,79.00706700000049,49,0.6818180000000211
84,79.00706700000049,49,0.08522725000000264
64,79.00706700000049,49,0.6818180000000211
48,79.00706700000049,49,0.6818180000000211
58,79.00706700000049,49,0.6818180000000211
86,79.09229425000049,49,0.08522725000000264
84,79.1775215000005,49,0.08522725000000264
86,79.2627487500005,49,0.08522725000000264
84,79.3479760000005,49,0.08522725000000264
86,79.4332032500005,49,0.08522725000000264
84,79.5184305000005,49,0.08522725000000264
86,79.60365775000051,49,0.08522725000000264
84,79.68888500000051,49,0.0
41,79.68888500000051,49,0.34090900000001056
48,79.68888500000051,49,0.0
86,79.77411225000051,49,0.08522725000000264
83,79.85933950000052,49,0.08522725000000264
77,79.91615766666719,49,0.4545453333333427
84,79.94456675000052,49,0.08522725000000264
81,79.97297583333385,49,0.39772716666668373
89,80.02979400000052,49,0.34090900000001056
74,80.02979400000052,49,0.08522725000000264
72,80.11502125000052,49,0.08522725000000264
74,80.20024850000053,49,0.08522725000000264
81,80.28547575000053,49,0.08522725000000264
72,80.28547575000053,49,0.08522725000000264
84,80.37070300000053,49,0.34090900000001056
79,80.37070300000053,49,0.08522725000000264
65,80.37070300000053,75,0.34090900000001056
77,80.45593025000053,49,0.08522725000000264
79,80.54115750000054,49,0.08522725000000264
72,80.58377112500054,49,0.4687498750000145
77,80.62638475000054,49,0.08522725000000264
77,80.62638475000054,49,0.08522725000000264
81,80.66899837500054,49,0.04261362500000132
83,80.71161200000054,49,0.34090900000001056
67,80.71161200000054,49,0.08522725000000264
65,80.79683925000055,49,0.08522725000000264
67,80.88206650000055,49,0.08522725000000264
81,80.96729375000055,49,0.08522725000000264
65,80.96729375000055,49,0.08522725000000264
84,81.05252100000055,49,0.17045450000000528
79,81.05252100000055,49,0.08522725000000264
60,81.05252100000055,75,0.34090900000001056
77,81.13774825000056,49,0.08522725000000264
77,81.22297550000056,49,0.0
79,81.22297550000056,49,0.08522725000000264
81,81.27837321250055,49,0.058238620833336086
77,81.30820275000056,49,0.08522725000000264
88,81.33661183333389,49,0.056818166666673164
86,81.39343000000056,49,0.34090900000001056
74,81.39343000000056,49,0.08522725000000264
72,81.47865725000057,49,0.08522725000000264
74,81.56388450000057,49,0.08522725000000264
81,81.64911175000057,49,0.4261362500000132
72,81.64911175000057,49,0.08522725000000264
84,81.73433900000057,49,0.34090900000001056
79,81.73433900000057,49,0.08522725000000264
65,81.73433900000057,75,0.17045450000000528
77,81.81956625000058,49,0.08522725000000264
79,81.90479350000058,49,0.08522725000000264
41,81.90479350000058,75,0.17045450000000528
48,81.90479350000058,75,0.17045450000000528
76,81.96161166666725,49,0.4545453333333427
77,81.99002075000058,49,0.08522725000000264
82,82.01842983333391,49,0.39772716666668373
91,82.07524800000058,49,0.34090900000001056
74,82.07524800000058,49,0.08522725000000264
72,82.16047525000059,49,0.08522725000000264
74,82.24570250000059,49,0.08522725000000264
82,82.33092975000059,49,0.08522725000000264
72,82.33092975000059,49,0.08522725000000264
84,82.4161570000006,49,0.34090900000001056
77,82.4161570000006,49,0.08522725000000264
67,82.4161570000006,75,0.34090900000001056
76,82.5013842500006,49,0.08522725000000264
77,82.5866115000006,49,0.08522725000000264
72,82.6292251250006,49,0.4687498750000145
76,82.6718387500006,49,0.08522725000000264
76,82.6718387500006,49,0.08522725000000264
82,82.7144523750006,49,0.04261362500000132
83,82.7570660000006,49,0.34090900000001056
69,82.7570660000006,49,0.08522725000000264
67,82.84229325000061,49,0.08522725000000264
69,82.92752050000061,49,0.08522725000000264
82,83.01274775000061,49,0.08522725000000264
67,83.01274775000061,49,0.08522725000000264
84,83.09797500000062,49,0.17045450000000528
77,83.09797500000062,49,0.08522725000000264
60,83.09797500000062,75,0.34090900000001056
76,83.18320225000062,49,0.08522725000000264
76,83.26842950000062,49,0.0
77,83.26842950000062,49,0.08522725000000264
82,83.32382721250062,49,0.058238620833336086
76,83.35365675000062,49,0.08522725000000264
88,83.38206583333395,49,0.056818166666673164
86,83.43888400000063,49,0.34090900000001056
74,83.43888400000063,49,0.08522725000000264
72,83.52411125000063,49,0.08522725000000264
74,83.60933850000063,49,0.08522725000000264
82,83.69456575000063,49,0.4261362500000132
72,83.69456575000063,49,0.08522725000000264
84,83.77979300000064,49,0.34090900000001056
77,83.77979300000064,49,0.08522725000000264
67,83.77979300000064,75,0.34090900000001056
76,83.86502025000064,49,0.08522725000000264
77,83.95024750000064,49,0.08522725000000264
77,83.99286112500064,49,0.04261362500000132
81,84.03547475000065,49,0.4261362500000132
76,84.03547475000065,49,0.08522725000000264
84,84.07808837500065,49,0.04261362500000132
93,84.12070200000065,49,0.34090900000001056
60,84.12070200000065,49,0.08522725000000264
53,84.12070200000065,49,0.34090900000001056
60,84.12070200000065,49,0.08522725000000264
65,84.20592925000065,49,0.08522725000000264
68,84.29115650000065,49,0.08522725000000264
69,84.37638375000066,49,0.08522725000000264
76,84.46161100000066,49,0.34090900000001056
88,84.46161100000066,49,0.34090900000001056
86,84.46161100000066,49,0.08522725000000264
70,84.46161100000066,49,0.34090900000001056
55,84.46161100000066,49,0.34090900000001056
60,84.46161100000066,49,0.34090900000001056
84,84.54683825000066,49,0.08522725000000264
86,84.63206550000066,49,0.08522725000000264
84,84.71729275000067,49,0.08522725000000264
77,84.80252000000067,49,0.34090900000001056
81,84.80252000000067,49,0.34090900000001056
89,84.80252000000067,49,0.34090900000001056
60,84.80252000000067,49,0.0
57,84.80252000000067,49,0.34090900000001056
65,84.88774725000067,49,0.08522725000000264
71,84.97297450000067,49,0.08522725000000264
72,85.05820175000068,49,0.08522725000000264
76,85.14342900000068,49,0.34090900000001056
88,85.14342900000068,49,0.34090900000001056
81,85.14342900000068,49,0.08522725000000264
73,85.14342900000068,49,0.34090900000001056
57,85.14342900000068,49,0.34090900000001056
65,85.14342900000068,49,0.34090900000001056
79,85.22865625000068,49,0.08522725000000264
81,85.31388350000068,49,0.08522725000000264
79,85.39911075000069,49,0.08522725000000264
74,85.48433800000069,49,0.34090900000001056
86,85.48433800000069,49,0.34090900000001056
77,85.48433800000069,49,0.34090900000001056
65,85.48433800000069,49,0.0
58,85.48433800000069,49,0.34090900000001056
65,85.48433800000069,49,0.08522725000000264
71,85.5695652500007,49,0.08522725000000264
73,85.6547925000007,49,0.08522725000000264
74,85.7400197500007,49,0.08522725000000264
74,85.8252470000007,49,0.0
76,85.8252470000007,49,0.34090900000001056
88,85.8252470000007,49,0.08522725000000264
88,85.8252470000007,49,0.08522725000000264
74,85.8252470000007,49,0.34090900000001056
59,85.8252470000007,49,0.34090900000001056
67,85.8252470000007,49,0.34090900000001056
86,85.9104742500007,49,0.08522725000000264
88,85.9957015000007,49,0.08522725000000264
86,86.08092875000071,49,0.08522725000000264
77,86.16615600000071,49,0.34090900000001056
81,86.16615600000071,49,0.34090900000001056
89,86.16615600000071,49,0.34090900000001056
60,86.16615600000071,49,0.08522725000000264
60,86.16615600000071,49,0.08522725000000264
69,86.25138325000071,49,0.08522725000000264
72,86.33661050000072,49,0.08522725000000264
77,86.42183775000072,49,0.08522725000000264
89,86.50706500000072,49,0.08522725000000264
74,86.50706500000072,49,0.34090900000001056
80,86.50706500000072,49,0.34090900000001056
72,86.50706500000072,49,0.08522725000000264
91,86.59229225000072,49,0.08522725000000264
71,86.59229225000072,49,0.08522725000000264
88,86.67751950000073,49,0.08522725000000264
72,86.67751950000073,49,0.08522725000000264
89,86.76274675000073,49,0.08522725000000264
71,86.76274675000073,49,0.08522725000000264
79,86.84797400000073,49,0.34090900000001056
88,86.84797400000073,49,0.34090900000001056
86,86.84797400000073,49,0.08522725000000264
60,86.84797400000073,49,0.08522725000000264
60,86.84797400000073,49,0.08522725000000264
84,86.93320125000074,49,0.08522725000000264
67,86.93320125000074,49,0.08522725000000264
86,87.01842850000074,49,0.08522725000000264
72,87.01842850000074,49,0.08522725000000264
84,87.10365575000074,49,0.08522725000000264
76,87.10365575000074,49,0.08522725000000264
87,87.18888300000074,49,0.08522725000000264
72,87.18888300000074,49,0.34090900000001056
78,87.18888300000074,49,0.34090900000001056
70,87.18888300000074,49,0.08522725000000264
89,87.27411025000075,49,0.08522725000000264
69,87.27411025000075,49,0.08522725000000264
86,87.35933750000075,49,0.08522725000000264
70,87.35933750000075,49,0.08522725000000264
87,87.44456475000075,49,0.08522725000000264
69,87.44456475000075,49,0.08522725000000264
79,87.52979200000075,49,0.34090900000001056
86,87.52979200000075,49,0.34090900000001056
84,87.52979200000075,49,0.08522725000000264
58,87.52979200000075,49,0.08522725000000264
58,87.52979200000075,49,0.08522725000000264
82,87.61501925000076,49,0.08522725000000264
67,87.61501925000076,49,0.08522725000000264
84,87.70024650000076,49,0.08522725000000264
70,87.70024650000076,49,0.08522725000000264
82,87.78547375000076,49,0.08522725000000264
74,87.78547375000076,49,0.08522725000000264
90,87.87070100000076,49,0.08522725000000264
78,87.87070100000076,49,0.34090900000001056
84,87.87070100000076,49,0.34090900000001056
57,87.87070100000076,49,0.08522725000000264
57,87.87070100000076,49,0.08522725000000264
91,87.95592825000077,49,0.08522725000000264
62,87.95592825000077,49,0.08522725000000264
88,88.04115550000077,49,0.08522725000000264
66,88.04115550000077,49,0.08522725000000264
90,88.12638275000077,49,0.08522725000000264
74,88.12638275000077,49,0.08522725000000264
79,88.21161000000077,49,0.34090900000001056
82,88.21161000000077,49,0.34090900000001056
91,88.21161000000077,49,0.34090900000001056
43,88.21161000000077,49,0.08522725000000264
50,88.29683725000078,49,0.08522725000000264
55,88.38206450000078,49,0.08522725000000264
58,88.46729175000078,49,0.08522725000000264
82,88.55251900000079,49,0.34090900000001056
86,88.55251900000079,49,0.34090900000001056
81,88.55251900000079,49,0.08522725000000264
67,88.55251900000079,75,0.34090900000001056
79,88.63774625000079,49,0.08522725000000264
81,88.72297350000079,49,0.08522725000000264
79,88.8082007500008,49,0.08522725000000264
74,88.8934280000008,49,0.34090900000001056
79,88.8934280000008,49,0.0
82,88.8934280000008,49,0.34090900000001056
85,88.8934280000008,49,0.34090900000001056
69,88.8934280000008,49,0.08522725000000264
67,88.9786552500008,49,0.08522725000000264
69,89.0638825000008,49,0.08522725000000264
67,89.1491097500008,49,0.08522725000000264
82,89.2343370000008,49,0.17045450000000528
86,89.2343370000008,49,0.17045450000000528
81,89.2343370000008,49,0.08522725000000264
62,89.2343370000008,75,0.34090900000001056
79,89.31956425000081,49,0.08522725000000264
79,89.40479150000081,49,0.0
81,89.40479150000081,49,0.08522725000000264
82,89.46018921250081,49,0.058238620833336086
79,89.49001875000081,49,0.08522725000000264
89,89.51842783333414,49,0.056818166666673164
87,89.57524600000082,49,0.34090900000001056
75,89.57524600000082,49,0.08522725000000264
74,89.66047325000082,49,0.08522725000000264
75,89.74570050000082,49,0.08522725000000264
74,89.83092775000082,49,0.08522725000000264
82,89.91615500000083,49,0.34090900000001056
86,89.91615500000083,49,0.34090900000001056
81,89.91615500000083,49,0.08522725000000264
67,89.91615500000083,75,0.34090900000001056
79,90.00138225000083,49,0.08522725000000264
81,90.08660950000083,49,0.08522725000000264
78,90.1434276666675,49,0.4545453333333427
79,90.17183675000084,49,0.08522725000000264
84,90.20024583333417,49,0.39772716666668373
93,90.25706400000084,49,0.34090900000001056
43,90.25706400000084,49,0.08522725000000264
50,90.34229125000084,49,0.08522725000000264
57,90.42751850000084,49,0.08522725000000264
60,90.51274575000085,49,0.08522725000000264
84,90.59797300000085,49,0.34090900000001056
86,90.59797300000085,49,0.34090900000001056
79,90.59797300000085,49,0.08522725000000264
69,90.59797300000085,75,0.34090900000001056
78,90.68320025000085,49,0.08522725000000264
79,90.76842750000085,49,0.08522725000000264
74,90.81104112500086,49,0.4687498750000145
78,90.85365475000086,49,0.08522725000000264
78,90.85365475000086,49,0.08522725000000264
84,90.89626837500086,49,0.04261362500000132
85,90.93888200000086,49,0.34090900000001056
70,90.93888200000086,49,0.08522725000000264
69,91.02410925000086,49,0.08522725000000264
70,91.10933650000086,49,0.08522725000000264
69,91.19456375000087,49,0.08522725000000264
84,91.27979100000087,49,0.17045450000000528
86,91.27979100000087,49,0.17045450000000528
79,91.27979100000087,49,0.08522725000000264
62,91.27979100000087,75,0.34090900000001056
78,91.36501825000087,49,0.08522725000000264
78,91.45024550000088,49,0.0
79,91.45024550000088,49,0.08522725000000264
84,91.50564321250087,49,0.058238620833336086
78,91.53547275000088,49,0.08522725000000264
89,91.56388183333421,49,0.056818166666673164
87,91.62070000000088,49,0.34090900000001056
75,91.62070000000088,49,0.08522725000000264
74,91.70592725000088,49,0.08522725000000264
75,91.79115450000089,49,0.08522725000000264
74,91.87638175000089,49,0.08522725000000264
84,91.96160900000089,49,0.34090900000001056
86,91.96160900000089,49,0.34090900000001056
79,91.96160900000089,49,0.08522725000000264
69,91.96160900000089,75,0.34090900000001056
78,92.0468362500009,49,0.08522725000000264
79,92.1320635000009,49,0.08522725000000264
78,92.2172907500009,49,0.08522725000000264
82,92.3025180000009,49,0.34090900000001056
91,92.3025180000009,49,0.34090900000001056
82,92.3025180000009,49,0.34090900000001056
63,92.3025180000009,49,0.08522725000000264
55,92.3025180000009,49,0.34090900000001056
62,92.3877452500009,49,0.08522725000000264
70,92.4729725000009,49,0.17045450000000528
57,92.51558612500091,49,0.4687498750000145
62,92.55819975000091,49,0.4261362500000132
66,92.60081337500091,49,0.3835226250000119
89,92.64342700000091,49,0.34090900000001056
87,92.64342700000091,49,0.08522725000000264
72,92.64342700000091,49,0.34090900000001056
86,92.72865425000091,49,0.08522725000000264
81,92.81388150000092,49,0.17045450000000528
88,92.98433600000092,62,0.3409090000000248
79,92.98433600000092,62,0.3409090000000248
86,92.98433600000092,62,0.3409090000000248
69,92.98433600000092,62,0.08522725000000264
58,92.98433600000092,62,0.3409090000000248
67,93.06956325000093,62,0.08522725000000264
74,93.15479050000093,62,0.1704545000000195
59,93.2116086666676,62,0.4545453333333569
67,93.26842683333427,62,0.39772716666668373
88,93.32524500000095,62,0.34090900000001056
87,93.32524500000095,62,0.08522725000000264
73,93.32524500000095,62,0.34090900000001056
85,93.41047225000095,62,0.08522725000000264
77,93.49569950000095,62,0.17045450000000528
77,93.53831312500095,62,0.12784087500000396
82,93.58092675000096,62,0.4261362500000274
84,93.62354037500096,62,0.3835226250000261
91,93.66615400000096,62,0.3409090000000248
69,93.66615400000096,49,0.08522725000000264
60,93.66615400000096,49,0.3409090000000248
67,93.75138125000096,49,0.08522725000000264
72,93.83660850000096,49,0.1704545000000195
60,93.89342666666764,49,0.11363633333334633
70,93.95024483333431,49,0.39772716666668373
86,94.00706300000098,49,0.08522725000000264
81,94.00706300000098,49,0.34090900000001056
76,94.00706300000098,49,0.34090900000001056
84,94.09229025000099,49,0.08522725000000264
93,94.17751750000099,49,0.17045450000000528
41,94.22013112500099,49,0.4687498750000145
48,94.26274475000099,49,0.4261362500000132
57,94.30535837500099,49,0.3835226250000119
77,94.347972000001,62,0.6818180000000211
84,94.347972000001,62,0.6818180000000211
89,94.347972000001,62,0.6818180000000211
65,94.347972000001,62,0.34090900000001056
51,94.57524466666766,62,0.4545453333333569
57,94.63206283333433,62,0.056818166666673164
60,94.688881000001,62,0.34090900000001056
51,94.91615366666767,62,0.11363633333334633
57,94.97297183333434,62,0.056818166666673164
78,95.02979000000101,88,0.6818180000000211
59,95.02979000000101,62,0.34090900000001056
41,95.02979000000101,62,0.6818180000000211
51,95.25706266666768,62,0.11363633333334633
57,95.31388083333435,62,0.056818166666673164
60,95.37069900000103,62,0.34090900000001056
51,95.59797166666769,62,0.11363633333334633
57,95.65478983333436,62,0.056818166666673164
77,95.71160800000104,62,0.5113635000000016
62,95.71160800000104,62,0.34090899999999635
41,95.71160800000104,62,0.6818180000000069
51,95.96728975000103,62,0.08522725000000264
57,96.05251700000103,62,0.34090900000001056
65,96.22297150000104,62,0.17045450000000528
50,96.30819875000104,62,0.4261362499999848
65,96.39342600000104,62,0.34090899999998214
58,96.39342600000104,62,0.34090899999998214
41,96.39342600000104,62,0.6818179999999643
65,96.59797140000104,62,0.1363635999999815
67,96.63206230000104,62,0.44318169999996826
70,96.66615320000103,62,0.4090907999999729
77,96.70024410000103,62,0.3749998999999775
79,96.73433500000102,62,0.34090899999998214
65,96.93888040000103,62,0.1363635999999815
67,96.97297130000102,62,0.10227269999998612
70,97.00706220000102,62,0.06818179999999074
77,97.04115310000101,62,0.03409089999999537
78,97.075244000001,62,0.34090899999998214
61,97.075244000001,62,0.6818179999999927
41,97.075244000001,62,0.6818179999999927
65,97.27978940000101,62,0.1363635999999815
67,97.313880300001,62,0.10227269999998612
70,97.347971200001,62,0.06818179999999074
77,97.382062100001,62,0.03409089999999537
79,97.41615300000099,62,0.34090900000001056
64,97.629221125001,62,0.4687498750000145
70,97.671834750001,62,0.08522725000000264
76,97.714448375001,62,0.3835226250000119
81,97.757062000001,62,0.34090900000001056
60,97.757062000001,62,0.5113635000000158
41,97.757062000001,62,0.6818180000000211
64,97.970130125001,62,0.12784087500000396
70,98.01274375000101,62,0.08522725000000264
76,98.05535737500101,62,0.04261362500000132
79,98.09797100000101,62,0.34090900000001056
48,98.26842550000102,62,0.17045450000000528
69,98.31103912500102,62,0.4687498750000145
72,98.35365275000102,62,0.4261362500000132
77,98.39626637500102,62,0.3835226250000119
84,98.43888000000102,62,0.34090900000001056
48,98.43888000000102,62,0.6818180000000211
41,98.43888000000102,62,0.6818180000000211
57,98.65194812500103,62,0.4687498750000145
63,98.69456175000103,62,0.4261362500000132
69,98.73717537500103,62,0.04261362500000132
72,98.77978900000103,62,0.34090900000001056
57,98.99285712500104,62,0.12784087500000396
63,99.03547075000104,62,0.08522725000000264
69,99.07808437500104,62,0.04261362500000132
71,99.12069800000104,62,0.34090900000001056
54,99.12069800000104,62,1.193181500000037
41,99.12069800000104,62,0.6818180000000211
57,99.33376612500105,62,0.12784087500000396
63,99.37637975000105,62,0.08522725000000264
69,99.41899337500105,62,0.04261362500000132
72,99.46160700000105,62,0.34090900000001056
57,99.67467512500106,62,0.12784087500000396
63,99.71728875000106,62,0.08522725000000264
69,99.75990237500106,62,0.04261362500000132
74,99.80251600000106,62,0.34090900000001056
41,99.80251600000106,62,0.6818180000000211
57,100.01558412500107,62,0.12784087500000396
63,100.05819775000107,62,0.08522725000000264
69,100.10081137500107,62,0.04261362500000132
72,100.14342500000107,62,0.34090900000001056
53,100.31387950000108,62,0.17045450000000528
62,100.48433400000108,62,0.34090900000001056
70,100.48433400000108,62,0.34090900000001056
77,100.48433400000108,62,0.34090900000001056
53,100.48433400000108,62,0.34090900000001056
41,100.48433400000108,62,0.6818180000000211
49,100.71160666666775,62,0.4545453333333569
52,100.76842483333442,62,0.39772716666668373
55,100.8252430000011,62,0.34090900000001056
49,101.05251566666776,62,0.11363633333334633
52,101.10933383333443,62,0.056818166666673164
58,101.1661520000011,88,1.193181500000037
54,101.1661520000011,62,0.34090900000001056
41,101.1661520000011,62,0.6818180000000211
49,101.39342466666777,62,0.11363633333334633
52,101.45024283333444,62,0.056818166666673164
55,101.50706100000112,62,0.34090900000001056
49,101.73433366666778,62,0.11363633333334633
52,101.79115183333445,62,0.056818166666673164
57,101.84797000000113,62,0.34090900000001056
41,101.84797000000113,62,0.6818180000000353
49,102.07524266666779,62,0.11363633333334633
52,102.13206083333446,62,0.056818166666673164
55,102.18887900000114,62,0.3409090000000248
57,102.35933350000114,62,0.1704545000000195
48,102.41615166666782,62,0.4545453333333427
53,102.47296983333449,62,0.3977271666666695
57,102.52978800000116,62,0.34090899999999635
60,102.52978800000116,62,0.34090899999999635
41,102.52978800000116,62,0.34090899999999635
49,102.87069700000116,49,0.34090899999999635
53,102.87069700000116,49,0.0
61,102.87069700000116,49,0.34090899999999635
34,102.87069700000116,49,0.34090899999999635
46,102.87069700000116,49,0.34090899999999635
52,103.21160600000115,49,0.34090899999999635
55,103.21160600000115,49,0.34090899999999635
61,103.21160600000115,49,0.34090899999999635
33,103.21160600000115,49,0.34090899999999635
45,103.21160600000115,49,0.34090899999999635
54,103.55251500000115,49,0.34090899999999635
61,103.55251500000115,49,0.34090899999999635
62,103.55251500000115,49,0.34090899999999635
32,103.55251500000115,49,0.34090899999999635
44,103.55251500000115,49,0.34090899999999635
53,103.89342400000115,49,0.34090899999999635
59,103.89342400000115,49,0.34090899999999635
62,103.89342400000115,49,0.34090899999999635
31,103.89342400000115,49,0.34090899999999635
43,103.89342400000115,49,0.34090899999999635
52,104.23433300000114,49,0.34090899999999635
58,104.23433300000114,49,0.34090899999999635
61,104.23433300000114,49,0.34090899999999635
36,104.23433300000114,49,0.34090899999999635
48,104.23433300000114,49,0.34090899999999635
53,104.57524200000114,49,0.34090900000001056
57,104.57524200000114,49,0.34090900000001056
41,104.57524200000114,49,0.34090900000001056
48,104.57524200000114,49,0.34090900000001056
46,104.78831012500115,49,0.4687498750000145
49,104.83092375000115,49,0.4261362500000132
53,104.87353737500115,49,0.04261362500000132
79,104.91615100000115,49,0.08522725000000264
73,104.91615100000115,49,0.34090900000001056
61,104.91615100000115,49,0.34090900000001056
77,105.00137825000115,49,0.08522725000000264
85,105.08660550000116,49,0.17045450000000528
45,105.12921912500116,49,0.4687498749999861
52,105.17183275000116,49,0.4261362499999848
55,105.21444637500116,49,0.38352262499998346
81,105.25706000000116,49,0.08522725000000264
73,105.25706000000116,49,0.34090899999998214
61,105.25706000000116,49,0.34090899999998214
79,105.34228725000116,49,0.08522725000000264
85,105.42751450000117,49,0.17045449999997686
44,105.46160540000116,49,0.47727259999999205
50,105.49569630000116,49,0.4431816999999967
54,105.52978720000115,49,0.4090908000000013
60,105.56387810000115,49,0.37499990000000594
79,105.59796900000114,49,0.08522725000000264
74,105.59796900000114,49,0.34090900000001056
62,105.59796900000114,49,0.34090900000001056
78,105.68319625000115,49,0.08522725000000264
86,105.76842350000115,49,0.17045450000000528
43,105.81103712500115,49,0.4687498750000145
53,105.85365075000115,49,0.4261362500000132
59,105.89626437500115,49,0.3835226250000119
81,105.93887800000115,49,0.08522725000000264
74,105.93887800000115,49,0.34090900000001056
62,105.93887800000115,49,0.34090900000001056
79,106.02410525000116,49,0.08522725000000264
86,106.10933250000116,49,0.17045450000000528
48,106.15194612500116,49,0.4687498750000145
52,106.19455975000116,49,0.4261362500000132
58,106.23717337500116,49,0.3835226250000119
81,106.27978700000116,49,0.08522725000000264
72,106.27978700000116,49,0.34090900000001056
64,106.27978700000116,49,0.34090900000001056
79,106.36501425000117,49,0.08522725000000264
84,106.45024150000117,49,0.17045450000000528
41,106.49285512500117,49,0.4687498750000145
48,106.53546875000117,49,0.08522725000000264
53,106.57808237500117,49,0.3835226250000119
81,106.62069600000117,49,0.6818180000000211
69,106.62069600000117,49,0.6818180000000211
77,106.62069600000117,49,0.6818180000000211
65,106.62069600000117,49,0.34090900000001056
48,106.84796866666784,49,0.11363633333334633
57,106.90478683333451,49,0.39772716666668373
60,106.96160500000119,49,0.34090900000001056
48,107.18887766666785,49,0.11363633333334633
57,107.24569583333452,49,0.056818166666673164
81,107.3025140000012,49,0.08522725000000264
75,107.3025140000012,49,0.34090900000001056
59,107.3025140000012,49,0.34090900000001056
79,107.3877412500012,49,0.08522725000000264
81,107.4729685000012,49,0.08522725000000264
48,107.52978666666787,49,0.11363633333333212
79,107.5581957500012,49,0.08522725000000264
57,107.58660483333453,49,0.056818166666673164
81,107.6434230000012,49,0.08522725000000264
87,107.6434230000012,49,0.34090900000001056
60,107.6434230000012,62,0.34090900000001056
79,107.72865025000121,49,0.08522725000000264
81,107.81387750000121,49,0.08522725000000264
48,107.87069566666788,62,0.11363633333333212
79,107.89910475000121,49,0.08522725000000264
58,107.92751383333454,62,0.39772716666668373
81,107.98433200000122,49,0.08522725000000264
76,107.98433200000122,49,0.34090900000001056
62,107.98433200000122,62,0.34090900000001056
79,108.06955925000122,49,0.08522725000000264
81,108.15478650000122,49,0.08522725000000264
48,108.2116046666679,62,0.11363633333333212
79,108.24001375000122,49,0.08522725000000264
58,108.26842283333455,62,0.056818166666673164
81,108.32524100000123,49,0.08522725000000264
88,108.32524100000123,49,0.34090900000001056
60,108.32524100000123,49,0.34090900000001056
79,108.41046825000123,49,0.08522725000000264
81,108.49569550000123,49,0.08522725000000264
41,108.5525136666679,49,0.4545453333333427
79,108.58092275000124,49,0.08522725000000264
77,108.58092275000124,49,0.7670452500000238
48,108.60933183333456,49,0.056818166666673164
89,108.66615000000124,49,0.6818180000000211
57,108.66615000000124,49,0.34090900000001056
48,108.8934226666679,49,0.11363633333334633
57,108.95024083333458,49,0.056818166666673164
60,109.00705900000125,49,0.34090900000001056
48,109.23433166666791,49,0.11363633333334633
57,109.29114983333459,49,0.056818166666673164
69,109.34796800000126,49,0.08522725000000264
63,109.34796800000126,49,0.34090900000001056
59,109.34796800000126,49,0.34090900000001056
67,109.43319525000126,49,0.08522725000000264
69,109.51842250000126,49,0.08522725000000264
48,109.57524066666794,49,0.11363633333333212
67,109.60364975000127,49,0.08522725000000264
57,109.6320588333346,49,0.056818166666673164
69,109.68887700000127,49,0.08522725000000264
75,109.68887700000127,49,0.34090900000001056
60,109.68887700000127,49,0.34090900000001056
67,109.77410425000127,49,0.08522725000000264
69,109.85933150000128,49,0.08522725000000264
48,109.91614966666795,49,0.11363633333333212
67,109.94455875000128,49,0.08522725000000264
58,109.97296783333461,49,0.39772716666668373
69,110.02978600000128,49,0.08522725000000264
64,110.02978600000128,49,0.34090900000001056
61,110.02978600000128,49,0.34090900000001056
67,110.11501325000128,49,0.08522725000000264
69,110.20024050000129,49,0.08522725000000264
48,110.25705866666796,49,0.11363633333333212
67,110.28546775000129,49,0.08522725000000264
58,110.31387683333462,49,0.056818166666673164
69,110.37069500000129,49,0.08522725000000264
76,110.37069500000129,49,0.34090900000001056
60,110.37069500000129,49,0.34090900000001056
67,110.4559222500013,49,0.08522725000000264
69,110.5411495000013,49,0.08522725000000264
41,110.59796766666797,49,0.4545453333333427
67,110.6263767500013,49,0.08522725000000264
65,110.6263767500013,49,0.4261362500000132
48,110.65478583333463,49,0.056818166666673164
77,110.7116040000013,49,0.34090900000001056
57,110.7116040000013,49,0.34090900000001056
53,110.93887666666797,49,0.4545453333333569
57,110.99569483333464,49,0.056818166666673164
79,111.05251300000131,49,0.08522725000000264
60,111.05251300000131,49,0.34090900000001056
77,111.13774025000131,49,0.08522725000000264
79,111.22296750000132,49,0.08522725000000264
48,111.27978566666799,49,0.4545453333333427
76,111.30819475000132,49,0.08522725000000264
57,111.33660383333465,49,0.056818166666673164
77,111.39342200000132,49,0.08522725000000264
74,111.39342200000132,49,0.17045450000000528
65,111.39342200000132,49,0.34090900000001056
80,111.47864925000133,49,0.08522725000000264
69,111.56387650000133,49,0.08522725000000264
72,111.56387650000133,49,0.17045450000000528
58,111.620694666668,49,0.4545453333333427
81,111.64910375000133,49,0.08522725000000264
64,111.67751283333466,49,0.39772716666668373
83,111.73433100000133,49,0.08522725000000264
77,111.73433100000133,49,0.34090900000001056
67,111.73433100000133,49,0.34090900000001056
86,111.81955825000134,49,0.08522725000000264
84,111.90478550000134,49,0.08522725000000264
57,111.96160366666801,49,0.4545453333333427
88,111.99001275000134,49,0.08522725000000264
65,112.01842183333467,49,0.39772716666668373
91,112.07524000000134,49,0.08522725000000264
91,112.07524000000134,49,0.08522725000000264
72,112.07524000000134,49,0.34090900000001056
89,112.16046725000135,49,0.08522725000000264
92,112.24569450000135,49,0.08522725000000264
84,112.24569450000135,49,0.17045450000000528
69,112.30251266666802,49,0.4545453333333427
94,112.33092175000135,49,0.08522725000000264
72,112.35933083333468,49,0.056818166666673164
93,112.41614900000135,49,0.08522725000000264
89,112.41614900000135,49,0.34090900000001056
77,112.41614900000135,49,0.34090900000001056
95,112.50137625000136,49,0.08522725000000264
98,112.58660350000136,49,0.08522725000000264
84,112.64342166666803,49,0.795454333333339
65,112.64342166666803,49,0.795454333333339
96,112.67183075000136,49,0.08522725000000264
93,112.70023983333469,49,0.7386361666666801
72,112.70023983333469,49,0.056818166666673164
101,112.75705800000136,49,0.6818180000000069
81,112.75705800000136,49,0.6818180000000069
70,114.03546675000138,49,0.08522725000000264
72,114.03546675000138,49,0.08522725000000264
48,114.03546675000138,49,0.08522725000000264
56,114.03546675000138,49,0.08522725000000264
60,114.03546675000138,49,0.08522725000000264
84,114.12069400000138,75,0.6818180000000069
36,114.12069400000138,75,0.6818180000000069
65,114.71728475000138,49,0.08522725000000264
69,114.71728475000138,49,0.08522725000000264
77,114.71728475000138,49,0.08522725000000264
41,114.71728475000138,49,0.08522725000000264
48,114.71728475000138,49,0.08522725000000264
57,114.71728475000138,49,0.08522725000000264
89,114.80251200000139,49,2.7272719999999993
29,114.80251200000139,49,2.7272719999999993
