56,0.8823529999999999,62,0.8823529999999999
37,1.5441177499999998,64,0.6617647500000001
44,1.5441177499999998,64,0.6617647500000001
61,1.7647059999999999,62,0.8823530000000002
53,1.7647059999999999,49,0.4411765000000001
56,2.2058825,49,0.4411765000000001
44,2.2058825,49,0.8823530000000002
56,2.2058825,49,0.4411765000000001
60,2.647059,62,0.4411765000000001
53,2.647059,49,0.4411765000000001
61,3.0882355,62,0.4411765000000001
56,3.0882355,49,0.0
56,3.0882355,49,0.4411765000000001
63,3.529412,88,2.2058825
60,3.529412,49,2.2058825
54,3.529412,49,0.4411765000000001
56,3.9705885000000003,49,0.44117649999999964
44,3.9705885000000003,49,0.8823529999999997
56,3.9705885000000003,49,0.44117649999999964
54,4.411765,49,0.4411765000000001
56,4.8529415,49,0.0
44,4.8529415,49,0.4411765000000001
56,4.8529415,49,0.4411765000000001
54,5.294118,49,0.4411765000000001
44,5.294118,49,0.4411765000000001
65,5.7352945,88,0.4411765000000001
60,5.7352945,49,0.4411765000000001
56,5.7352945,49,0.4411765000000001
56,5.7352945,49,0.4411765000000001
65,6.176471,88,0.4411765000000001
60,6.176471,49,0.8823530000000002
54,6.176471,49,0.4411765000000001
63,6.6176475,62,0.4411765000000001
56,6.6176475,49,0.0
56,6.6176475,49,0.4411765000000001
65,7.058824,88,2.2058824999999986
61,7.058824,49,2.647058999999998
53,7.058824,49,0.4411765000000001
56,7.5000005000000005,49,0.4411765000000001
44,7.5000005000000005,49,0.4411765000000001
56,7.5000005000000005,49,0.4411765000000001
37,7.647059333333334,49,0.7352941666666668
44,7.794118166666667,49,0.14705883333333336
53,7.941177000000001,49,0.4411765000000001
53,7.941177000000001,49,0.4411765000000001
56,8.3823535,49,0.4411764999999992
44,8.3823535,49,0.4411764999999992
56,8.3823535,49,0.4411764999999992
53,8.82353,49,0.4411764999999992
49,8.82353,49,0.4411764999999992
66,9.264706499999999,88,0.4411764999999992
56,9.264706499999999,49,0.4411764999999992
56,9.264706499999999,49,0.4411764999999992
66,9.705882999999998,88,0.4411764999999992
61,9.705882999999998,49,0.8823529999999984
53,9.705882999999998,49,0.4411764999999992
65,10.147059499999997,62,0.4411764999999992
56,10.147059499999997,49,0.0
56,10.147059499999997,49,0.4411764999999992
70,10.588235999999997,88,1.3235294999999976
60,10.588235999999997,49,1.3235294999999976
66,10.588235999999997,49,1.3235294999999976
56,11.029412499999996,49,0.4411764999999992
51,11.029412499999996,49,0.4411764999999992
56,11.029412499999996,49,0.4411764999999992
54,11.470588999999995,49,0.4411764999999992
44,11.470588999999995,49,0.4411764999999992
54,11.470588999999995,49,0.4411764999999992
68,11.911765499999994,62,0.4411764999999992
60,11.911765499999994,49,0.4411764999999992
56,11.911765499999994,49,0.4411764999999992
56,11.911765499999994,49,0.4411764999999992
66,12.352941999999993,62,0.4411764999999992
61,12.352941999999993,49,0.8823529999999984
65,12.794118499999993,62,0.4411764999999992
56,12.794118499999993,49,0.4411764999999992
56,12.794118499999993,49,0.4411764999999992
60,13.235294999999992,62,0.4411764999999992
53,13.235294999999992,49,0.4411764999999992
49,13.235294999999992,49,0.4411764999999992
61,13.676471499999991,62,0.4411764999999992
56,13.676471499999991,49,0.4411764999999992
56,13.676471499999991,49,0.4411764999999992
63,14.11764799999999,88,2.205882499999996
58,14.11764799999999,49,0.4411764999999992
54,14.11764799999999,49,0.4411764999999992
60,14.55882449999999,49,0.4411764999999992
56,14.55882449999999,49,0.4411764999999992
56,14.55882449999999,49,0.4411764999999992
58,15.000000999999989,49,0.4411764999999992
54,15.000000999999989,49,0.4411764999999992
44,15.000000999999989,49,0.4411764999999992
60,15.441177499999988,49,0.4411764999999992
56,15.441177499999988,49,0.4411764999999992
56,15.441177499999988,49,0.4411764999999992
54,15.882353999999987,49,0.4411764999999992
58,15.882353999999987,49,0.4411764999999992
44,15.882353999999987,49,0.4411764999999992
65,16.323530499999986,88,0.44117650000000097
68,16.323530499999986,49,0.8823530000000019
60,16.323530499999986,49,0.44117650000000097
56,16.323530499999986,75,0.8823530000000019
65,16.764706999999987,62,0.44117650000000097
54,16.764706999999987,49,0.44117650000000097
58,16.764706999999987,49,0.44117650000000097
63,17.205883499999988,62,0.44117650000000097
68,17.205883499999988,49,0.44117650000000097
60,17.205883499999988,49,0.44117650000000097
56,17.205883499999988,49,0.44117650000000097
61,17.64705999999999,62,1.7647060000000039
53,17.64705999999999,49,0.44117650000000097
49,17.64705999999999,49,0.44117650000000097
56,18.08823649999999,49,0.44117650000000097
44,18.08823649999999,49,0.44117650000000097
56,18.08823649999999,49,0.44117650000000097
53,18.52941299999999,49,0.44117650000000097
37,18.52941299999999,49,0.44117650000000097
44,18.52941299999999,49,0.44117650000000097
53,18.52941299999999,49,0.44117650000000097
56,18.970589499999992,49,0.44117650000000097
44,18.970589499999992,49,0.44117650000000097
56,18.970589499999992,49,0.44117650000000097
65,19.411765999999993,88,0.44117650000000097
59,19.411765999999993,49,0.44117650000000097
49,19.411765999999993,49,0.8823530000000019
66,19.852942499999994,88,0.44117650000000097
73,19.852942499999994,75,0.8823530000000019
61,19.852942499999994,49,0.44117650000000097
63,20.294118999999995,88,0.44117650000000097
59,20.294118999999995,49,0.44117650000000097
59,20.294118999999995,49,0.44117650000000097
65,20.735295499999996,88,0.44117650000000097
73,20.735295499999996,49,0.44117650000000097
61,20.735295499999996,49,0.44117650000000097
66,21.176471999999997,88,0.44117650000000097
58,21.176471999999997,49,0.44117650000000097
54,21.176471999999997,49,0.8823530000000019
68,21.617648499999998,88,0.44117650000000097
73,21.617648499999998,75,0.8823530000000019
61,21.617648499999998,49,0.44117650000000097
65,22.058825,88,0.44117650000000097
58,22.058825,49,0.44117650000000097
58,22.058825,49,0.44117650000000097
66,22.5000015,88,0.44117650000000097
73,22.5000015,49,0.44117650000000097
61,22.5000015,49,0.44117650000000097
42,22.941178,62,0.11029412499999935
51,23.051472125,62,0.11029412499999935
58,23.16176625,62,0.11029412499999935
61,23.272060375,62,0.11029412499999935
70,23.382354499999998,88,0.8823530000000019
61,23.823531,49,0.44117650000000097
51,23.823531,75,0.8823530000000019
63,24.2647075,88,0.8823530000000019
58,24.2647075,49,0.44117650000000097
61,24.705884,49,0.44117650000000097
51,24.705884,49,0.44117650000000097
56,25.147060500000002,49,0.44117650000000097
44,25.147060500000002,49,1.7647060000000003
61,25.588237000000003,49,0.4411764999999974
51,25.588237000000003,75,0.8823529999999984
67,25.80882525,62,0.2205882499999987
65,26.0294135,62,0.44117650000000097
56,26.0294135,49,0.44117650000000097
63,26.47059,62,0.44117650000000097
61,26.47059,49,0.44117650000000097
51,26.47059,49,0.44117650000000097
55,26.911766500000002,49,0.44117650000000097
46,26.911766500000002,49,1.7647059999999968
61,27.352943000000003,49,0.4411764999999974
51,27.352943000000003,75,0.8823529999999984
67,27.573531250000002,62,0.2205882499999987
65,27.7941195,62,0.44117650000000097
55,27.7941195,49,0.44117650000000097
63,28.235296,62,0.4411764999999974
61,28.235296,49,0.4411764999999974
51,28.235296,49,0.4411764999999974
60,28.45588425,88,2.6205882499999973
68,28.6764725,88,2.3999999999999986
44,28.6764725,49,0.6000000000000014
54,28.6764725,49,0.6000000000000014
51,28.9764725,49,0.9000000000000021
56,29.2764725,49,0.6000000000000014
56,29.2764725,49,0.6000000000000014
54,29.876472500000002,49,0.5999999999999943
44,29.876472500000002,49,0.5999999999999943
54,29.876472500000002,49,0.5999999999999943
32,30.0264725,49,1.0499999999999972
44,30.1764725,49,0.29999999999999716
48,30.326472499999998,49,0.75
56,30.476472499999996,49,0.6000000000000014
54,30.476472499999996,49,0.6000000000000014
37,31.076472499999998,49,0.11029412499999935
44,31.186766624999997,49,0.11029412499999935
53,31.297060749999996,49,0.11029412499999935
61,31.407354874999996,49,0.11029412499999935
65,31.517648999999995,62,0.8823529999999984
56,31.958825499999996,49,0.4411764999999974
44,31.958825499999996,49,0.8823529999999948
56,31.958825499999996,49,0.4411764999999974
60,32.40000199999999,62,0.4411764999999974
53,32.40000199999999,49,0.4411764999999974
61,32.84117849999999,62,0.4411764999999974
56,32.84117849999999,49,0.0
56,32.84117849999999,49,0.4411764999999974
63,33.28235499999999,88,2.205882499999987
60,33.28235499999999,49,2.205882499999987
54,33.28235499999999,49,0.4411764999999974
56,33.723531499999986,49,0.4411764999999974
44,33.723531499999986,49,0.8823529999999948
56,33.723531499999986,49,0.4411764999999974
54,34.16470799999998,49,0.4411764999999974
56,34.60588449999998,49,0.0
44,34.60588449999998,49,0.4411764999999974
56,34.60588449999998,49,0.4411764999999974
54,35.04706099999998,49,0.4411764999999974
44,35.04706099999998,49,0.4411764999999974
65,35.488237499999975,88,0.4411764999999974
60,35.488237499999975,49,0.4411764999999974
56,35.488237499999975,49,0.4411764999999974
56,35.488237499999975,49,0.4411764999999974
65,35.92941399999997,88,0.4411764999999974
60,35.92941399999997,49,0.8823529999999948
54,35.92941399999997,49,0.4411764999999974
63,36.37059049999997,62,0.4411764999999974
56,36.37059049999997,49,0.0
56,36.37059049999997,49,0.4411764999999974
65,36.81176699999997,88,2.205882499999987
61,36.81176699999997,49,2.6470589999999845
53,36.81176699999997,49,0.4411764999999974
56,37.252943499999965,49,0.4411764999999974
44,37.252943499999965,49,0.4411764999999974
56,37.252943499999965,49,0.4411764999999974
37,37.4000023333333,49,0.7352941666666624
44,37.54706116666663,49,0.14705883333333247
53,37.69411999999996,49,0.4411764999999974
53,37.69411999999996,49,0.4411764999999974
56,38.13529649999996,49,0.4411764999999974
44,38.13529649999996,49,0.4411764999999974
56,38.13529649999996,49,0.4411764999999974
53,38.57647299999996,49,0.4411764999999974
49,38.57647299999996,49,0.4411764999999974
66,39.017649499999955,88,0.4411764999999974
56,39.017649499999955,49,0.4411764999999974
56,39.017649499999955,49,0.4411764999999974
66,39.45882599999995,88,0.4411764999999974
61,39.45882599999995,49,0.8823529999999948
53,39.45882599999995,49,0.4411764999999974
65,39.90000249999995,62,0.4411764999999974
56,39.90000249999995,49,0.0
56,39.90000249999995,49,0.4411764999999974
70,40.34117899999995,88,1.3235294999999923
60,40.34117899999995,49,1.3235294999999923
66,40.34117899999995,49,1.3235294999999923
56,40.782355499999944,49,0.4411764999999974
51,40.782355499999944,49,0.4411764999999974
56,40.782355499999944,49,0.4411764999999974
54,41.22353199999994,49,0.4411764999999974
44,41.22353199999994,49,0.4411764999999974
54,41.22353199999994,49,0.4411764999999974
68,41.66470849999994,62,0.4411764999999974
60,41.66470849999994,49,0.4411764999999974
56,41.66470849999994,49,0.4411764999999974
56,41.66470849999994,49,0.4411764999999974
66,42.10588499999994,62,0.4411764999999974
61,42.10588499999994,49,0.8823529999999948
65,42.547061499999934,62,0.4411764999999974
56,42.547061499999934,49,0.4411764999999974
56,42.547061499999934,49,0.4411764999999974
60,42.98823799999993,62,0.4411764999999974
53,42.98823799999993,49,0.4411764999999974
49,42.98823799999993,49,0.4411764999999974
61,43.42941449999993,62,0.4411764999999974
56,43.42941449999993,49,0.4411764999999974
56,43.42941449999993,49,0.4411764999999974
63,43.870590999999926,88,2.205882499999987
58,43.870590999999926,49,0.4411764999999974
54,43.870590999999926,49,0.4411764999999974
60,44.311767499999924,49,0.4411764999999974
56,44.311767499999924,49,0.4411764999999974
56,44.311767499999924,49,0.4411764999999974
58,44.75294399999992,49,0.4411764999999974
54,44.75294399999992,49,0.4411764999999974
44,44.75294399999992,49,0.4411764999999974
60,45.19412049999992,49,0.4411764999999974
56,45.19412049999992,49,0.4411764999999974
56,45.19412049999992,49,0.4411764999999974
54,45.635296999999916,49,0.4411764999999974
58,45.635296999999916,49,0.4411764999999974
44,45.635296999999916,49,0.4411764999999974
65,46.07647349999991,88,0.4411764999999974
68,46.07647349999991,49,0.8823529999999948
60,46.07647349999991,49,0.4411764999999974
56,46.07647349999991,75,0.8823529999999948
65,46.51764999999991,62,0.4411764999999974
54,46.51764999999991,49,0.4411764999999974
58,46.51764999999991,49,0.4411764999999974
63,46.95882649999991,62,0.4411764999999974
68,46.95882649999991,49,0.4411764999999974
60,46.95882649999991,49,0.4411764999999974
56,46.95882649999991,49,0.4411764999999974
61,47.400002999999906,62,1.7647059999999897
53,47.400002999999906,49,0.4411764999999974
49,47.400002999999906,49,0.4411764999999974
56,47.8411794999999,49,0.4411764999999974
44,47.8411794999999,49,0.4411764999999974
56,47.8411794999999,49,0.4411764999999974
53,48.2823559999999,49,0.4411764999999974
37,48.2823559999999,49,0.4411764999999974
44,48.2823559999999,49,0.4411764999999974
53,48.2823559999999,49,0.4411764999999974
56,48.7235324999999,49,0.4411764999999974
44,48.7235324999999,49,0.4411764999999974
56,48.7235324999999,49,0.4411764999999974
68,49.164708999999895,75,0.4411764999999974
59,49.164708999999895,62,0.4411764999999974
63,49.164708999999895,62,0.4411764999999974
70,49.60588549999989,101,0.44117650000001163
73,49.60588549999989,62,0.882353000000009
61,49.60588549999989,62,0.44117650000001163
65,49.60588549999989,62,0.44117650000001163
49,49.716179624999896,75,0.7720588750000061
59,49.8264737499999,75,0.6617647500000032
63,49.9367678749999,75,0.5514706250000003
70,50.047061999999904,75,0.4411764999999974
68,50.4882384999999,75,0.4411764999999974
73,50.4882384999999,62,0.4411764999999974
61,50.4882384999999,62,0.4411764999999974
65,50.4882384999999,62,0.4411764999999974
66,50.9294149999999,75,0.4411764999999974
58,50.9294149999999,62,0.4411764999999974
54,50.9294149999999,62,0.8823529999999948
68,51.3705914999999,75,0.4411764999999974
73,51.3705914999999,62,0.8823529999999948
61,51.3705914999999,62,0.4411764999999974
65,51.811767999999894,75,0.4411764999999974
58,51.811767999999894,62,0.4411764999999974
54,51.811767999999894,62,0.4411764999999974
66,52.25294449999989,75,0.4411764999999974
58,52.25294449999989,62,0.4411764999999974
53,52.25294449999989,62,0.4411764999999974
72,52.69412099999989,75,0.4411764999999974
66,52.69412099999989,62,0.4411764999999974
51,52.69412099999989,62,0.882353000000009
58,52.69412099999989,62,0.882353000000009
73,53.135297499999886,101,0.44117650000001163
63,53.135297499999886,62,0.44117650000001163
66,53.135297499999886,62,0.44117650000001163
53,53.24559162499989,75,0.7720588750000061
57,53.35588574999989,75,0.6617647500000032
63,53.466179874999895,75,0.11029412500000291
73,53.5764739999999,75,0.4411764999999974
72,54.017650499999895,75,0.4411764999999974
65,54.017650499999895,62,0.4411764999999974
77,54.017650499999895,62,0.4411764999999974
46,54.16470933333323,62,1.1764706666666598
53,54.31176816666656,62,1.0294118333333273
70,54.45882699999989,75,0.4411764999999974
61,54.45882699999989,62,0.8823529999999948
72,54.90000349999989,75,0.4411764999999974
65,54.90000349999989,62,0.8823529999999948
69,55.34117999999989,75,0.4411764999999974
61,55.34117999999989,62,0.8823529999999948
70,55.782356499999885,75,0.4411764999999974
65,55.782356499999885,62,0.4411764999999974
46,55.92941533333322,88,2.0588236666666546
51,56.07647416666655,88,1.9117648333333221
73,56.22353299999988,101,0.4411764999999974
61,56.22353299999988,62,0.0
63,56.22353299999988,62,0.4411764999999974
67,56.22353299999988,62,0.4411764999999974
55,56.22353299999988,88,1.7647059999999897
75,56.66470949999988,101,0.4411764999999974
61,56.66470949999988,62,0.4411764999999974
63,56.66470949999988,62,0.4411764999999974
67,56.66470949999988,62,0.4411764999999974
72,57.10588599999988,101,0.4411764999999974
61,57.10588599999988,62,0.4411764999999974
63,57.10588599999988,62,0.4411764999999974
67,57.10588599999988,62,0.4411764999999974
73,57.547062499999875,101,0.4411764999999974
61,57.547062499999875,62,0.4411764999999974
63,57.547062499999875,62,0.4411764999999974
67,57.547062499999875,62,0.4411764999999974
45,57.69412133333321,88,2.3764706666666697
51,57.84118016666654,88,0.14705883333333247
75,57.98823899999987,101,0.4411764999999974
61,57.98823899999987,62,0.4411764999999974
63,57.98823899999987,62,0.4411764999999974
67,57.98823899999987,62,0.4411764999999974
54,57.98823899999987,88,2.082353000000005
73,58.42941549999987,101,0.4411764999999974
77,58.42941549999987,101,0.4411764999999974
65,58.42941549999987,62,0.4411764999999974
67,58.42941549999987,62,0.4411764999999974
73,58.87059199999987,114,0.6000000000000014
61,58.87059199999987,75,0.6000000000000014
63,58.87059199999987,75,0.6000000000000014
67,58.87059199999987,75,0.6000000000000014
73,59.47059199999987,114,0.6000000000000085
75,59.47059199999987,114,0.6000000000000085
63,59.47059199999987,75,0.6000000000000085
67,59.47059199999987,75,0.6000000000000085
73,59.47059199999987,75,0.6000000000000085
65,59.67059199999987,114,1.723529499999998
44,59.67059199999987,75,2.1647059999999954
68,59.870591999999874,114,1.0823529999999977
53,59.870591999999874,75,1.523529499999995
77,60.07059199999988,114,2.205882499999987
61,60.07059199999988,75,0.8823529999999948
56,60.511768499999874,75,0.4411764999999974
61,60.511768499999874,75,0.4411764999999974
68,60.511768499999874,75,0.4411764999999974
53,60.95294499999987,75,0.4411764999999974
61,60.95294499999987,75,0.4411764999999974
65,60.95294499999987,75,0.4411764999999974
56,61.39412149999987,75,0.4411764999999974
61,61.39412149999987,75,0.4411764999999974
68,61.39412149999987,75,0.4411764999999974
44,61.83529799999987,62,0.0
53,61.83529799999987,62,0.0
61,61.83529799999987,62,0.0
75,62.276474499999864,75,0.4411764999999974
65,62.276474499999864,62,0.4411764999999974
68,62.276474499999864,62,0.4411764999999974
73,62.71765099999986,62,0.4411764999999974
61,62.71765099999986,49,0.4411764999999974
65,62.71765099999986,49,0.4411764999999974
70,63.15882749999986,62,0.4411764999999974
65,63.15882749999986,49,0.4411764999999974
68,63.15882749999986,49,0.4411764999999974
72,63.600003999999856,88,1.7647060000000039
60,63.600003999999856,49,0.4411764999999974
63,63.600003999999856,49,0.4411764999999974
51,64.04118049999985,62,0.4411764999999974
56,64.04118049999985,62,0.4411764999999974
63,64.04118049999985,62,0.4411764999999974
44,64.48235699999985,62,0.4411764999999974
51,64.48235699999985,62,0.4411764999999974
60,64.48235699999985,62,0.4411764999999974
51,64.92353349999985,62,0.44117650000001163
56,64.92353349999985,62,0.44117650000001163
63,64.92353349999985,62,0.44117650000001163
61,65.07059233333318,62,0.7352941666666766
46,65.07059233333318,62,2.058823666666669
45,65.14412174999985,62,0.22058825000000581
54,65.14412174999985,62,0.22058825000000581
65,65.21765116666653,62,0.5882353333333299
53,65.21765116666653,62,1.9117648333333221
73,65.36470999999986,62,0.4411764999999974
61,65.36470999999986,62,0.4411764999999974
72,65.80588649999986,62,0.4411764999999974
61,65.80588649999986,49,0.4411764999999974
65,65.80588649999986,49,0.4411764999999974
70,66.24706299999986,62,0.4411764999999974
58,66.24706299999986,49,0.4411764999999974
61,66.24706299999986,49,0.4411764999999974
65,66.68823949999985,62,0.4411764999999974
61,66.68823949999985,49,0.4411764999999974
68,67.12941599999985,88,1.7647060000000039
56,67.12941599999985,49,0.4411764999999974
60,67.12941599999985,49,0.4411764999999974
48,67.57059249999985,62,0.4411764999999974
53,67.57059249999985,62,0.4411764999999974
60,67.57059249999985,62,0.4411764999999974
41,68.01176899999984,62,0.4411764999999974
48,68.01176899999984,62,0.4411764999999974
56,68.01176899999984,62,0.882353000000009
48,68.45294549999984,62,0.44117650000001163
53,68.45294549999984,62,0.44117650000001163
60,68.45294549999984,62,0.44117650000001163
58,68.60000433333317,62,0.7352941666666766
50,68.67353374999985,62,0.22058825000000581
53,68.67353374999985,62,0.22058825000000581
56,68.67353374999985,62,0.22058825000000581
59,68.67353374999985,62,0.22058825000000581
61,68.74706316666652,62,0.5882353333333299
70,68.89412199999985,62,0.4411764999999974
42,68.89412199999985,62,1.7647059999999897
49,68.89412199999985,62,1.7647059999999897
58,68.89412199999985,62,0.4411764999999974
68,69.33529849999985,62,0.4411764999999974
58,69.33529849999985,49,0.4411764999999974
61,69.33529849999985,49,0.4411764999999974
66,69.77647499999985,62,0.4411764999999974
54,69.77647499999985,49,0.4411764999999974
58,69.77647499999985,49,0.4411764999999974
61,70.21765149999985,62,0.4411764999999974
58,70.21765149999985,49,0.4411764999999974
65,70.65882799999984,62,3.5215234999999723
53,70.65882799999984,49,0.4411764999999974
56,70.65882799999984,49,0.4411764999999974
44,71.10000449999984,62,0.4411764999999974
49,71.10000449999984,62,0.4411764999999974
56,71.10000449999984,62,0.4411764999999974
37,71.54118099999984,62,0.4838709999999935
44,71.54118099999984,62,0.4838709999999935
53,71.54118099999984,62,0.4838709999999935
44,72.02505199999983,62,0.4838709999999935
56,72.02505199999983,62,0.4838709999999935
49,72.50892299999983,62,0.5357142499999981
53,72.50892299999983,62,0.5357142499999981
44,73.04463724999982,62,0.5357142499999981
56,73.04463724999982,62,0.5357142499999981
37,73.58035149999982,62,0.5999999999999943
44,73.58035149999982,62,0.5999999999999943
53,73.58035149999982,62,0.5999999999999943
65,74.18035149999982,62,0.29999999999999716
44,74.18035149999982,62,0.5999999999999943
56,74.18035149999982,62,0.5999999999999943
63,74.48035149999981,62,0.29999999999999716
61,74.78035149999981,62,3.095238000000009
49,74.78035149999981,49,3.095238000000009
53,74.78035149999981,49,3.095238000000009
73,77.87558949999982,62,0.07012196875000143
65,77.87558949999982,49,0.3658537499999994
68,77.87558949999982,49,0.3658537499999994
72,78.24144324999982,62,0.07012196875000143
63,78.24144324999982,49,0.3658537499999994
68,78.24144324999982,49,0.3658537499999994
73,78.60729699999982,62,0.07565787708333005
65,78.60729699999982,49,0.39473674999999275
68,78.60729699999982,49,0.39473674999999275
68,79.00203374999981,62,0.0
60,79.00203374999981,49,0.39473674999999275
63,79.00203374999981,49,0.39473674999999275
72,79.3967704999998,62,0.07187500000000568
63,79.3967704999998,49,0.375
67,79.3967704999998,49,0.375
70,79.7717704999998,62,0.07187500000000568
61,79.7717704999998,49,0.375
65,79.7717704999998,49,0.375
72,80.1467704999998,62,0.07187500000000568
63,80.1467704999998,49,0.375
67,80.1467704999998,49,0.375
65,80.5217704999998,62,0.07187500000000568
56,80.5217704999998,49,0.375
60,80.5217704999998,49,0.375
51,80.5217704999998,49,0.375
68,80.8967704999998,62,0.07187500000000568
58,80.8967704999998,49,0.75
61,80.8967704999998,49,0.75
67,81.2717704999998,62,0.07187500000000568
70,81.6467704999998,62,0.14687499999999432
56,81.6467704999998,49,0.375
61,81.6467704999998,49,0.375
65,81.6467704999998,49,0.375
55,82.0217704999998,49,0.375
61,82.0217704999998,49,0.375
63,82.0217704999998,49,0.375
51,82.0217704999998,49,0.07187500000000568
51,82.1467704999998,62,0.5909089999999964
61,82.2717704999998,62,0.125
65,82.3967704999998,62,0.34090899999999635
44,82.3967704999998,49,0.0653408916666649
63,82.7376794999998,62,0.0653408916666649
60,82.7376794999998,49,0.34090900000001056
51,82.7376794999998,49,0.0653408916666649
67,82.9081339999998,62,0.17045450000000528
65,83.07858849999981,88,0.0653408916666649
61,83.07858849999981,49,0.34090899999999635
56,83.07858849999981,49,0.13352269166666986
63,83.4194974999998,62,0.0653408916666649
60,83.4194974999998,49,0.34090899999999635
73,83.7604064999998,62,0.0653408916666649
65,83.7604064999998,49,0.34090899999999635
68,83.7604064999998,49,0.34090899999999635
72,84.1013154999998,62,0.0653408916666649
67,84.1013154999998,49,0.34090899999999635
68,84.1013154999998,49,0.34090899999999635
73,84.4422244999998,62,0.0653408916666649
65,84.4422244999998,49,0.34090899999999635
68,84.4422244999998,49,0.34090899999999635
68,84.78313349999979,62,0.0
63,84.78313349999979,49,0.34090899999999635
65,84.78313349999979,49,0.34090899999999635
72,85.12404249999979,62,0.0653408916666649
62,85.12404249999979,49,0.34090899999999635
65,85.12404249999979,49,0.34090899999999635
68,85.12404249999979,49,0.34090899999999635
70,85.46495149999978,62,0.0653408916666649
61,85.46495149999978,49,0.34090899999999635
63,85.46495149999978,49,0.34090899999999635
67,85.46495149999978,49,0.34090899999999635
72,85.80586049999978,62,0.0653408916666649
60,85.80586049999978,49,0.34090899999999635
63,85.80586049999978,49,0.34090899999999635
65,86.14676949999978,62,0.0653408916666649
60,86.14676949999978,49,0.34090899999999635
61,86.14676949999978,49,0.34090899999999635
68,86.48767849999977,62,0.0653408916666649
59,86.48767849999977,49,0.34090899999999635
62,86.48767849999977,49,0.34090899999999635
67,86.82858749999977,62,0.0653408916666649
58,86.82858749999977,49,0.34090899999999635
63,86.82858749999977,49,0.34090899999999635
70,87.16949649999977,62,0.13352269166666986
56,87.16949649999977,49,0.34090899999999635
61,87.16949649999977,49,0.34090899999999635
65,87.16949649999977,49,0.34090899999999635
55,87.51040549999976,49,0.34090899999999635
61,87.51040549999976,49,0.34090899999999635
63,87.51040549999976,49,0.34090899999999635
51,87.51040549999976,49,0.34090899999999635
50,87.6240418333331,62,0.5681816666666606
59,87.73767816666643,62,0.45454533333332847
65,87.85131449999976,62,0.34090899999999635
44,87.85131449999976,49,0.0653408916666649
63,88.19222349999976,62,0.0653408916666649
60,88.19222349999976,49,0.34090900000001056
51,88.19222349999976,49,0.0653408916666649
67,88.36267799999976,62,0.17045450000000528
65,88.53313249999977,88,0.0653408916666649
61,88.53313249999977,49,0.34090899999999635
56,88.53313249999977,49,0.13352269166666986
63,88.87404149999976,62,0.0653408916666649
60,88.87404149999976,49,0.34090899999999635
75,89.21495049999976,75,0.0653408916666649
66,89.21495049999976,62,0.34090899999999635
70,89.21495049999976,62,0.34090899999999635
73,89.55585949999976,75,0.0653408916666649
65,89.55585949999976,62,0.34090899999999635
70,89.55585949999976,62,0.34090899999999635
75,89.89676849999975,75,0.0653408916666649
66,89.89676849999975,62,0.34090899999999635
70,89.89676849999975,62,0.34090899999999635
70,90.23767749999975,75,0.0
61,90.23767749999975,62,0.34090899999999635
65,90.23767749999975,62,0.34090899999999635
73,90.57858649999974,75,0.0653408916666649
65,90.57858649999974,62,0.34090899999999635
66,90.57858649999974,62,0.34090899999999635
72,90.91949549999974,75,0.0653408916666649
63,90.91949549999974,62,0.34090899999999635
66,90.91949549999974,62,0.34090899999999635
73,91.26040449999974,75,0.0653408916666649
61,91.26040449999974,62,0.34090899999999635
65,91.26040449999974,62,0.34090899999999635
67,91.60131349999973,75,0.0653408916666649
58,91.60131349999973,62,0.34090899999999635
61,91.60131349999973,62,0.34090899999999635
53,91.60131349999973,62,0.34090899999999635
70,91.94222249999973,75,0.0653408916666649
60,91.94222249999973,62,0.6818179999999927
63,91.94222249999973,62,0.6818179999999927
69,92.28313149999973,75,0.0653408916666649
72,92.62404049999972,75,0.13352269166666986
58,92.62404049999972,62,0.34090899999999635
63,92.62404049999972,62,0.34090899999999635
66,92.62404049999972,62,0.34090899999999635
57,92.96494949999972,62,0.34090899999999635
63,92.96494949999972,62,0.34090899999999635
65,92.96494949999972,62,0.34090899999999635
53,92.96494949999972,62,0.0653408916666649
53,93.07858583333305,75,0.5681816666666606
63,93.19222216666638,75,0.11363633333333212
66,93.30585849999972,75,0.34090899999999635
46,93.30585849999972,62,0.0653408916666649
65,93.64676749999971,75,0.0653408916666649
61,93.64676749999971,62,0.34090900000001056
53,93.64676749999971,62,0.0653408916666649
68,93.81722199999972,75,0.17045450000000528
66,93.98767649999972,101,0.0653408916666649
63,93.98767649999972,62,0.34090899999999635
58,93.98767649999972,62,0.13352269166666986
65,94.32858549999972,75,0.0653408916666649
61,94.32858549999972,62,0.34090899999999635
75,94.66949449999971,75,0.0653408916666649
66,94.66949449999971,62,0.34090899999999635
70,94.66949449999971,62,0.34090899999999635
73,95.01040349999971,75,0.0653408916666649
68,95.01040349999971,62,0.34090899999999635
70,95.01040349999971,62,0.34090899999999635
75,95.35131249999971,75,0.0653408916666649
66,95.35131249999971,62,0.34090899999999635
70,95.35131249999971,62,0.34090899999999635
70,95.6922214999997,75,0.0
65,95.6922214999997,62,0.34090899999999635
66,95.6922214999997,62,0.34090899999999635
73,96.0331304999997,75,0.0653408916666649
64,96.0331304999997,62,0.34090899999999635
67,96.0331304999997,62,0.34090899999999635
70,96.0331304999997,62,0.34090899999999635
72,96.3740394999997,75,0.0653408916666649
63,96.3740394999997,62,0.34090899999999635
66,96.3740394999997,62,0.34090899999999635
69,96.3740394999997,62,0.34090899999999635
73,96.7149484999997,75,0.0653408916666649
61,96.7149484999997,62,0.34090899999999635
65,96.7149484999997,62,0.34090899999999635
70,96.7149484999997,62,0.34090899999999635
67,97.05585749999969,75,0.0653408916666649
61,97.05585749999969,62,0.34090899999999635
65,97.05585749999969,62,0.34090899999999635
53,97.05585749999969,62,0.34090899999999635
70,97.39676649999969,75,0.0653408916666649
60,97.39676649999969,62,0.34090899999999635
63,97.39676649999969,62,0.34090899999999635
69,97.73767549999968,75,0.0653408916666649
59,97.73767549999968,62,0.34090899999999635
63,97.73767549999968,62,0.34090899999999635
72,98.07858449999968,75,0.13352269166666986
58,98.07858449999968,62,0.34090899999999635
63,98.07858449999968,62,0.34090899999999635
66,98.07858449999968,62,0.34090899999999635
57,98.41949349999967,62,0.34090899999999635
63,98.41949349999967,62,0.34090899999999635
65,98.41949349999967,62,0.34090899999999635
53,98.41949349999967,62,0.0653408916666649
52,98.533129833333,75,0.5681816666666606
61,98.64676616666634,75,0.45454533333332847
66,98.76040249999967,75,0.34090899999999635
46,98.76040249999967,62,0.0653408916666649
65,99.10131149999967,75,0.34090900000001056
61,99.10131149999967,62,0.34090900000001056
53,99.10131149999967,62,0.0653408916666649
68,99.27176599999967,75,0.17045450000000528
66,99.44222049999968,75,0.3658537499999994
63,99.44222049999968,62,0.3658537499999994
58,99.44222049999968,62,0.7317075000000131
65,99.80807424999968,75,0.36585375000001363
61,99.80807424999968,62,0.36585375000001363
68,99.99100112499968,75,0.18292687500000682
66,100.17392799999969,62,0.39473675000000696
63,100.17392799999969,49,0.39473675000000696
57,100.17392799999969,49,0.7894735000000139
65,100.5686647499997,62,0.39473675000000696
61,100.5686647499997,49,0.39473675000000696
66,100.9634014999997,62,0.4285715000000181
60,100.9634014999997,49,0.4285715000000181
56,100.9634014999997,49,0.4285715000000181
59,101.10625866666638,62,0.7142858333333493
65,101.24911583333305,62,0.5714286666666766
68,101.39197299999972,62,0.4285715000000039
49,101.39197299999972,49,0.4285715000000039
58,101.82054449999973,62,1.3258930000000078
61,101.82054449999973,62,1.3258930000000078
66,101.82054449999973,62,1.3258930000000078
70,101.82054449999973,62,1.3258930000000078
42,102.24911599999973,49,0.4285715000000039
49,102.24911599999973,49,0.4285715000000039
49,102.67768749999973,49,0.9375
58,102.67768749999973,49,0.46875
58,103.14643749999973,62,0.46875
61,103.14643749999973,62,0.46875
66,103.14643749999973,62,0.46875
70,103.14643749999973,62,0.46875
59,103.61518749999973,62,1.6114059999999881
63,103.61518749999973,62,1.6114059999999881
66,103.61518749999973,62,1.6114059999999881
68,103.61518749999973,62,1.6114059999999881
42,104.13242899999973,49,0.5172414999999972
49,104.13242899999973,49,0.5172414999999972
49,104.64967049999973,49,1.1538459999999873
59,104.64967049999973,49,0.5769229999999936
59,105.22659349999972,62,0.5769229999999936
62,105.22659349999972,62,0.5769229999999936
66,105.22659349999972,62,0.5769229999999936
68,105.22659349999972,62,0.5769229999999936
57,105.80351649999972,49,0.6624999999999943
61,105.80351649999972,49,1.5
66,105.80351649999972,49,1.5
69,105.80351649999972,49,1.5
42,105.96601649999971,49,0.17083333333333428
49,106.13684983333305,49,0.1666666666666714
57,106.30351649999972,49,0.16249999999999432
49,106.46601649999971,49,0.17083333333333428
57,106.63684983333305,49,0.1666666666666714
61,106.80351649999972,75,0.5
57,107.30351649999972,49,0.5
66,107.30351649999972,49,0.5
69,107.30351649999972,49,0.5
60,107.80351649999972,49,1.5
66,107.80351649999972,49,1.5
68,107.80351649999972,49,1.5
62,107.80351649999972,75,1.0
42,107.96601649999971,49,0.17083333333333428
49,108.13684983333305,49,0.1666666666666714
59,108.30351649999972,49,0.16249999999999432
49,108.46601649999971,49,0.17083333333333428
59,108.63684983333305,49,0.1666666666666714
62,108.80351649999972,75,1.0
60,109.30351649999972,49,0.5
66,109.30351649999972,49,0.5
68,109.30351649999972,49,0.5
58,109.80351649999972,75,0.5
68,109.80351649999972,75,0.5
70,109.80351649999972,75,0.5
61,109.80351649999972,49,0.5
61,110.30351649999972,62,0.0
52,110.30351649999972,49,0.34090899999999635
56,110.30351649999972,49,0.34090899999999635
56,110.64442549999971,62,0.0
46,110.64442549999971,49,0.34090899999999635
52,110.64442549999971,49,0.34090899999999635
58,110.98533449999971,62,0.34090899999999635
49,110.98533449999971,49,0.34090899999999635
56,110.98533449999971,49,0.34090899999999635
64,111.3262434999997,62,0.34090899999999635
56,111.3262434999997,49,0.34090899999999635
58,111.3262434999997,49,0.34090899999999635
68,111.6671524999997,75,0.34090899999999635
58,111.6671524999997,62,0.34090899999999635
61,111.6671524999997,62,0.34090899999999635
61,112.0080614999997,75,0.0
52,112.0080614999997,62,0.34090899999999635
58,112.0080614999997,62,0.34090899999999635
64,112.3489704999997,75,0.34090899999999635
56,112.3489704999997,62,0.34090899999999635
61,112.3489704999997,62,0.34090899999999635
70,112.68987949999969,75,0.34090899999999635
61,112.68987949999969,62,0.34090899999999635
64,112.68987949999969,62,0.34090899999999635
73,113.03078849999969,75,0.34090899999999635
64,113.03078849999969,62,0.0
68,113.03078849999969,62,0.34090899999999635
68,113.37169749999968,75,0.0
58,113.37169749999968,62,0.3658537499999994
64,113.37169749999968,62,0.3658537499999994
70,113.73755124999968,88,0.3658537499999994
61,113.73755124999968,75,0.3658537499999994
68,113.73755124999968,75,0.3658537499999994
76,114.10340499999968,88,0.39473674999999275
68,114.10340499999968,75,0.39473674999999275
70,114.10340499999968,75,0.39473674999999275
51,114.20208918749968,88,0.6907893125000015
61,114.30077337499968,88,0.5921051250000033
67,114.39945756249968,88,0.49342093750000515
76,114.49814174999968,88,0.39473675000000696
75,114.89287849999968,75,0.08214287083333716
61,114.89287849999968,62,0.4285715000000039
63,114.89287849999968,62,0.4285715000000039
67,114.89287849999968,62,0.4285715000000039
73,115.32144999999969,62,0.08214287083333716
61,115.32144999999969,49,0.4285715000000039
63,115.32144999999969,49,0.4285715000000039
67,115.32144999999969,49,0.4285715000000039
60,115.75002149999969,62,1.3258930000000078
63,115.75002149999969,62,0.0
68,115.75002149999969,62,1.3258930000000078
72,115.75002149999969,62,1.3258930000000078
44,116.1785929999997,49,0.4285715000000039
51,116.1785929999997,49,0.4285715000000039
51,116.6071644999997,49,0.9375
60,116.6071644999997,49,0.46875
60,117.0759144999997,62,0.46875
63,117.0759144999997,62,0.46875
68,117.0759144999997,62,0.46875
72,117.0759144999997,62,0.46875
61,117.5446644999997,62,1.6114059999999881
65,117.5446644999997,62,1.6114059999999881
68,117.5446644999997,62,1.6114059999999881
70,117.5446644999997,62,1.6114059999999881
44,118.0619059999997,49,0.5172414999999972
51,118.0619059999997,49,0.5172414999999972
51,118.57914749999969,49,1.1538459999999873
61,118.57914749999969,49,0.5769229999999936
61,119.15607049999969,62,0.5769229999999936
64,119.15607049999969,62,0.5769229999999936
68,119.15607049999969,62,0.5769229999999936
70,119.15607049999969,62,0.5769229999999936
59,119.73299349999968,49,0.6624999999999943
63,119.73299349999968,49,1.5
68,119.73299349999968,49,1.5
71,119.73299349999968,49,1.5
44,119.89549349999967,49,0.17083333333333428
51,120.06632683333301,49,0.1666666666666714
59,120.23299349999968,49,0.16249999999999432
51,120.39549349999967,49,0.17083333333333428
59,120.56632683333301,49,0.1666666666666714
63,120.73299349999968,75,0.5
59,121.23299349999968,49,0.5
68,121.23299349999968,49,0.5
71,121.23299349999968,49,0.5
61,121.73299349999968,49,0.6624999999999943
68,121.73299349999968,49,1.5
70,121.73299349999968,49,1.5
64,121.73299349999968,75,1.0
44,121.89549349999967,49,0.17083333333333428
51,122.06632683333301,49,0.1666666666666714
61,122.23299349999968,49,0.16249999999999432
51,122.39549349999967,49,0.17083333333333428
61,122.56632683333301,49,0.1666666666666714
64,122.73299349999968,75,1.0
61,123.23299349999968,49,0.5
68,123.23299349999968,49,0.5
70,123.23299349999968,49,0.5
60,123.73299349999968,75,0.5
70,123.73299349999968,75,0.5
72,123.73299349999968,75,0.5
63,123.73299349999968,49,0.5
63,124.23299349999968,62,0.0
54,124.23299349999968,49,0.34090899999999635
58,124.23299349999968,49,0.34090899999999635
58,124.57390249999968,62,0.0
48,124.57390249999968,49,0.34090899999999635
54,124.57390249999968,49,0.34090899999999635
60,124.91481149999967,62,0.34090899999999635
51,124.91481149999967,49,0.34090899999999635
58,124.91481149999967,49,0.34090899999999635
66,125.25572049999967,62,0.34090899999999635
58,125.25572049999967,49,0.34090899999999635
60,125.25572049999967,49,0.34090899999999635
70,125.59662949999966,75,0.34090899999999635
60,125.59662949999966,62,0.34090899999999635
63,125.59662949999966,62,0.34090899999999635
63,125.93753849999966,75,0.0
54,125.93753849999966,62,0.34090899999999635
60,125.93753849999966,62,0.34090899999999635
66,126.27844749999966,75,0.34090899999999635
58,126.27844749999966,62,0.34090899999999635
63,126.27844749999966,62,0.34090899999999635
72,126.61935649999965,75,0.34090899999999635
63,126.61935649999965,62,0.34090899999999635
66,126.61935649999965,62,0.34090899999999635
75,126.96026549999965,88,0.34090899999999635
66,126.96026549999965,75,0.34090899999999635
70,126.96026549999965,75,0.34090899999999635
70,127.30117449999965,88,0.0
60,127.30117449999965,75,0.3658537499999994
66,127.30117449999965,75,0.3658537499999994
72,127.66702824999965,88,0.36585375000001363
63,127.66702824999965,75,0.36585375000001363
70,127.66702824999965,75,0.36585375000001363
78,128.03288199999966,88,0.39473674999999275
70,128.03288199999966,75,0.39473674999999275
72,128.03288199999966,75,0.39473674999999275
53,128.13156618749966,88,0.6907893124999873
63,128.23025037499966,88,0.5921051249999891
69,128.32893456249965,88,0.49342093749999094
78,128.42761874999965,88,0.39473674999999275
77,128.82235549999965,75,0.08214287083333716
65,128.82235549999965,62,0.4285715000000039
69,128.82235549999965,62,0.4285715000000039
75,129.25092699999965,62,0.08214287083333716
60,129.25092699999965,49,0.4285715000000039
65,129.25092699999965,49,0.4285715000000039
69,129.25092699999965,49,0.4285715000000039
74,129.67949849999965,62,0.4838709999999935
59,129.67949849999965,49,0.4838709999999935
65,129.67949849999965,49,0.4838709999999935
68,129.67949849999965,49,0.4838709999999935
59,130.16336949999965,62,0.0
50,130.16336949999965,49,0.34090900000001056
53,130.16336949999965,49,0.34090900000001056
58,130.50427849999966,62,0.36585375000001363
49,130.50427849999966,49,0.36585375000001363
52,130.50427849999966,49,0.36585375000001363
44,130.50427849999966,49,0.7317075000000273
61,130.87013224999967,62,0.36585375000001363
52,130.87013224999967,49,0.36585375000001363
55,130.87013224999967,49,0.36585375000001363
60,131.23598599999968,62,0.36585375000001363
51,131.23598599999968,49,0.36585375000001363
56,131.23598599999968,49,0.36585375000001363
62,131.6018397499997,62,0.36585375000001363
53,131.6018397499997,49,0.36585375000001363
59,131.6018397499997,49,0.36585375000001363
63,131.9676934999997,62,0.39473674999999275
54,131.9676934999997,49,0.39473674999999275
58,131.9676934999997,49,0.39473674999999275
64,132.3624302499997,62,0.39473674999999275
55,132.3624302499997,49,0.39473674999999275
61,132.3624302499997,49,0.39473674999999275
65,132.7571669999997,62,0.375
56,132.7571669999997,49,0.375
60,132.7571669999997,49,0.375
61,133.1321669999997,62,0.375
55,133.1321669999997,49,0.375
58,133.1321669999997,49,0.375
60,133.5071669999997,62,0.375
51,133.5071669999997,49,0.375
58,133.5071669999997,49,0.375
44,133.5071669999997,49,0.75
63,133.8821669999997,62,0.375
56,133.8821669999997,49,0.75
60,133.8821669999997,49,0.375
62,134.2571669999997,62,0.375
53,134.2571669999997,49,0.375
59,134.2571669999997,49,0.375
64,134.6321669999997,62,0.375
55,134.6321669999997,49,0.375
58,134.6321669999997,49,0.375
61,134.6321669999997,49,0.375
65,135.0071669999997,62,0.375
56,135.0071669999997,49,0.375
60,135.0071669999997,49,0.375
67,135.3821669999997,62,0.375
61,135.3821669999997,49,0.375
64,135.3821669999997,49,0.375
68,135.7571669999997,62,0.375
60,135.7571669999997,49,0.375
63,135.7571669999997,49,0.375
63,136.1321669999997,62,0.0
54,136.1321669999997,49,0.375
60,136.1321669999997,49,0.375
62,136.5071669999997,62,0.07187500000000568
53,136.5071669999997,49,0.375
59,136.5071669999997,49,0.375
44,136.5071669999997,49,0.75
65,136.8821669999997,62,0.07187500000000568
59,136.8821669999997,49,0.375
63,136.8821669999997,49,0.375
66,137.2571669999997,62,0.07187500000000568
58,137.2571669999997,49,0.375
62,137.2571669999997,49,0.375
67,137.6321669999997,62,0.07187500000000568
57,137.6321669999997,49,0.375
61,137.6321669999997,49,0.375
68,138.0071669999997,62,0.07187500000000568
56,138.0071669999997,49,0.375
60,138.0071669999997,49,0.375
69,138.3821669999997,62,0.07187500000000568
55,138.3821669999997,49,0.375
61,138.3821669999997,49,0.375
70,138.7571669999997,75,0.07187500000000568
54,138.7571669999997,49,0.375
60,138.7571669999997,49,0.375
72,139.1321669999997,75,0.07187500000000568
63,139.1321669999997,62,0.375
66,139.1321669999997,62,0.375
70,139.1321669999997,62,0.375
73,139.5071669999997,75,0.07187500000000568
61,139.5071669999997,62,0.375
66,139.5071669999997,62,0.375
70,139.5071669999997,62,0.375
75,139.8821669999997,75,0.07187500000000568
60,139.8821669999997,62,0.375
66,139.8821669999997,62,0.375
70,139.8821669999997,62,0.375
76,140.2571669999997,88,0.07187500000000568
67,140.2571669999997,75,0.375
70,140.2571669999997,75,0.375
73,140.2571669999997,75,0.375
77,140.6321669999997,88,0.07187500000000568
65,140.6321669999997,75,0.375
70,140.6321669999997,75,0.375
73,140.6321669999997,75,0.375
79,141.0071669999997,101,0.14687499999999432
64,141.0071669999997,88,0.75
70,141.0071669999997,88,0.75
73,141.0071669999997,88,0.75
32,141.3821669999997,101,3.375
44,141.3821669999997,101,3.375
80,141.7571669999997,127,0.375
68,141.7571669999997,88,0.375
72,141.7571669999997,88,0.375
72,142.1321669999997,127,0.0
75,142.1321669999997,127,0.375
80,142.1321669999997,127,0.375
66,142.5071669999997,101,0.375
72,142.5071669999997,101,0.375
75,142.5071669999997,101,0.375
63,142.8821669999997,101,0.375
66,142.8821669999997,101,0.375
72,142.8821669999997,101,0.375
56,143.2571669999997,101,0.375
63,143.2571669999997,101,0.375
66,143.2571669999997,101,0.375
60,143.6321669999997,127,0.375
63,143.6321669999997,127,0.375
68,143.6321669999997,127,0.375
54,144.0071669999997,101,0.375
60,144.0071669999997,101,0.375
63,144.0071669999997,101,0.375
51,144.3821669999997,101,0.375
54,144.3821669999997,101,0.375
60,144.3821669999997,101,0.375
44,144.7571669999997,75,0.375
51,144.7571669999997,75,0.375
54,144.7571669999997,75,0.375
66,145.1321669999997,75,0.07187500000000568
57,145.1321669999997,75,0.375
61,145.1321669999997,75,0.375
63,145.1321669999997,75,0.375
68,145.5071669999997,75,0.07187500000000568
56,145.5071669999997,75,0.375
61,145.5071669999997,75,0.375
63,145.5071669999997,75,0.375
69,145.8821669999997,75,0.07187500000000568
54,145.8821669999997,75,0.375
61,145.8821669999997,75,0.375
63,145.8821669999997,75,0.375
68,146.2571669999997,75,0.07187500000000568
56,146.2571669999997,75,0.375
61,146.2571669999997,75,0.375
63,146.2571669999997,75,0.375
66,146.6321669999997,75,0.07187500000000568
57,146.6321669999997,75,0.375
61,146.6321669999997,75,0.375
63,146.6321669999997,75,0.375
69,147.0071669999997,101,0.75
54,147.0071669999997,75,0.375
61,147.0071669999997,75,0.375
63,147.0071669999997,75,0.375
32,147.3821669999997,101,3.375
44,147.3821669999997,101,3.375
68,147.7571669999997,101,0.375
56,147.7571669999997,75,0.375
60,147.7571669999997,75,0.375
78,148.1321669999997,127,0.375
80,148.1321669999997,127,0.375
87,148.1321669999997,127,0.375
72,148.5071669999997,101,0.375
78,148.5071669999997,101,0.375
80,148.5071669999997,101,0.375
68,148.8821669999997,101,0.375
72,148.8821669999997,101,0.375
78,148.8821669999997,101,0.375
63,149.2571669999997,101,0.375
68,149.2571669999997,101,0.375
72,149.2571669999997,101,0.375
66,149.6321669999997,127,0.375
68,149.6321669999997,127,0.375
75,149.6321669999997,127,0.375
60,150.0071669999997,101,0.375
66,150.0071669999997,101,0.375
68,150.0071669999997,101,0.375
56,150.3821669999997,101,0.375
60,150.3821669999997,101,0.375
66,150.3821669999997,101,0.375
51,150.7571669999997,75,0.375
56,150.7571669999997,75,0.375
60,150.7571669999997,75,0.375
66,151.1321669999997,75,0.07187500000000568
57,151.1321669999997,75,0.375
61,151.1321669999997,75,0.375
63,151.1321669999997,75,0.375
68,151.5071669999997,75,0.07187500000000568
56,151.5071669999997,75,0.375
61,151.5071669999997,75,0.375
63,151.5071669999997,75,0.375
69,151.8821669999997,75,0.07187500000000568
54,151.8821669999997,75,0.375
61,151.8821669999997,75,0.375
63,151.8821669999997,75,0.375
68,152.2571669999997,75,0.07187500000000568
56,152.2571669999997,75,0.375
61,152.2571669999997,75,0.375
63,152.2571669999997,75,0.375
66,152.6321669999997,75,0.07187500000000568
57,152.6321669999997,75,0.375
61,152.6321669999997,75,0.375
63,152.6321669999997,75,0.375
75,153.0071669999997,75,0.14687499999999432
69,153.0071669999997,101,0.75
61,153.0071669999997,75,0.75
32,153.3821669999997,75,3.4519239999999627
44,153.3821669999997,75,1.1442309999999907
56,153.7571669999997,88,1.153846499999986
60,153.7571669999997,88,1.153846499999986
68,153.7571669999997,88,1.153846499999986
44,154.1417824999997,75,0.38461549999999534
51,154.1417824999997,75,0.38461549999999534
51,154.5263979999997,75,0.7692309999999907
56,154.5263979999997,75,0.38461549999999534
56,154.91101349999968,88,0.38461549999999534
60,154.91101349999968,88,0.38461549999999534
68,154.91101349999968,88,0.38461549999999534
58,155.29562899999968,88,1.153846499999986
64,155.29562899999968,88,1.153846499999986
67,155.29562899999968,88,1.153846499999986
44,155.68024449999967,75,0.38461549999999534
49,155.68024449999967,75,0.38461549999999534
49,156.06485999999967,75,0.7692309999999907
56,156.06485999999967,75,0.7692309999999907
58,156.44947549999966,88,0.38461549999999534
64,156.44947549999966,88,0.38461549999999534
67,156.44947549999966,88,0.38461549999999534
60,156.83409099999966,75,1.3235295000000349
63,156.83409099999966,75,1.3235295000000349
68,156.83409099999966,75,1.3235295000000349
44,156.97747336249967,62,0.15073530416665903
51,157.12820866666632,62,0.14705883333334668
56,157.27526749999967,62,0.1433823625000059
51,157.41864986249968,62,0.15073530416665903
56,157.56938516666634,62,0.14705883333334668
63,157.71644399999968,88,0.44117650000001163
56,158.1576204999997,75,0.44117650000001163
60,158.1576204999997,75,0.44117650000001163
68,158.1576204999997,75,0.44117650000001163
57,158.5987969999997,75,0.5845588625000175
61,158.5987969999997,75,1.3235295000000349
67,158.5987969999997,75,1.3235295000000349
44,158.7421793624997,62,0.15073530416665903
51,158.89291466666637,62,0.14705883333334668
57,159.03997349999972,62,0.1433823625000059
51,159.18335586249972,62,0.15073530416665903
57,159.33409116666638,62,0.14705883333334668
61,159.48114999999973,62,0.44117650000001163
57,159.92232649999974,75,0.44117650000001163
66,159.92232649999974,75,0.44117650000001163
56,160.36350299999975,75,1.153846499999986
60,160.36350299999975,75,1.153846499999986
65,160.36350299999975,75,1.153846499999986
44,160.74811849999975,62,0.38461549999999534
53,160.74811849999975,62,0.38461549999999534
53,161.13273399999974,62,0.7692309999999907
56,161.13273399999974,62,0.38461549999999534
56,161.51734949999974,75,0.38461549999999534
60,161.51734949999974,75,0.38461549999999534
65,161.51734949999974,75,0.38461549999999534
55,161.90196499999973,75,1.153846499999986
58,161.90196499999973,75,1.153846499999986
64,161.90196499999973,75,1.153846499999986
44,162.28658049999973,62,0.38461549999999534
49,162.28658049999973,62,0.38461549999999534
49,162.67119599999972,62,0.7692309999999907
56,162.67119599999972,62,0.7692309999999907
55,163.05581149999972,75,0.38461549999999534
58,163.05581149999972,75,0.38461549999999534
64,163.05581149999972,75,0.38461549999999534
56,163.44042699999972,62,0.0
60,163.44042699999972,62,1.3235295000000349
65,163.44042699999972,62,1.3235295000000349
44,163.58380936249972,49,0.15073530416665903
53,163.73454466666638,49,0.14705883333334668
56,163.88160349999973,49,0.1433823625000059
53,164.02498586249973,49,0.15073530416665903
56,164.1757211666664,49,0.14705883333334668
60,164.32277999999974,75,0.44117650000001163
56,164.76395649999975,62,0.44117650000001163
65,164.76395649999975,62,0.44117650000001163
55,165.20513299999976,62,1.3235295000000349
58,165.20513299999976,62,1.3235295000000349
64,165.20513299999976,62,1.3235295000000349
44,165.34851536249977,49,0.15073530416665903
49,165.49925066666643,49,0.14705883333334668
56,165.64630949999977,49,0.1433823625000059
49,165.78969186249978,49,0.15073530416665903
56,165.94042716666644,49,0.14705883333334668
58,166.08748599999979,49,0.44117650000001163
55,166.5286624999998,62,0.44117650000001163
63,166.5286624999998,62,0.44117650000001163
61,166.9698389999998,62,0.34090900000001056
70,166.9698389999998,62,0.34090900000001056
51,167.31074799999982,49,0.34090900000001056
61,167.31074799999982,49,0.34090900000001056
44,167.65165699999983,49,0.3191490000000101
55,167.97080599999984,75,0.3191490000000101
63,167.97080599999984,75,0.3191490000000101
61,168.28995499999985,75,0.30000000000001137
70,168.28995499999985,75,0.30000000000001137
51,168.58995499999986,62,0.30000000000001137
61,168.58995499999986,62,0.30000000000001137
44,168.88995499999987,62,0.28301874999999654
55,169.17297374999987,75,0.28301874999999654
63,169.17297374999987,75,0.28301874999999654
61,169.45599249999987,75,0.2631580000000042
69,169.45599249999987,75,0.2631580000000042
51,169.71915049999987,62,0.2631580000000042
61,169.71915049999987,62,0.2631580000000042
44,169.98230849999987,62,0.25
54,170.23230849999987,75,0.25
63,170.23230849999987,75,0.25
61,170.48230849999987,75,0.23809524999998644
69,170.48230849999987,75,0.23809524999998644
51,170.72040374999986,62,0.23809524999998644
61,170.72040374999986,62,0.23809524999998644
44,170.95849899999985,62,0.22727274999999736
54,171.18577174999984,75,0.22727274999999736
63,171.18577174999984,75,0.22727274999999736
61,171.41304449999984,75,0.21428574999998773
68,171.41304449999984,75,0.21428574999998773
51,171.62733024999983,49,0.21428574999998773
61,171.62733024999983,49,0.21428574999998773
44,171.84161599999982,49,0.22388050000000703
54,172.06549649999982,75,0.22388050000000703
63,172.06549649999982,75,0.22388050000000703
61,172.28937699999983,62,0.234375
68,172.28937699999983,62,0.234375
51,172.52375199999983,49,0.234375
61,172.52375199999983,49,0.234375
44,172.75812699999983,49,0.24590175000000158
54,173.00402874999983,62,0.24590175000000158
63,173.00402874999983,62,0.24590175000000158
60,173.24993049999983,62,0.2631580000000042
68,173.24993049999983,62,0.2631580000000042
51,173.51308849999984,49,0.2631580000000042
60,173.51308849999984,49,0.2631580000000042
44,173.77624649999984,49,0.2777777500000127
54,174.05402424999986,62,0.2777777499999843
63,174.05402424999986,62,0.2777777499999843
60,174.19291312499985,62,0.4330066249999902
68,174.33180199999984,62,0.29411774999999807
59,176.05640099999985,62,0.5113635000000158
68,176.22685549999986,62,0.34090900000001056
49,176.22685549999986,49,0.6818180000000211
61,176.56776449999987,62,0.34090900000001056
65,176.56776449999987,62,0.34090900000001056
58,176.90867349999988,88,0.44117650000001163
68,176.90867349999988,88,0.44117650000001163
54,176.90867349999988,49,0.8823530000000233
61,177.3498499999999,62,0.44117650000001163
66,177.3498499999999,62,0.44117650000001163
63,177.7910264999999,62,1.3235295000000349
57,177.7910264999999,49,0.44117650000001163
49,177.7910264999999,49,0.8823530000000233
54,178.2322029999999,49,0.44117650000001163
57,178.67337949999992,49,0.44117650000001163
49,178.67337949999992,49,0.44117650000001163
44,178.67337949999992,49,0.8823530000000233
56,179.11455599999994,49,0.44117650000001163
48,179.11455599999994,49,0.44117650000001163
68,179.55573249999995,62,0.44117650000001163
59,179.55573249999995,49,0.29411766666666495
49,179.55573249999995,49,0.8823530000000233
61,179.8498501666666,49,0.2904411958333526
65,179.99690899999996,62,0.44117650000001163
59,180.14029136249997,49,0.2977941375000057
68,180.43808549999997,88,0.44117650000001163
58,180.43808549999997,49,0.44117650000001163
54,180.43808549999997,49,0.8823530000000233
66,180.87926199999998,62,0.44117650000001163
61,180.87926199999998,49,0.44117650000001163
63,181.3204385,62,1.3235295000000349
61,181.3204385,49,1.3235295000000349
54,181.3204385,49,1.7647060000000465
45,181.3204385,49,0.44117650000001163
42,181.761615,49,0.44117650000001163
45,182.20279150000002,49,0.44117650000001163
44,182.64396800000003,49,1.3235295000000349
65,183.08514450000004,88,0.44117650000001163
60,183.08514450000004,49,0.8823530000000233
54,183.08514450000004,49,0.44117650000001163
63,183.52632100000005,62,0.44117650000001163
56,183.52632100000005,49,0.44117650000001163
63,183.96749750000006,88,0.44117650000001163
53,183.96749750000006,49,0.44117650000001163
49,183.96749750000006,49,0.8823530000000233
61,184.40867400000008,62,0.44117650000001163
56,184.40867400000008,49,0.44117650000001163
58,184.8498505000001,62,0.8823530000000233
52,184.8498505000001,49,0.44117650000001163
44,184.8498505000001,49,0.8823530000000233
52,184.8498505000001,49,0.44117650000001163
56,185.2910270000001,49,0.44117650000001163
61,185.7322035000001,62,0.44117650000001163
51,185.7322035000001,49,0.44117650000001163
51,185.7322035000001,49,0.44117650000001163
60,186.17338000000012,62,0.44117650000001163
56,186.17338000000012,49,0.44117650000001163
65,186.61455650000013,88,0.44117650000001163
54,186.61455650000013,49,0.29411766666666495
56,186.9086741666668,49,0.2904411958333526
63,187.05573300000015,62,0.44117650000001163
54,187.19911536250015,49,0.2977941375000057
63,187.49690950000016,88,0.44117650000001163
53,187.49690950000016,49,0.44117650000001163
49,187.49690950000016,49,0.8823530000000233
61,187.93808600000017,62,0.44117650000001163
56,187.93808600000017,49,0.44117650000001163
58,188.37926250000018,62,0.8823530000000233
52,188.37926250000018,49,0.44117650000001163
44,188.37926250000018,49,0.8823530000000233
52,188.37926250000018,49,0.44117650000001163
56,188.8204390000002,49,0.44117650000001163
61,189.2616155000002,62,0.44117650000001163
51,189.2616155000002,49,0.44117650000001163
51,189.2616155000002,49,0.44117650000001163
60,189.70279200000022,62,0.8823530000000233
56,189.70279200000022,49,0.44117650000001163
52,190.14396850000023,49,0.44117650000001163
44,190.14396850000023,49,0.8823530000000233
52,190.14396850000023,49,0.44117650000001163
58,190.58514500000024,62,0.44117650000001163
56,190.58514500000024,49,0.44117650000001163
61,191.02632150000025,88,0.44117650000001163
51,191.02632150000025,49,0.44117650000001163
51,191.02632150000025,49,0.44117650000001163
60,191.46749800000026,62,0.8823530000000233
56,191.46749800000026,49,0.44117650000001163
52,191.90867450000027,75,0.29411766666666495
44,191.90867450000027,49,0.8823530000000233
54,192.20279216666694,49,0.2904411958333526
58,192.34985100000029,62,0.44117650000001163
52,192.4932333625003,49,0.2977941375000057
61,192.7910275000003,88,0.44117650000001163
51,192.7910275000003,49,0.44117650000001163
51,192.7910275000003,49,0.44117650000001163
60,193.2322040000003,62,0.9250475000000051
56,193.2322040000003,49,0.44117650000001163
52,193.67338050000032,75,0.32258066666665286
49,193.67338050000032,49,0.967741999999987
54,193.99596116666697,49,0.31854840833332787
58,194.1572515000003,62,0.4838709999999935
56,194.1572515000003,49,0.4838709999999935
52,194.3145095750003,49,0.32661292500000627
51,194.3991870000003,62,0.7776497500000232
61,194.6411225000003,62,0.5357142500000123
44,194.6411225000003,49,1.0714285000000245
60,195.17683675000032,62,0.5357142500000123
58,195.17683675000032,49,1.735714250000001
61,195.71255100000033,62,0.5999999999999943
51,195.71255100000033,49,0.4000000000000057
53,196.11255100000034,49,0.3949999999999818
60,196.31255100000033,62,0.5999999999999943
51,196.50755100000032,49,0.40500000000000114
51,196.6125510000003,62,0.30000000000001137
61,196.91255100000032,62,0.7142857499999877
44,196.91255100000032,49,1.4285714999999755
60,197.6268367500003,62,0.7142857499999877
56,197.6268367500003,49,1.5476189999999974
58,198.3411225000003,62,0.8333332500000097
51,198.3411225000003,49,1.6666665000000194
60,199.1744557500003,62,0.8333332500000097
54,199.1744557500003,49,0.8333332500000097
37,199.5911223750003,49,0.9005376249999983
44,199.5911223750003,49,0.9005376249999983
61,200.00778900000032,62,0.967741999999987
53,200.00778900000032,49,0.4838709999999935
56,200.4916600000003,49,0.4838709999999935
44,200.4916600000003,49,1.0195852500000058
56,200.4916600000003,49,0.4838709999999935
60,200.9755310000003,62,0.5357142500000123
53,200.9755310000003,49,0.5357142500000123
61,201.51124525000031,62,0.5357142500000123
56,201.51124525000031,49,0.0
56,201.51124525000031,49,0.5357142500000123
63,202.04695950000033,88,2.9411765000000116
60,202.04695950000033,49,2.9411765000000116
54,202.04695950000033,49,0.625
56,202.67195950000033,49,0.625
44,202.67195950000033,49,1.25
56,202.67195950000033,49,0.625
54,203.29695950000033,49,0.625
56,203.92195950000033,49,0.0
44,203.92195950000033,49,0.625
56,203.92195950000033,49,0.625
54,204.54695950000033,49,0.44117650000001163
44,204.54695950000033,49,0.44117650000001163
65,204.98813600000034,88,0.44117650000001163
60,204.98813600000034,49,0.44117650000001163
56,204.98813600000034,49,0.44117650000001163
56,204.98813600000034,49,0.44117650000001163
65,205.42931250000035,88,0.44117650000001163
60,205.42931250000035,49,0.8823530000000233
54,205.42931250000035,49,0.44117650000001163
63,205.87048900000036,62,0.44117650000001163
56,205.87048900000036,49,0.0
56,205.87048900000036,49,0.44117650000001163
65,206.31166550000037,88,2.2058825000000866
61,206.31166550000037,49,2.647059000000098
53,206.31166550000037,49,0.44117650000001163
56,206.75284200000038,49,0.44117650000004005
44,206.75284200000038,49,0.44117650000004005
56,206.75284200000038,49,0.44117650000004005
37,206.89990083333373,49,0.735294166666705
44,207.04695966666708,49,0.14705883333334668
53,207.19401850000042,49,0.44117650000001163
53,207.19401850000042,49,0.44117650000001163
56,207.63519500000044,49,0.44117650000001163
44,207.63519500000044,49,0.44117650000001163
56,207.63519500000044,49,0.44117650000001163
53,208.07637150000045,49,0.44117650000001163
49,208.07637150000045,49,0.44117650000001163
66,208.51754800000046,88,0.44117650000001163
56,208.51754800000046,49,0.44117650000001163
56,208.51754800000046,49,0.44117650000001163
66,208.95872450000047,88,0.44117650000001163
61,208.95872450000047,49,0.8823530000000233
53,208.95872450000047,49,0.44117650000001163
65,209.39990100000048,62,0.44117650000001163
56,209.39990100000048,49,0.0
56,209.39990100000048,49,0.44117650000001163
70,209.8410775000005,88,1.3235295000000349
60,209.8410775000005,49,1.3235295000000349
66,209.8410775000005,49,1.3235295000000349
56,210.2822540000005,49,0.44117650000001163
51,210.2822540000005,49,0.44117650000001163
56,210.2822540000005,49,0.44117650000001163
54,210.72343050000052,49,0.44117650000001163
44,210.72343050000052,49,0.44117650000001163
54,210.72343050000052,49,0.44117650000001163
68,211.16460700000053,62,0.44117650000001163
60,211.16460700000053,49,0.44117650000001163
56,211.16460700000053,49,0.44117650000001163
56,211.16460700000053,49,0.44117650000001163
66,211.60578350000054,62,0.44117650000001163
61,211.60578350000054,49,0.8823530000000233
65,212.04696000000055,62,0.44117650000001163
56,212.04696000000055,49,0.44117650000001163
56,212.04696000000055,49,0.44117650000001163
60,212.48813650000056,62,0.44117650000001163
53,212.48813650000056,49,0.44117650000001163
49,212.48813650000056,49,0.44117650000001163
61,212.92931300000058,62,0.44117650000001163
56,212.92931300000058,49,0.44117650000001163
56,212.92931300000058,49,0.44117650000001163
63,213.3704895000006,88,2.205882500000058
58,213.3704895000006,49,0.44117650000001163
54,213.3704895000006,49,0.44117650000001163
60,213.8116660000006,49,0.44117650000001163
56,213.8116660000006,49,0.44117650000001163
56,213.8116660000006,49,0.44117650000001163
58,214.2528425000006,49,0.44117650000001163
54,214.2528425000006,49,0.44117650000001163
44,214.2528425000006,49,0.44117650000001163
60,214.69401900000062,49,0.44117650000001163
56,214.69401900000062,49,0.44117650000001163
56,214.69401900000062,49,0.44117650000001163
54,215.13519550000063,49,0.44117650000001163
58,215.13519550000063,49,0.44117650000001163
44,215.13519550000063,49,0.44117650000001163
65,215.57637200000065,88,0.44117650000001163
68,215.57637200000065,49,0.8823530000000233
60,215.57637200000065,49,0.44117650000001163
56,215.57637200000065,75,0.8823530000000233
65,216.01754850000066,62,0.44117650000001163
54,216.01754850000066,49,0.44117650000001163
58,216.01754850000066,49,0.44117650000001163
63,216.45872500000067,62,0.44117650000001163
68,216.45872500000067,49,0.44117650000001163
60,216.45872500000067,49,0.44117650000001163
56,216.45872500000067,49,0.44117650000001163
61,216.89990150000068,62,1.7647060000000465
53,216.89990150000068,49,0.44117650000001163
49,216.89990150000068,49,0.44117650000001163
56,217.3410780000007,49,0.44117650000001163
44,217.3410780000007,49,0.44117650000001163
56,217.3410780000007,49,0.44117650000001163
53,217.7822545000007,49,0.44117650000001163
37,217.7822545000007,49,0.44117650000001163
44,217.7822545000007,49,0.44117650000001163
53,217.7822545000007,49,0.44117650000001163
56,218.22343100000072,49,0.44117650000001163
44,218.22343100000072,49,0.44117650000001163
56,218.22343100000072,49,0.44117650000001163
68,218.66460750000073,75,0.44117650000001163
59,218.66460750000073,62,0.44117650000001163
63,218.66460750000073,62,0.44117650000001163
70,219.10578400000074,101,0.4411764999999832
73,219.10578400000074,62,0.8823529999999948
61,219.10578400000074,62,0.4411764999999832
65,219.10578400000074,62,0.4411764999999832
49,219.21607812500073,75,0.772058874999999
59,219.32637225000073,75,0.6617647500000032
63,219.43666637500073,75,0.5514706250000074
70,219.54696050000072,75,0.44117650000001163
68,219.98813700000073,75,0.44117650000001163
73,219.98813700000073,62,0.44117650000001163
61,219.98813700000073,62,0.44117650000001163
65,219.98813700000073,62,0.44117650000001163
66,220.42931350000075,75,0.44117650000001163
58,220.42931350000075,62,0.44117650000001163
54,220.42931350000075,62,0.8823530000000233
68,220.87049000000076,75,0.44117650000001163
73,220.87049000000076,62,0.8823530000000233
61,220.87049000000076,62,0.44117650000001163
65,221.31166650000077,75,0.44117650000001163
58,221.31166650000077,62,0.44117650000001163
54,221.31166650000077,62,0.44117650000001163
66,221.75284300000078,75,0.44117650000001163
58,221.75284300000078,62,0.44117650000001163
53,221.75284300000078,62,0.44117650000001163
72,222.1940195000008,75,0.44117650000001163
66,222.1940195000008,62,0.44117650000001163
51,222.1940195000008,62,0.8823529999999948
58,222.1940195000008,62,0.8823529999999948
73,222.6351960000008,101,0.4411764999999832
63,222.6351960000008,62,0.4411764999999832
66,222.6351960000008,62,0.4411764999999832
53,222.7454901250008,75,0.772058874999999
57,222.8557842500008,75,0.6617647500000032
63,222.9660783750008,75,0.1102941249999958
73,223.0763725000008,75,0.44117650000001163
72,223.5175490000008,75,0.44117650000004005
65,223.5175490000008,62,0.44117650000004005
77,223.5175490000008,62,0.44117650000004005
46,223.66460783333414,62,1.1764706666667166
53,223.8116666666675,62,1.02941183333337
70,223.95872550000084,75,0.44117650000001163
61,223.95872550000084,62,0.8823530000000233
72,224.39990200000085,75,0.44117650000001163
65,224.39990200000085,62,0.8823530000000233
69,224.84107850000086,75,0.44117650000001163
61,224.84107850000086,62,0.8823530000000517
70,225.28225500000087,75,0.44117650000004005
65,225.28225500000087,62,0.44117650000004005
46,225.42931383333422,88,2.0588236666667683
51,225.57637266666757,88,1.9117648333334216
73,225.7234315000009,101,0.44117650000001163
61,225.7234315000009,62,0.0
63,225.7234315000009,62,0.44117650000001163
67,225.7234315000009,62,0.44117650000001163
55,225.7234315000009,88,1.764706000000075
75,226.16460800000092,101,0.44117650000001163
61,226.16460800000092,62,0.44117650000001163
63,226.16460800000092,62,0.44117650000001163
67,226.16460800000092,62,0.44117650000001163
72,226.60578450000094,101,0.44117650000001163
61,226.60578450000094,62,0.44117650000001163
63,226.60578450000094,62,0.44117650000001163
67,226.60578450000094,62,0.44117650000001163
73,227.04696100000095,101,0.44117650000004005
61,227.04696100000095,62,0.44117650000004005
63,227.04696100000095,62,0.44117650000004005
67,227.04696100000095,62,0.44117650000004005
45,227.1940198333343,88,2.376470666666677
51,227.34107866666764,88,0.14705883333334668
75,227.488137500001,101,0.44117650000001163
61,227.488137500001,62,0.44117650000001163
63,227.488137500001,62,0.44117650000001163
67,227.488137500001,62,0.44117650000001163
54,227.488137500001,88,2.0823529999999835
73,227.929314000001,101,0.44117650000001163
77,227.929314000001,101,0.44117650000001163
65,227.929314000001,62,0.44117650000001163
67,227.929314000001,62,0.44117650000001163
73,228.370490500001,114,0.5999999999999943
61,228.370490500001,75,0.5999999999999943
63,228.370490500001,75,0.5999999999999943
67,228.370490500001,75,0.5999999999999943
73,228.970490500001,114,0.5999999999999659
75,228.970490500001,114,0.5999999999999659
63,228.970490500001,75,0.5999999999999659
67,228.970490500001,75,0.5999999999999659
73,228.970490500001,75,0.5999999999999659
65,229.170490500001,114,1.7235295000000121
44,229.170490500001,75,2.1647060000000238
68,229.37049050000098,114,1.0823530000000119
53,229.37049050000098,75,1.5235295000000235
77,229.57049050000097,114,2.205882500000058
61,229.57049050000097,75,0.8823530000000233
56,230.01166700000098,75,0.44117650000001163
61,230.01166700000098,75,0.44117650000001163
68,230.01166700000098,75,0.44117650000001163
53,230.452843500001,75,0.44117650000001163
61,230.452843500001,75,0.44117650000001163
65,230.452843500001,75,0.44117650000001163
56,230.894020000001,75,0.44117650000001163
61,230.894020000001,75,0.44117650000001163
68,230.894020000001,75,0.44117650000001163
44,231.33519650000102,62,0.0
53,231.33519650000102,62,0.0
61,231.33519650000102,62,0.0
75,231.77637300000103,75,0.44117650000001163
65,231.77637300000103,62,0.44117650000001163
68,231.77637300000103,62,0.44117650000001163
73,232.21754950000104,62,0.44117650000001163
61,232.21754950000104,49,0.44117650000001163
65,232.21754950000104,49,0.44117650000001163
70,232.65872600000105,62,0.44117650000001163
65,232.65872600000105,49,0.44117650000001163
68,232.65872600000105,49,0.44117650000001163
72,233.09990250000106,88,1.764706000000075
60,233.09990250000106,49,0.44117650000001163
63,233.09990250000106,49,0.44117650000001163
51,233.54107900000108,62,0.44117650000001163
56,233.54107900000108,62,0.44117650000001163
63,233.54107900000108,62,0.44117650000001163
44,233.9822555000011,62,0.44117650000001163
51,233.9822555000011,62,0.44117650000001163
60,233.9822555000011,62,0.44117650000001163
51,234.4234320000011,62,0.44117650000004005
56,234.4234320000011,62,0.44117650000004005
63,234.4234320000011,62,0.44117650000004005
61,234.57049083333445,62,0.735294166666705
46,234.57049083333445,62,2.05882366666674
45,234.64402025000112,62,0.22058825000002003
54,234.64402025000112,62,0.22058825000002003
65,234.7175496666678,62,0.5882353333333583
53,234.7175496666678,62,1.9117648333333932
73,234.86460850000114,62,0.44117650000001163
61,234.86460850000114,62,0.44117650000001163
72,235.30578500000115,62,0.44117650000001163
61,235.30578500000115,49,0.44117650000001163
65,235.30578500000115,49,0.44117650000001163
70,235.74696150000116,62,0.44117650000001163
58,235.74696150000116,49,0.44117650000001163
61,235.74696150000116,49,0.44117650000001163
65,236.18813800000117,62,0.44117650000001163
61,236.18813800000117,49,0.44117650000001163
68,236.6293145000012,88,1.764706000000075
56,236.6293145000012,49,0.44117650000001163
60,236.6293145000012,49,0.44117650000001163
48,237.0704910000012,62,0.44117650000001163
53,237.0704910000012,62,0.44117650000001163
60,237.0704910000012,62,0.44117650000001163
41,237.5116675000012,62,0.44117650000001163
51,237.5116675000012,62,0.44117650000001163
50,237.95284400000122,62,0.44117650000004005
56,237.95284400000122,62,0.44117650000004005
59,237.95284400000122,62,0.44117650000004005
58,238.09990283333457,62,0.735294166666705
42,238.17343225000124,62,1.9852942500000665
61,238.24696166666791,62,0.5882353333333583
70,238.39402050000126,62,0.44117650000001163
49,238.39402050000126,62,1.7647060000000465
68,238.83519700000127,62,0.44117650000001163
58,238.83519700000127,49,0.44117650000001163
61,238.83519700000127,49,0.44117650000001163
66,239.27637350000128,62,0.44117650000001163
54,239.27637350000128,49,0.44117650000001163
58,239.27637350000128,49,0.44117650000001163
61,239.7175500000013,62,0.44117650000001163
58,239.7175500000013,49,0.44117650000001163
65,240.1587265000013,88,2.205882500000058
53,240.1587265000013,62,0.44117650000001163
56,240.1587265000013,62,0.44117650000001163
44,240.59990300000132,62,0.44117650000001163
49,240.59990300000132,62,0.44117650000001163
56,240.59990300000132,62,0.44117650000001163
37,241.04107950000133,62,0.44117650000001163
44,241.04107950000133,62,0.44117650000001163
53,241.04107950000133,62,0.44117650000001163
44,241.48225600000134,62,0.44117650000001163
49,241.48225600000134,62,0.44117650000001163
56,241.48225600000134,62,0.44117650000001163
42,241.92343250000135,75,1.7647060000000465
49,241.92343250000135,75,1.7647060000000465
57,241.92343250000135,75,1.7647060000000465
63,242.36460900000137,62,0.44117650000001163
54,242.36460900000137,62,0.44117650000001163
61,242.80578550000138,62,0.44117650000001163
51,242.80578550000138,62,0.44117650000001163
57,243.2469620000014,62,0.44117650000001163
54,243.2469620000014,62,0.44117650000001163
65,243.6881385000014,75,2.205882500000058
53,243.6881385000014,62,0.44117650000001163
56,243.6881385000014,62,0.44117650000001163
44,244.1293150000014,62,0.44117650000001163
49,244.1293150000014,62,0.44117650000001163
56,244.1293150000014,62,0.44117650000001163
37,244.57049150000142,62,0.44117650000001163
44,244.57049150000142,62,0.44117650000001163
53,244.57049150000142,62,0.44117650000001163
44,245.01166800000144,62,0.44117650000001163
49,245.01166800000144,62,0.44117650000001163
56,245.01166800000144,62,0.44117650000001163
42,245.45284450000145,75,1.7647060000000465
49,245.45284450000145,75,1.7647060000000465
57,245.45284450000145,75,1.7647060000000465
63,245.89402100000146,49,0.44117650000001163
54,245.89402100000146,62,0.44117650000001163
61,246.33519750000147,49,0.44117650000001163
51,246.33519750000147,62,0.44117650000001163
57,246.77637400000148,49,0.44117650000001163
54,246.77637400000148,62,0.44117650000001163
65,247.2175505000015,75,8.216761500000018
53,247.2175505000015,62,0.44117650000001163
56,247.2175505000015,62,0.44117650000001163
44,247.6587270000015,62,0.44117650000001163
49,247.6587270000015,62,0.44117650000001163
56,247.6587270000015,62,0.44117650000001163
37,248.09990350000152,62,0.4838709999999935
44,248.09990350000152,62,0.4838709999999935
53,248.09990350000152,62,0.4838709999999935
44,248.5837745000015,62,0.4838709999999935
49,248.5837745000015,62,0.4838709999999935
56,248.5837745000015,62,0.4838709999999935
49,249.0676455000015,62,0.5357142500000123
53,249.0676455000015,62,0.5357142500000123
44,249.60335975000152,62,0.5357142500000123
56,249.60335975000152,62,0.5357142500000123
37,250.13907400000153,62,0.5999999999999943
44,250.13907400000153,62,0.5999999999999943
53,250.13907400000153,62,0.5999999999999943
44,250.73907400000152,62,0.5999999999999943
49,250.73907400000152,62,0.5999999999999943
56,250.73907400000152,62,0.5999999999999943
49,251.33907400000152,62,0.7142857499999877
53,251.33907400000152,62,0.7142857499999877
44,252.0533597500015,62,0.7142857499999877
56,252.0533597500015,62,0.7142857499999877
37,252.7676455000015,62,0.8333332500000097
44,252.7676455000015,62,0.8333332500000097
53,252.7676455000015,62,0.8333332500000097
44,253.6009787500015,62,0.8333332500000097
49,253.6009787500015,62,0.8333332500000097
56,253.6009787500015,62,0.8333332500000097
49,254.4343120000015,62,1.0
53,254.4343120000015,62,1.0
63,255.4343120000015,75,0.19166666666666288
53,255.4343120000015,62,1.0
56,255.4343120000015,62,1.0
61,256.4343120000015,75,0.23958333333331439
49,256.4343120000015,62,1.25
53,256.4343120000015,62,1.25
49,257.6843120000015,49,0.0
56,257.6843120000015,49,0.23958333333331439
53,257.6843120000015,62,1.25
56,257.6843120000015,62,0.23958333333331439
53,258.3093120000015,75,0.625
37,258.3093120000015,62,5.625
61,258.9343120000015,75,10.0
44,258.9343120000015,62,5.0
