37,0,49,1.7345444062499997
44,0,49,1.7345444062499997
61,0.28345781249999996,62,0.29166659375
65,0.28345781249999996,62,0.29166659375
56,0.43019690624999996,49,0.43478249999999996
61,0.5751244062499999,62,0.289855
65,0.5751244062499999,62,0.289855
61,0.8649794062499999,62,0.28804340625
65,0.8649794062499999,62,0.28804340625
55,0.8649794062499999,49,0.43478249999999996
61,1.1530228125,62,0.2916665937499998
63,1.1530228125,62,0.2916665937499998
54,1.2997619062499999,49,0.43478249999999985
60,1.4446894062499998,62,0.289855
63,1.4446894062499998,62,0.289855
56,1.7345444062499997,62,0.28804340625000013
63,1.7345444062499997,62,0.28804340625000013
54,1.7345444062499997,49,0.43478250000000007
49,1.7345444062499997,49,1.73913
58,2.0225878125,62,0.29166659375000004
61,2.0225878125,62,0.29166659375000004
53,2.16932690625,49,0.4347825000000003
56,2.31425440625,62,0.2898550000000002
61,2.31425440625,62,0.2898550000000002
51,2.60410940625,62,0.2880434062499999
61,2.60410940625,62,0.2880434062499999
46,2.60410940625,49,0.43478249999999985
53,2.8921528125,62,0.29166659375000004
56,2.8921528125,62,0.29166659375000004
48,3.03889190625,49,0.43478249999999985
44,3.18381940625,62,0.28985499999999975
54,3.18381940625,62,0.28985499999999975
56,3.18381940625,62,0.28985499999999975
44,3.47367440625,49,0.43478249999999985
37,3.47367440625,49,1.7391299999999994
44,3.47367440625,49,0.43478249999999985
54,3.7617178124999997,62,0.2916665937499996
56,3.7617178124999997,62,0.2916665937499996
61,3.7617178124999997,62,0.2916665937499996
44,3.9084569062499996,49,0.43478249999999985
53,4.053384406249999,62,0.2898550000000002
56,4.053384406249999,62,0.2898550000000002
61,4.053384406249999,62,0.2898550000000002
60,4.3432394062499995,62,0.2880434062499999
61,4.3432394062499995,62,0.2880434062499999
56,4.3432394062499995,49,0.43478249999999985
58,4.631282812499999,62,0.2916665937499996
63,4.631282812499999,62,0.2916665937499996
54,4.778021906249999,49,0.43478249999999985
60,4.922949406249999,62,0.2898550000000002
63,4.922949406249999,62,0.2898550000000002
63,5.212804406249999,62,0.2880434062499999
58,5.212804406249999,49,0.43478249999999985
49,5.212804406249999,49,1.7391299999999994
63,5.500847812499999,62,0.2916665937499996
65,5.500847812499999,62,0.2916665937499996
56,5.647586906249999,49,0.43478249999999985
61,5.792514406249999,62,0.2898550000000002
65,5.792514406249999,62,0.2898550000000002
65,6.082369406249999,62,0.05615940624999993
61,6.082369406249999,49,0.43478249999999985
60,6.370412812499999,62,0.05797100000000022
63,6.370412812499999,62,0.05797100000000022
66,6.370412812499999,62,0.05797100000000022
61,6.517151906249999,49,0.43478249999999985
59,6.662079406249998,62,0.05797100000000022
65,6.662079406249998,62,0.05797100000000022
68,6.662079406249998,62,0.05797100000000022
42,6.951934406249999,49,1.7391299999999994
49,6.951934406249999,49,1.7391299999999994
66,7.2399778124999985,62,0.2916665937499996
70,7.2399778124999985,62,0.2916665937499996
61,7.386716906249998,49,0.43478249999999985
66,7.531644406249998,62,0.2898550000000002
70,7.531644406249998,62,0.2898550000000002
66,7.821499406249998,62,0.2880434062500008
70,7.821499406249998,62,0.2880434062500008
60,7.821499406249998,49,0.43478250000000074
66,8.109542812499999,62,0.2916665937499996
68,8.109542812499999,62,0.2916665937499996
59,8.256281906249999,49,0.43478249999999896
65,8.401209406249999,62,0.2898549999999993
68,8.401209406249999,62,0.2898549999999993
61,8.691064406249998,62,0.2880434062500008
68,8.691064406249998,62,0.2880434062500008
59,8.691064406249998,49,0.43478250000000074
54,8.691064406249998,49,1.7391299999999994
63,8.979107812499999,62,0.2916665937499996
66,8.979107812499999,62,0.2916665937499996
58,9.125846906249999,49,0.43478249999999896
61,9.270774406249998,62,0.2898549999999993
66,9.270774406249998,62,0.2898549999999993
56,9.560629406249998,62,0.2880434062500008
66,9.560629406249998,62,0.2880434062500008
51,9.560629406249998,49,0.43478250000000074
58,9.848672812499998,62,0.2916665937499996
61,9.848672812499998,62,0.2916665937499996
53,9.995411906249998,49,0.43478249999999896
49,10.140339406249998,62,0.2898549999999993
59,10.140339406249998,62,0.2898549999999993
61,10.140339406249998,62,0.2898549999999993
49,10.430194406249997,49,0.43478250000000074
42,10.430194406249997,49,1.7391299999999994
49,10.430194406249997,49,0.43478250000000074
61,10.718237812499998,62,0.2916665937499996
66,10.718237812499998,62,0.2916665937499996
59,10.718237812499998,49,0.2916665937499996
49,10.864976906249998,49,0.43478249999999896
61,11.009904406249998,62,0.2898549999999993
66,11.009904406249998,62,0.2898549999999993
58,11.009904406249998,49,0.2898549999999993
65,11.299759406249997,62,0.2880434062500008
66,11.299759406249997,62,0.2880434062500008
61,11.299759406249997,49,0.43478250000000074
63,11.587802812499998,62,0.2916665937499996
68,11.587802812499998,62,0.2916665937499996
59,11.734541906249998,49,0.43478249999999896
65,11.879469406249997,62,0.2898549999999993
68,11.879469406249997,62,0.2898549999999993
68,12.169324406249997,62,0.2880434062500008
63,12.169324406249997,49,0.43478250000000074
54,12.169324406249997,49,0.8695649999999997
68,12.457367812499998,62,0.2916665937499996
70,12.457367812499998,62,0.2916665937499996
62,12.604106906249998,49,0.43478249999999896
65,12.749034406249997,62,0.2898549999999993
70,12.749034406249997,62,0.2898549999999993
66,13.038889406249996,62,0.05615940624999993
70,13.038889406249996,62,0.05615940624999993
62,13.038889406249996,49,0.8695650000000015
61,13.038889406249996,49,0.43478250000000074
66,13.326932812499997,62,0.05797100000000022
72,13.326932812499997,62,0.05797100000000022
51,13.473671906249997,49,0.43478250000000074
66,13.618599406249997,62,0.05797100000000022
70,13.618599406249997,62,0.05797100000000022
66,13.908454406249998,62,0.2880434062500008
68,13.908454406249998,62,0.2880434062500008
61,13.908454406249998,49,0.43478250000000074
56,13.908454406249998,49,0.8695649999999997
66,14.196497812499999,62,0.2916665937499996
68,14.196497812499999,62,0.2916665937499996
60,14.343236906249999,49,0.43478249999999896
66,14.488164406249998,62,0.2898549999999993
68,14.488164406249998,62,0.2898549999999993
58,14.778019406249998,49,0.43478250000000074
44,14.778019406249998,49,0.8695649999999997
51,14.778019406249998,49,0.8695649999999997
66,15.066062812499998,62,0.2916665937499996
70,15.066062812499998,62,0.2916665937499996
60,15.212801906249998,49,0.43478249999999896
66,15.357729406249998,75,0.2898549999999993
70,15.357729406249998,75,0.2898549999999993
65,15.647584406249997,75,0.2880434062500008
70,15.647584406249997,75,0.2880434062500008
60,15.647584406249997,49,0.43478250000000074
65,15.935627812499998,75,0.29166659375000137
68,15.935627812499998,75,0.29166659375000137
61,16.082366906249998,49,0.8695650000000015
65,16.22729440625,62,0.2898549999999993
68,16.22729440625,62,0.2898549999999993
37,16.51714940625,49,0.8695650000000015
49,16.51714940625,49,0.8695650000000015
63,16.8051928125,62,0.29166659375000137
66,16.8051928125,62,0.29166659375000137
56,16.95193190625,49,0.43478250000000074
61,17.09685940625,62,0.2898549999999993
65,17.09685940625,62,0.2898549999999993
63,17.38671440625,62,0.2880434062500008
65,17.38671440625,62,0.2880434062500008
58,17.38671440625,49,0.43478250000000074
63,17.6747578125,62,0.29166659375000137
65,17.6747578125,62,0.29166659375000137
57,17.82149690625,49,0.43478250000000074
63,17.966424406250002,62,0.2898549999999993
65,17.966424406250002,62,0.2898549999999993
56,18.256279406250002,49,0.43478250000000074
41,18.256279406250002,49,0.8695650000000015
48,18.256279406250002,49,0.8695650000000015
63,18.544322812500003,62,0.29166659375000137
66,18.544322812500003,62,0.29166659375000137
57,18.691061906250003,49,0.43478250000000074
63,18.835989406250004,75,0.2898549999999993
66,18.835989406250004,75,0.2898549999999993
61,19.125844406250003,75,0.2880434062500008
66,19.125844406250003,75,0.2880434062500008
57,19.125844406250003,49,0.43478250000000074
61,19.413887812500004,75,0.29166659375000137
65,19.413887812500004,75,0.29166659375000137
58,19.560626906250004,49,0.8695650000000015
61,19.705554406250005,62,0.2898549999999993
65,19.705554406250005,62,0.2898549999999993
42,19.995409406250005,49,0.8695650000000015
58,20.283452812500006,62,0.14673909374999994
63,20.283452812500006,62,0.29166659375000137
53,20.430191906250005,49,0.43478250000000074
58,20.575119406250007,62,0.2898549999999993
61,20.575119406250007,62,0.2898549999999993
61,20.864974406250006,75,0.2880434062500008
65,20.864974406250006,75,0.2880434062500008
56,20.864974406250006,49,0.43478250000000074
61,21.153017812500007,75,0.29166659375000137
63,21.153017812500007,75,0.29166659375000137
57,21.299756906250007,49,0.43478250000000074
61,21.44468440625001,62,0.2898549999999993
63,21.44468440625001,62,0.2898549999999993
58,21.734539406250008,49,0.43478250000000074
44,21.734539406250008,49,0.8695650000000015
54,21.734539406250008,49,0.8695650000000015
56,22.02258281250001,62,0.29166659375000137
65,22.02258281250001,62,0.29166659375000137
60,22.16932190625001,49,0.43478250000000074
54,22.31424940625001,62,0.2898549999999993
65,22.31424940625001,62,0.2898549999999993
49,22.49540878125001,49,0.543478125
60,22.60410440625001,75,0.0
65,22.60410440625001,75,0.2880434062500008
56,22.60410440625001,49,0.2880434062500008
58,22.89214781250001,75,0.29166659375000137
61,22.89214781250001,75,0.29166659375000137
58,22.89214781250001,49,0.29166659375000137
53,23.03888690625001,49,0.43478250000000074
56,23.18381440625001,62,0.2898549999999993
61,23.18381440625001,62,0.2898549999999993
57,23.47366940625001,49,0.43478250000000074
42,23.47366940625001,49,0.8695650000000015
49,23.47366940625001,49,0.8695650000000015
63,23.76171281250001,62,0.29166659375000137
65,23.76171281250001,62,0.29166659375000137
58,23.90845190625001,49,0.43478250000000074
61,24.053379406250013,62,0.2898549999999993
65,24.053379406250013,62,0.2898549999999993
61,24.343234406250012,75,0.2880434062500008
65,24.343234406250012,75,0.2880434062500008
56,24.343234406250012,49,0.43478250000000074
51,24.343234406250012,49,0.8695650000000015
61,24.631277812500013,75,0.29166659375000137
63,24.631277812500013,75,0.29166659375000137
57,24.778016906250013,49,0.43478250000000074
61,24.922944406250014,62,0.2898549999999993
63,24.922944406250014,62,0.2898549999999993
58,25.212799406250014,49,0.2880434062500008
54,25.212799406250014,49,0.43478250000000074
44,25.212799406250014,49,0.8695650000000015
65,25.500842812500014,62,0.29166659375000137
59,25.500842812500014,49,0.29166659375000137
54,25.647581906250014,49,0.43478250000000074
65,25.792509406250016,62,0.2898549999999993
60,25.792509406250016,49,0.2898549999999993
43,26.082364406250015,49,0.43478250000000074
37,26.082364406250015,49,1.739130000000003
53,26.370407812500016,49,0.29166659375000137
61,26.370407812500016,49,0.29166659375000137
44,26.517146906250016,49,0.43478250000000074
53,26.662074406250017,49,0.2898549999999993
61,26.662074406250017,49,0.2898549999999993
53,26.951929406250017,49,0.2880434062500008
61,26.951929406250017,49,0.2880434062500008
49,26.951929406250017,49,0.43478250000000074
53,27.239972812500017,49,0.29166659375000137
61,27.239972812500017,49,0.29166659375000137
47,27.386711906250017,49,0.43478250000000074
53,27.53163940625002,49,0.2898549999999993
61,27.53163940625002,49,0.2898549999999993
45,27.821494406250018,49,0.43478250000000074
33,27.821494406250018,49,3.478260000000006
45,27.821494406250018,49,0.43478250000000074
57,28.10953781250002,62,0.29166659375000137
61,28.10953781250002,62,0.29166659375000137
52,28.25627690625002,49,0.43478250000000074
57,28.40120440625002,62,0.2898549999999993
62,28.40120440625002,62,0.2898549999999993
57,28.69105940625002,62,0.2880434062500008
63,28.69105940625002,62,0.2880434062500008
49,28.69105940625002,49,0.43478250000000074
61,28.97910281250002,62,0.29166659375000137
64,28.97910281250002,62,0.29166659375000137
57,29.12584190625002,49,0.43478250000000074
61,29.27076940625002,62,0.2898549999999993
66,29.27076940625002,62,0.2898549999999993
57,29.56062440625002,62,0.0
61,29.56062440625002,62,0.2880434062500008
64,29.56062440625002,62,0.2880434062500008
56,29.56062440625002,49,0.43478250000000074
57,29.84866781250002,75,0.29166659375000137
61,29.84866781250002,75,0.29166659375000137
69,29.84866781250002,75,0.29166659375000137
54,29.99540690625002,49,0.43478250000000074
57,30.140334406250023,75,0.2898549999999993
61,30.140334406250023,75,0.2898549999999993
57,30.430189406250022,75,0.2880434062500008
61,30.430189406250022,75,0.2880434062500008
52,30.430189406250022,49,0.43478250000000074
57,30.718232812500023,62,0.29166659375000137
61,30.718232812500023,62,0.29166659375000137
68,30.718232812500023,62,0.29166659375000137
51,30.864971906250023,49,0.43478250000000074
57,31.009899406250025,62,0.2898549999999993
60,31.009899406250025,62,0.2898549999999993
66,31.009899406250025,62,0.2898549999999993
57,31.299754406250024,49,0.2880434062500008
59,31.299754406250024,49,0.2880434062500008
64,31.299754406250024,49,0.2880434062500008
52,31.299754406250024,49,0.43478250000000074
52,31.299754406250024,49,0.43478250000000074
57,31.587797812500025,49,0.29166659375000137
59,31.587797812500025,49,0.29166659375000137
64,31.587797812500025,49,0.29166659375000137
47,31.734536906250025,49,0.43478250000000074
40,31.734536906250025,49,1.3043475000000022
57,31.879464406250026,49,0.2898549999999993
59,31.879464406250026,49,0.2898549999999993
64,31.879464406250026,49,0.2898549999999993
57,32.169319406250025,49,0.28804340624999725
59,32.169319406250025,49,0.28804340624999725
64,32.169319406250025,49,0.28804340624999725
52,32.169319406250025,49,0.4347824999999972
57,32.45736281250002,49,0.29166659375000137
59,32.45736281250002,49,0.29166659375000137
64,32.45736281250002,49,0.29166659375000137
54,32.60410190625002,49,0.4347825000000043
57,32.749029406250024,49,0.28985500000000286
59,32.749029406250024,49,0.28985500000000286
64,32.749029406250024,49,0.28985500000000286
59,33.03888440625003,49,0.28804340624999725
64,33.03888440625003,49,0.28804340624999725
57,33.03888440625003,49,0.4347824999999972
59,33.326927812500024,49,0.29166659375000137
64,33.326927812500024,49,0.29166659375000137
56,33.473666906250024,49,0.4347825000000043
59,33.618594406250025,49,0.28985500000000286
64,33.618594406250025,49,0.28985500000000286
64,33.90844940625003,62,0.28804340624999725
54,33.90844940625003,49,0.28804340624999725
52,33.90844940625003,49,0.4347824999999972
62,34.196492812500026,62,0.29166659375000137
56,34.196492812500026,49,0.29166659375000137
47,34.343231906250026,49,0.4347825000000043
62,34.48815940625003,62,0.28985500000000286
56,34.48815940625003,49,0.28985500000000286
57,34.77801440625003,49,0.4347824999999972
60,34.77801440625003,49,0.4347824999999972
48,34.77801440625003,62,0.28804340624999725
48,35.06605781250003,62,0.29166659375000137
41,35.06605781250003,49,0.5815215937500042
57,35.21279690625003,49,0.4347825000000043
60,35.21279690625003,49,0.4347825000000043
52,35.35772440625003,75,0.28985500000000286
57,35.64757940625003,49,0.4347824999999972
60,35.64757940625003,49,0.4347824999999972
55,35.64757940625003,75,0.28804340624999725
53,35.93562281250003,62,0.29166659375000137
43,35.93562281250003,49,0.5815215937500042
58,36.08236190625003,49,0.4347825000000043
60,36.08236190625003,49,0.4347825000000043
52,36.22728940625003,62,0.28985500000000286
60,36.51714440625003,62,0.28804340624999725
53,36.51714440625003,62,0.28804340624999725
53,36.51714440625003,49,0.28804340624999725
45,36.51714440625003,49,0.4347824999999972
65,36.80518781250003,62,0.29166659375000137
60,36.80518781250003,62,0.29166659375000137
48,36.95192690625003,49,0.4347825000000043
57,37.09685440625003,75,0.28985500000000286
53,37.09685440625003,62,0.28985500000000286
57,37.386709406250034,75,0.28804340624999725
57,37.386709406250034,62,0.28804340624999725
53,37.386709406250034,49,0.4347824999999972
47,37.386709406250034,49,0.4347824999999972
64,37.67475281250003,75,0.29166659375000137
56,37.67475281250003,62,0.29166659375000137
53,37.82149190625003,49,0.4347825000000043
47,37.82149190625003,49,0.4347825000000043
62,37.96641940625003,62,0.28985500000000286
57,37.96641940625003,62,0.28985500000000286
53,38.256274406250036,49,0.0
58,38.256274406250036,49,0.28804340624999725
60,38.256274406250036,49,0.28804340624999725
48,38.256274406250036,62,0.4347824999999972
53,38.54431781250003,49,0.29166659375000137
58,38.54431781250003,49,0.29166659375000137
60,38.54431781250003,49,0.29166659375000137
43,38.69105690625003,62,0.4347825000000043
36,38.69105690625003,49,1.3043475000000058
53,38.835984406250034,49,0.28985500000000286
58,38.835984406250034,49,0.28985500000000286
60,38.835984406250034,49,0.28985500000000286
53,39.12583940625004,49,0.28804340624999725
58,39.12583940625004,49,0.28804340624999725
60,39.12583940625004,49,0.28804340624999725
48,39.12583940625004,75,0.4347824999999972
53,39.413882812500034,49,0.29166659375000137
58,39.413882812500034,49,0.29166659375000137
60,39.413882812500034,49,0.29166659375000137
50,39.560621906250034,75,0.4347825000000043
53,39.705549406250036,49,0.28985500000000286
58,39.705549406250036,49,0.28985500000000286
60,39.705549406250036,49,0.28985500000000286
58,39.99540440625004,49,0.28804340624999725
60,39.99540440625004,49,0.28804340624999725
53,39.99540440625004,75,0.4347824999999972
58,40.283447812500036,49,0.29166659375000137
60,40.283447812500036,49,0.29166659375000137
52,40.430186906250036,75,1.3043475000000058
58,40.57511440625004,49,0.28985500000000286
60,40.57511440625004,49,0.28985500000000286
57,40.86496940625004,49,0.28804340624999725
60,40.86496940625004,49,0.28804340624999725
48,40.86496940625004,49,0.4347824999999972
55,41.15301281250004,49,0.29166659375000137
58,41.15301281250004,49,0.29166659375000137
49,41.29975190625004,49,0.4347825000000043
55,41.44467940625004,49,0.28985500000000286
58,41.44467940625004,49,0.28985500000000286
55,41.73453440625004,49,0.28804340624999725
55,41.73453440625004,62,0.28804340624999725
53,41.73453440625004,62,0.4347824999999972
49,41.73453440625004,49,0.8695650000000015
61,42.02257781250004,49,0.29166659375000137
65,42.02257781250004,49,0.29166659375000137
56,42.16931690625004,62,0.4347825000000043
53,42.16931690625004,62,0.4347825000000043
61,42.31424440625004,49,0.28985500000000286
65,42.31424440625004,49,0.28985500000000286
61,42.60409940625004,75,0.4347824999999972
65,42.60409940625004,75,0.4347824999999972
57,42.60409940625004,62,0.4347824999999972
41,42.89214281250004,62,0.29166659375000137
49,42.89214281250004,62,0.29166659375000137
57,43.03888190625004,49,0.0
45,43.18380940625004,62,0.28985500000000286
53,43.18380940625004,62,0.28985500000000286
56,43.473664406250045,75,0.2545634770833374
56,43.473664406250045,62,0.2545634770833374
54,43.473664406250045,62,0.38272808958333826
50,43.473664406250045,62,0.762475089583333
62,43.72822788333338,75,0.25474694583333246
66,43.72822788333338,75,0.25474694583333246
57,43.85639249583338,62,0.3797469999999947
54,43.85639249583338,62,0.3797469999999947
62,43.982974829166714,75,0.25316466666666315
66,43.982974829166714,75,0.25316466666666315
62,44.23613949583338,101,0.37974700000000183
66,44.23613949583338,101,0.37974700000000183
58,44.23613949583338,62,0.37974700000000183
42,44.48772188333338,62,0.25474694583333246
50,44.48772188333338,62,0.25474694583333246
58,44.61588649583338,75,0.0
46,44.74246882916671,62,0.25316466666666315
54,44.74246882916671,62,0.25316466666666315
57,44.995633495833374,75,0.25158238750000095
57,44.995633495833374,62,0.25158238750000095
55,44.995633495833374,62,0.37974700000000183
51,44.995633495833374,62,0.7594939999999966
63,45.247215883333375,75,0.25474694583333246
67,45.247215883333375,75,0.25474694583333246
58,45.375380495833376,62,0.3797469999999947
55,45.375380495833376,62,0.3797469999999947
63,45.50196282916671,75,0.25316466666666315
67,45.50196282916671,75,0.25316466666666315
63,45.75512749583337,101,0.37974700000000183
67,45.75512749583337,101,0.37974700000000183
59,45.75512749583337,62,0.37974700000000183
43,46.00670988333337,62,0.25474694583333246
51,46.00670988333337,62,0.25474694583333246
59,46.13487449583337,75,0.0
47,46.261456829166704,62,0.25316466666666315
55,46.261456829166704,62,0.25316466666666315
58,46.51462149583337,75,0.25158238750000095
58,46.51462149583337,62,0.25158238750000095
56,46.51462149583337,62,0.37974700000000183
52,46.51462149583337,62,0.7594939999999966
64,46.76620388333337,75,0.25474694583333246
68,46.76620388333337,75,0.25474694583333246
59,46.89436849583337,62,0.3797469999999947
56,46.89436849583337,62,0.3797469999999947
64,47.0209508291667,75,0.25316466666666315
68,47.0209508291667,75,0.25316466666666315
68,47.274115495833364,101,0.37974700000000183
60,47.274115495833364,62,0.37974700000000183
64,47.274115495833364,62,0.37974700000000183
44,47.525697883333365,62,0.25474694583333246
51,47.525697883333365,62,0.25474694583333246
60,47.653862495833366,75,0.0
60,47.653862495833366,62,0.3797469999999947
52,47.7804448291667,62,0.25316466666666315
58,47.7804448291667,62,0.25316466666666315
60,48.03360949583336,62,0.0
60,48.03360949583336,49,0.25158238750000095
53,48.03360949583336,49,0.37974700000000183
56,48.03360949583336,49,0.37974700000000183
68,48.28519188333336,62,0.25474694583333246
53,48.41335649583336,49,0.3797469999999947
56,48.41335649583336,49,0.3797469999999947
68,48.539938829166694,62,0.25316466666666315
59,48.79310349583336,75,0.8617683041666666
51,48.79310349583336,49,0.4269858041666623
44,48.79310349583336,49,0.8617683041666666
58,49.07335020625002,62,0.29166659375000137
63,49.07335020625002,62,0.29166659375000137
51,49.22008930000002,49,0.4347825000000043
56,49.36501680000002,62,0.28985500000000286
63,49.36501680000002,62,0.28985500000000286
63,49.65487180000002,62,0.28804340624999725
58,49.65487180000002,75,0.8695650000000015
56,49.65487180000002,49,0.4347824999999972
51,49.65487180000002,49,0.8695650000000015
63,49.94291520625002,62,0.29166659375000137
67,49.94291520625002,62,0.29166659375000137
55,50.08965430000002,49,0.4347825000000043
63,50.23458180000002,62,0.28985500000000286
67,50.23458180000002,62,0.28985500000000286
58,50.524436800000025,75,0.8695650000000015
50,50.524436800000025,49,0.4347824999999972
43,50.524436800000025,49,0.8695650000000015
57,50.81248020625002,62,0.29166659375000137
62,50.81248020625002,62,0.29166659375000137
50,50.95921930000002,49,0.4347825000000043
55,51.104146800000024,62,0.28985500000000286
62,51.104146800000024,62,0.28985500000000286
57,51.39400180000003,62,0.28804340624999725
62,51.39400180000003,62,0.28804340624999725
57,51.39400180000003,75,0.28804340624999725
55,51.39400180000003,49,0.4347824999999972
50,51.39400180000003,49,0.8695650000000015
62,51.682045206250024,62,0.29166659375000137
65,51.682045206250024,62,0.29166659375000137
53,51.828784300000024,49,0.4347825000000043
62,51.973711800000025,62,0.28985500000000286
65,51.973711800000025,62,0.28985500000000286
59,52.26356680000003,75,0.4347824999999972
45,52.26356680000003,49,0.8695650000000015
55,52.551610206250025,62,0.29166659375000137
64,52.551610206250025,62,0.29166659375000137
61,52.698349300000025,75,0.4347825000000043
55,52.84327680000003,62,0.28985500000000286
64,52.84327680000003,62,0.28985500000000286
55,53.13313180000003,62,0.28804340625000435
64,53.13313180000003,62,0.28804340625000435
64,53.13313180000003,75,0.28804340625000435
50,53.13313180000003,49,0.08514490625000093
57,53.421175206250034,62,0.29166659375000137
65,53.421175206250034,62,0.29166659375000137
53,53.567914300000034,49,0.08514490625000093
62,53.712841800000035,62,0.28985500000000286
65,53.712841800000035,62,0.28985500000000286
62,54.00269680000004,62,0.056159406250003485
65,54.00269680000004,62,0.056159406250003485
57,54.00269680000004,49,0.08514490625000093
65,54.29074020625004,62,0.05797100000000199
67,54.29074020625004,62,0.05797100000000199
62,54.43747930000004,49,0.08514490625000093
65,54.582406800000044,62,0.05797100000000199
69,54.582406800000044,62,0.05797100000000199
61,54.87226180000005,49,0.4347824999999972
46,54.87226180000005,49,1.739130000000003
53,54.87226180000005,49,1.739130000000003
65,55.160305206250044,62,0.29166659375000137
70,55.160305206250044,62,0.29166659375000137
61,55.307044300000044,49,0.4347825000000043
65,55.451971800000045,62,0.28985500000000286
70,55.451971800000045,62,0.28985500000000286
65,55.74182680000005,62,0.28804340624999725
70,55.74182680000005,62,0.28804340624999725
60,55.74182680000005,49,0.4347824999999972
61,56.029870206250045,62,0.29166659375000137
65,56.029870206250045,62,0.29166659375000137
58,56.176609300000045,49,0.4347825000000043
61,56.32153680000005,62,0.28985500000000286
65,56.32153680000005,62,0.28985500000000286
60,56.61139180000005,62,0.28804340624999725
65,56.61139180000005,62,0.28804340624999725
58,56.61139180000005,49,0.4347824999999972
53,56.61139180000005,49,0.8695650000000015
60,56.89943520625005,62,0.29166659375000137
68,56.89943520625005,62,0.29166659375000137
56,57.04617430000005,49,0.4347825000000043
60,57.19110180000005,62,0.28985500000000286
68,57.19110180000005,62,0.28985500000000286
59,57.48095680000005,75,0.8695650000000015
51,57.48095680000005,49,0.4347824999999972
44,57.48095680000005,49,0.8695650000000015
58,57.76900020625005,62,0.29166659375000137
63,57.76900020625005,62,0.29166659375000137
51,57.91573930000005,49,0.4347825000000043
56,58.06066680000005,62,0.28985500000000286
63,58.06066680000005,62,0.28985500000000286
58,58.35052180000005,62,0.28804340624999725
63,58.35052180000005,62,0.28804340624999725
58,58.35052180000005,75,0.28804340624999725
56,58.35052180000005,49,0.4347824999999972
51,58.35052180000005,49,0.8695650000000015
63,58.63856520625005,62,0.29166659375000137
66,58.63856520625005,62,0.29166659375000137
54,58.78530430000005,49,0.4347825000000043
63,58.93023180000005,62,0.28985500000000286
66,58.93023180000005,62,0.28985500000000286
60,59.220086800000054,75,0.4347824999999972
46,59.220086800000054,49,0.8695650000000015
46,59.220086800000054,49,0.8695650000000015
56,59.50813020625005,62,0.29166659375000137
65,59.50813020625005,62,0.29166659375000137
62,59.65486930000005,75,0.4347825000000043
56,59.79979680000005,62,0.28985500000000286
65,59.79979680000005,62,0.28985500000000286
56,60.089651800000055,62,0.28804340624999725
65,60.089651800000055,62,0.28804340624999725
58,60.089651800000055,75,0.8695650000000015
51,60.089651800000055,49,0.4347824999999972
54,60.37769520625005,62,0.29166659375000137
66,60.37769520625005,62,0.29166659375000137
49,60.52443430000005,49,0.4347825000000043
54,60.669361800000054,62,0.28985500000000286
63,60.669361800000054,62,0.28985500000000286
54,60.95921680000006,62,0.28804340624999725
63,60.95921680000006,62,0.28804340624999725
58,60.95921680000006,49,0.4347824999999972
48,60.95921680000006,49,0.8695650000000015
63,61.247260206250054,62,0.05797100000000199
65,61.247260206250054,62,0.05797100000000199
58,61.393999300000054,49,0.4347825000000043
63,61.538926800000056,62,0.05797100000000199
66,61.538926800000056,62,0.05797100000000199
63,61.82878180000006,75,0.28804340624999725
66,61.82878180000006,75,0.28804340624999725
57,61.82878180000006,49,0.4347824999999972
53,61.82878180000006,49,0.8695650000000015
63,62.116825206250056,75,0.29166659375000137
65,62.116825206250056,75,0.29166659375000137
57,62.263564300000056,49,0.4347825000000043
63,62.40849180000006,62,0.28985500000000286
65,62.40849180000006,62,0.28985500000000286
56,62.69834680000006,49,0.4347824999999972
41,62.69834680000006,49,0.8695650000000015
48,62.69834680000006,49,0.8695650000000015
63,62.98639020625006,62,0.29166659375000137
66,62.98639020625006,62,0.29166659375000137
57,63.13312930000006,49,0.4347825000000043
63,63.27805680000006,75,0.28985500000000286
66,63.27805680000006,75,0.28985500000000286
61,63.56791180000006,75,0.28804340624999725
66,63.56791180000006,75,0.28804340624999725
57,63.56791180000006,49,0.4347824999999972
53,63.56791180000006,49,0.8695649999999944
61,63.85595520625006,75,0.29166659374999426
65,63.85595520625006,75,0.29166659374999426
58,64.00269430000006,49,0.4347824999999972
61,64.14762180000005,62,0.28985500000000286
65,64.14762180000005,62,0.28985500000000286
49,64.43747680000006,49,0.4347824999999972
41,64.43747680000006,49,0.8695649999999944
49,64.43747680000006,49,0.4347824999999972
61,64.72552020625005,62,0.29166659374999426
66,64.72552020625005,62,0.29166659374999426
58,64.87225930000005,49,0.4347824999999972
61,65.01718680000005,75,0.28985500000000286
66,65.01718680000005,75,0.28985500000000286
61,65.30704180000005,75,0.28804340624999725
66,65.30704180000005,75,0.28804340624999725
58,65.30704180000005,49,0.4347824999999972
53,65.30704180000005,49,1.8655185000000074
66,65.59508520625005,75,0.2982542604166696
70,65.59508520625005,75,0.2982542604166696
61,65.74182430000005,49,0.45454550000000893
66,65.89333946666672,75,0.3030303333333393
70,65.89333946666672,75,0.3030303333333393
66,66.19636980000006,75,0.31547620624999695
70,66.19636980000006,75,0.31547620624999695
61,66.19636980000006,49,0.4761905000000013
65,66.51184600625005,75,0.32738096041667575
69,66.51184600625005,75,0.32738096041667575
60,66.67256030000006,49,0.5
65,66.83922696666673,75,0.3333333333333286
69,66.83922696666673,75,0.3333333333333286
69,67.17256030000006,75,0.35491085625000096
60,67.17256030000006,49,1.1017519999999905
53,67.17256030000006,49,0.5357144999999974
57,67.52747115625006,75,0.3694828104166561
65,67.52747115625006,75,0.3694828104166561
53,67.70827480000005,49,0.5660374999999931
57,67.89695396666671,75,0.37735833333333346
65,67.89695396666671,75,0.37735833333333346
56,68.27431230000005,75,0.07750000000000057
66,68.27431230000005,75,0.07750000000000057
61,68.27431230000005,75,0.5999999999999943
51,68.27431230000005,49,0.39749999999999375
66,68.67181230000004,62,0.0799999999999983
68,68.67181230000004,62,0.0799999999999983
54,68.67181230000004,49,0.4152660000000026
56,68.67181230000004,49,0.4152660000000026
60,68.87431230000004,49,0.638298000000006
63,69.08707830000004,62,0.0851064000000008
54,69.08707830000004,49,0.425532000000004
56,69.08707830000004,49,0.425532000000004
37,69.51261030000005,49,1.7741822666666565
44,69.51261030000005,49,1.7741822666666565
61,69.83570597291671,62,0.29166659374999426
65,69.83570597291671,62,0.29166659374999426
56,69.98244506666671,49,0.4347824999999972
61,70.12737256666671,62,0.28985500000000286
65,70.12737256666671,62,0.28985500000000286
61,70.41722756666671,62,0.28804340624999725
65,70.41722756666671,62,0.28804340624999725
55,70.41722756666671,49,0.4347824999999972
61,70.70527097291671,62,0.29166659374999426
63,70.70527097291671,62,0.29166659374999426
54,70.85201006666671,49,0.4347824999999972
60,70.9969375666667,62,0.28985500000000286
63,70.9969375666667,62,0.28985500000000286
56,71.2867925666667,62,0.28804340624999725
63,71.2867925666667,62,0.28804340624999725
54,71.2867925666667,49,0.4347824999999972
49,71.2867925666667,49,1.7391299999999887
58,71.5748359729167,62,0.29166659374999426
61,71.5748359729167,62,0.29166659374999426
53,71.7215750666667,49,0.4347824999999972
56,71.8665025666667,62,0.28985500000000286
61,71.8665025666667,62,0.28985500000000286
51,72.1563575666667,62,0.28804340624999725
61,72.1563575666667,62,0.28804340624999725
46,72.1563575666667,49,0.4347824999999972
53,72.4444009729167,62,0.29166659374999426
56,72.4444009729167,62,0.29166659374999426
48,72.5911400666667,49,0.4347824999999972
44,72.73606756666669,62,0.28985500000000286
54,72.73606756666669,62,0.28985500000000286
56,72.73606756666669,62,0.28985500000000286
44,73.0259225666667,49,0.4347824999999972
37,73.0259225666667,49,1.7391299999999887
44,73.0259225666667,49,0.4347824999999972
54,73.31396597291669,62,0.29166659374999426
56,73.31396597291669,62,0.29166659374999426
61,73.31396597291669,62,0.29166659374999426
44,73.46070506666669,49,0.4347824999999972
53,73.60563256666669,62,0.28985500000000286
56,73.60563256666669,62,0.28985500000000286
61,73.60563256666669,62,0.28985500000000286
60,73.89548756666669,62,0.28804340624999725
61,73.89548756666669,62,0.28804340624999725
56,73.89548756666669,49,0.4347824999999972
58,74.18353097291669,62,0.29166659374999426
63,74.18353097291669,62,0.29166659374999426
54,74.33027006666669,49,0.4347824999999972
60,74.47519756666668,62,0.28985500000000286
63,74.47519756666668,62,0.28985500000000286
63,74.76505256666668,62,0.28804340624999725
58,74.76505256666668,49,0.4347824999999972
49,74.76505256666668,49,1.7391299999999745
63,75.05309597291668,62,0.29166659374999426
65,75.05309597291668,62,0.29166659374999426
56,75.19983506666668,49,0.4347824999999972
61,75.34476256666667,62,0.28985500000000286
65,75.34476256666667,62,0.28985500000000286
65,75.63461756666668,62,0.056159406250003485
61,75.63461756666668,49,0.4347824999999972
60,75.92266097291667,62,0.05797099999999489
63,75.92266097291667,62,0.05797099999999489
66,75.92266097291667,62,0.05797099999999489
61,76.06940006666667,49,0.434782499999983
59,76.21432756666667,62,0.05797099999999489
65,76.21432756666667,62,0.05797099999999489
68,76.21432756666667,62,0.05797099999999489
42,76.50418256666666,49,1.7391299999999887
49,76.50418256666666,49,1.7391299999999887
66,76.79222597291665,62,0.29166659374999426
70,76.79222597291665,62,0.29166659374999426
61,76.93896506666665,49,0.4347824999999972
66,77.08389256666665,62,0.28985500000000286
70,77.08389256666665,62,0.28985500000000286
66,77.37374756666665,62,0.28804340624999725
70,77.37374756666665,62,0.28804340624999725
60,77.37374756666665,49,0.4347824999999972
66,77.66179097291665,62,0.29166659374999426
68,77.66179097291665,62,0.29166659374999426
59,77.80853006666665,49,0.4347824999999972
65,77.95345756666664,62,0.28985500000000286
68,77.95345756666664,62,0.28985500000000286
61,78.24331256666665,62,0.28804340624999725
68,78.24331256666665,62,0.28804340624999725
59,78.24331256666665,49,0.4347824999999972
54,78.24331256666665,49,1.7391299999999887
63,78.53135597291664,62,0.29166659374999426
66,78.53135597291664,62,0.29166659374999426
58,78.67809506666664,49,0.4347824999999972
61,78.82302256666664,62,0.28985500000000286
66,78.82302256666664,62,0.28985500000000286
56,79.11287756666664,62,0.28804340624999725
66,79.11287756666664,62,0.28804340624999725
51,79.11287756666664,49,0.4347824999999972
58,79.40092097291664,62,0.29166659374999426
61,79.40092097291664,62,0.29166659374999426
53,79.54766006666664,49,0.4347824999999972
49,79.69258756666663,62,0.28985500000000286
59,79.69258756666663,62,0.28985500000000286
61,79.69258756666663,62,0.28985500000000286
49,79.98244256666663,49,0.4347824999999972
42,79.98244256666663,49,1.7391299999999887
49,79.98244256666663,49,0.4347824999999972
61,80.27048597291663,62,0.29166659374999426
66,80.27048597291663,62,0.29166659374999426
59,80.27048597291663,49,0.29166659374999426
49,80.41722506666663,49,0.4347824999999972
61,80.56215256666663,62,0.28985500000000286
66,80.56215256666663,62,0.28985500000000286
58,80.56215256666663,49,0.28985500000000286
65,80.85200756666663,62,0.28804340624999725
66,80.85200756666663,62,0.28804340624999725
61,80.85200756666663,49,0.4347824999999972
63,81.14005097291663,62,0.29166659374999426
68,81.14005097291663,62,0.29166659374999426
59,81.28679006666663,49,0.4347824999999972
65,81.43171756666662,62,0.28985500000000286
68,81.43171756666662,62,0.28985500000000286
68,81.72157256666662,62,0.28804340624999725
63,81.72157256666662,49,0.4347824999999972
54,81.72157256666662,49,0.8695649999999944
68,82.00961597291662,62,0.29166659374999426
70,82.00961597291662,62,0.29166659374999426
62,82.15635506666662,49,0.4347824999999972
65,82.30128256666661,62,0.28985500000000286
70,82.30128256666661,62,0.28985500000000286
66,82.59113756666662,62,0.056159406250003485
70,82.59113756666662,62,0.056159406250003485
62,82.59113756666662,49,0.8695649999999802
61,82.59113756666662,49,0.4347824999999972
66,82.87918097291661,62,0.05797099999999489
72,82.87918097291661,62,0.05797099999999489
51,83.02592006666661,49,0.434782499999983
66,83.17084756666661,62,0.05797099999999489
70,83.17084756666661,62,0.05797099999999489
66,83.4607025666666,62,0.28804340624999725
68,83.4607025666666,62,0.28804340624999725
61,83.4607025666666,49,0.4347824999999972
56,83.4607025666666,49,0.8695649999999944
66,83.7487459729166,62,0.29166659374999426
68,83.7487459729166,62,0.29166659374999426
60,83.8954850666666,49,0.4347824999999972
66,84.04041256666659,62,0.28985500000000286
68,84.04041256666659,62,0.28985500000000286
58,84.33026756666659,49,0.4347824999999972
44,84.33026756666659,49,0.8695649999999944
51,84.33026756666659,49,0.8695649999999944
66,84.61831097291659,62,0.29166659374999426
70,84.61831097291659,62,0.29166659374999426
60,84.76505006666659,49,0.4347824999999972
66,84.90997756666658,75,0.28985500000000286
70,84.90997756666658,75,0.28985500000000286
65,85.19983256666659,75,0.28804340624999725
70,85.19983256666659,75,0.28804340624999725
60,85.19983256666659,49,0.4347824999999972
65,85.48787597291658,75,0.29166659374999426
68,85.48787597291658,75,0.29166659374999426
61,85.63461506666658,49,0.8695649999999944
65,85.77954256666658,62,0.28985500000000286
68,85.77954256666658,62,0.28985500000000286
37,86.06939756666658,49,0.8695649999999944
49,86.06939756666658,49,0.8695649999999944
63,86.35744097291658,62,0.29166659374999426
66,86.35744097291658,62,0.29166659374999426
56,86.50418006666658,49,0.4347824999999972
61,86.64910756666657,62,0.28985500000000286
65,86.64910756666657,62,0.28985500000000286
63,86.93896256666658,62,0.28804340624999725
65,86.93896256666658,62,0.28804340624999725
58,86.93896256666658,49,0.4347824999999972
63,87.22700597291657,62,0.29166659374999426
65,87.22700597291657,62,0.29166659374999426
57,87.37374506666657,49,0.4347824999999972
63,87.51867256666657,62,0.28985500000000286
65,87.51867256666657,62,0.28985500000000286
56,87.80852756666657,49,0.4347824999999972
41,87.80852756666657,49,0.8695649999999944
48,87.80852756666657,49,0.8695649999999944
63,88.09657097291657,62,0.29166659374999426
66,88.09657097291657,62,0.29166659374999426
57,88.24331006666657,49,0.4347824999999972
63,88.38823756666656,75,0.28985500000000286
66,88.38823756666656,75,0.28985500000000286
61,88.67809256666656,75,0.28804340624999725
66,88.67809256666656,75,0.28804340624999725
57,88.67809256666656,49,0.4347824999999972
61,88.96613597291656,75,0.29166659374999426
65,88.96613597291656,75,0.29166659374999426
58,89.11287506666656,49,0.8695649999999944
61,89.25780256666656,62,0.28985500000000286
65,89.25780256666656,62,0.28985500000000286
42,89.54765756666656,49,0.8695649999999944
58,89.83570097291656,62,0.14673909374999994
63,89.83570097291656,62,0.29166659374999426
53,89.98244006666656,49,0.4347824999999972
58,90.12736756666655,62,0.28985500000000286
61,90.12736756666655,62,0.28985500000000286
61,90.41722256666655,75,0.28804340624999725
65,90.41722256666655,75,0.28804340624999725
56,90.41722256666655,49,0.4347824999999972
61,90.70526597291655,75,0.29166659374999426
63,90.70526597291655,75,0.29166659374999426
57,90.85200506666655,49,0.4347824999999972
61,90.99693256666654,62,0.28985500000000286
63,90.99693256666654,62,0.28985500000000286
58,91.28678756666655,49,0.4347824999999972
44,91.28678756666655,49,0.8695649999999802
54,91.28678756666655,49,0.8695649999999802
56,91.57483097291654,62,0.29166659374999426
65,91.57483097291654,62,0.29166659374999426
60,91.72157006666654,49,0.434782499999983
54,91.86649756666654,62,0.28985499999998865
65,91.86649756666654,62,0.28985499999998865
49,92.04765694166653,49,0.10869562499999574
60,92.15635256666653,75,0.0
65,92.15635256666653,75,0.28804340624999725
56,92.15635256666653,49,0.28804340624999725
49,92.15635256666653,49,0.4347824999999972
58,92.44439597291652,75,0.29166659374999426
61,92.44439597291652,75,0.29166659374999426
58,92.44439597291652,49,0.29166659374999426
53,92.59113506666652,49,0.4347824999999972
56,92.73606256666652,62,0.28985500000000286
61,92.73606256666652,62,0.28985500000000286
57,93.02591756666652,49,0.4347824999999972
42,93.02591756666652,49,0.8695649999999802
49,93.02591756666652,49,0.8695649999999802
63,93.31396097291652,62,0.29166659374999426
65,93.31396097291652,62,0.29166659374999426
58,93.46070006666652,49,0.434782499999983
61,93.60562756666651,62,0.28985499999998865
65,93.60562756666651,62,0.28985499999998865
39,93.75055506666651,49,0.5797099999999915
46,93.8230188166665,49,0.5072462499999943
61,93.8954825666665,75,0.28804340624999725
65,93.8954825666665,75,0.28804340624999725
56,93.8954825666665,49,0.4347824999999972
61,94.1835259729165,75,0.2982542604166696
63,94.1835259729165,75,0.2982542604166696
55,94.3302650666665,49,0.45454550000000893
61,94.48178023333317,62,0.3030303333333393
63,94.48178023333317,62,0.3030303333333393
54,94.78481056666651,49,0.4761905000000013
44,94.78481056666651,49,0.9761905000000013
65,95.1002867729165,62,0.32738096041667575
58,95.1002867729165,49,0.32738096041667575
54,95.26100106666651,49,0.5
65,95.42766773333318,62,0.3333333333333286
59,95.42766773333318,49,0.3333333333333286
60,95.76100106666651,62,0.35491085625000096
65,95.76100106666651,62,0.35491085625000096
54,95.76100106666651,49,0.35491085625000096
60,96.11591192291651,49,0.3694828104166561
65,96.11591192291651,49,0.3694828104166561
58,96.11591192291651,49,0.3694828104166561
60,96.48539473333317,49,0.37735833333333346
65,96.48539473333317,49,0.37735833333333346
57,96.48539473333317,49,0.37735833333333346
60,96.8627530666665,49,0.39749999999999375
65,96.8627530666665,49,0.39749999999999375
56,96.8627530666665,49,1.2382980000000003
61,97.2602530666665,49,0.4152660000000026
65,97.2602530666665,49,0.4152660000000026
61,97.6755190666665,49,0.425532000000004
65,97.6755190666665,49,0.425532000000004
37,97.9414765666665,49,5.740970499999989
44,97.9414765666665,49,5.740970499999989
65,98.1010510666665,49,0.4622093562499998
68,98.1010510666665,49,0.4622093562499998
56,98.1010510666665,75,5.581395999999984
61,98.5632604229165,49,0.4680233104166689
65,98.5632604229165,49,0.4680233104166689
61,99.03128373333317,49,0.46511633333332725
65,99.03128373333317,49,0.46511633333332725
61,99.4964000666665,49,0.4622093562499998
65,99.4964000666665,49,0.4622093562499998
53,99.9586094229165,49,0.4680233104166689
61,99.9586094229165,49,0.4680233104166689
53,100.42663273333316,49,0.46511633333332725
61,100.42663273333316,49,0.46511633333332725
53,100.89174906666649,49,0.4622093562499998
61,100.89174906666649,49,0.4622093562499998
61,101.35395842291649,49,0.4680233104166689
65,101.35395842291649,49,0.4680233104166689
61,101.82198173333316,49,0.46511633333332725
65,101.82198173333316,49,0.46511633333332725
61,102.28709806666649,49,0.4622093562499998
65,102.28709806666649,49,0.4622093562499998
54,102.74930742291649,49,0.4680233104166689
61,102.74930742291649,49,0.4680233104166689
63,102.74930742291649,49,0.4680233104166689
54,103.21733073333316,49,0.46511633333332725
60,103.21733073333316,49,0.46511633333332725
63,103.21733073333316,49,0.46511633333332725
54,103.68244706666648,75,2.790697999999935
56,103.68244706666648,75,0.0
60,103.68244706666648,75,2.790697999999935
63,103.68244706666648,75,2.790697999999935
43,104.38012156666649,49,0.23255816666666362
44,104.61267973333315,49,0.2296511895833362
46,104.84233092291649,49,0.23546514375000527
44,105.0777960666665,49,0.08720931249999353
46,105.16500537916649,49,0.08720931249999353
44,105.25221469166648,49,0.08720931249999353
46,105.33942400416647,49,0.08720931249999353
44,105.42663331666647,49,0.08720931249999353
46,105.51384262916646,49,0.08720931249999353
44,105.60105194166646,49,0.08720931249999353
46,105.68826125416645,49,0.08720931249999353
44,105.77547056666644,49,0.08720931249999353
46,105.86267987916644,49,0.08720931249999353
44,105.94988919166643,49,0.08720931249999353
46,106.03709850416642,49,0.08720931249999353
43,106.12430781666642,49,0.17441862500000127
44,106.29872644166642,49,0.17441862500000127
37,106.47314506666642,49,0.17441862500000127
44,106.64756369166642,49,0.17441862500000127
53,106.82198231666642,49,0.17441862500000127
61,106.99640094166642,49,2.790698000000006
