90,0.0010775854166666665,99,0.08620683333333332
54,0.0010775854166666665,75,0.09698268749999998
61,0.0010775854166666665,75,0.09698268749999998
58,0.0010775854166666665,75,0.09698268749999998
66,0.0010775854166666665,89,0.09698268749999998
94,0.08620683333333332,76,0.08620683333333332
85,0.17241366666666663,69,0.08620683333333329
90,0.2586204999999999,93,0.08620683333333334
54,0.2586204999999999,71,0.0969826875
63,0.2586204999999999,71,0.0969826875
59,0.2586204999999999,71,0.0969826875
66,0.2586204999999999,84,0.0969826875
87,0.34482733333333326,79,0.08620683333333329
90,0.43103416666666655,73,0.08620683333333329
85,0.5172409999999998,92,0.08620683333333334
54,0.5172409999999998,75,0.09698268750000005
61,0.5172409999999998,75,0.09698268750000005
58,0.5172409999999998,75,0.09698268750000005
66,0.5172409999999998,89,0.09698268750000005
90,0.6034478333333332,78,0.08620683333333334
82,0.6896546666666665,71,0.08620683333333334
85,0.7758614999999999,84,0.08620683333333334
78,0.8620683333333332,72,0.08620683333333334
82,0.9482751666666666,68,0.08620683333333334
78,1.034482,74,0.08620683333333323
42,1.034482,48,0.09698268749999994
54,1.034482,57,0.09698268749999994
82,1.1206888333333331,64,0.08620683333333345
73,1.2068956666666666,58,0.08620683333333323
78,1.2931024999999998,71,0.08620683333333323
66,1.2931024999999998,55,0.09698268749999994
63,1.2931024999999998,46,0.09698268749999994
59,1.2931024999999998,46,0.09698268749999994
75,1.379309333333333,63,0.08620683333333345
78,1.4655161666666665,57,0.08620683333333323
73,1.5517229999999997,69,0.08620683333333345
66,1.5517229999999997,57,0.09698268750000016
61,1.5517229999999997,48,0.09698268750000016
58,1.5517229999999997,48,0.09698268750000016
78,1.6379298333333332,56,0.08620683333333345
70,1.7241366666666667,56,0.08620683333333323
73,1.8103434999999999,67,0.08620683333333323
66,1.8965503333333331,55,0.08620683333333323
70,1.9827571666666663,53,0.08620683333333345
61,2.068964,74,0.08620683333333323
37,2.068964,47,0.09698268749999972
49,2.068964,56,0.09698268749999972
73,2.155170833333333,69,0.08620683333333323
68,2.2413776666666663,63,0.08620683333333323
73,2.3275844999999995,75,0.08620683333333368
65,2.3275844999999995,60,0.09698268750000016
61,2.3275844999999995,50,0.09698268750000016
56,2.3275844999999995,50,0.09698268750000016
68,2.413791333333333,67,0.08620683333333323
80,2.4999981666666664,61,0.08620683333333323
68,2.5862049999999996,75,0.08620683333333368
63,2.5862049999999996,63,0.09698268750000016
59,2.5862049999999996,53,0.09698268750000016
56,2.5862049999999996,53,0.09698268750000016
80,2.6724118333333333,68,0.08620683333333323
75,2.7586186666666666,61,0.08620683333333323
80,2.8448255,81,0.08620683333333323
44,2.8448255,68,0.09698268749999972
75,2.931032333333333,74,0.08620683333333323
87,3.0172391666666663,70,0.08620683333333323
75,3.1034459999999995,82,0.08620683333333368
49,3.1034459999999995,70,0.7827275
87,3.189652833333333,73,0.08620683333333323
80,3.2758596666666664,68,0.08620683333333323
87,3.3620664999999996,86,0.08620683333333323
63,3.3620664999999996,73,0.2586204999999997
59,3.3620664999999996,62,0.2586204999999997
56,3.3620664999999996,62,0.2586204999999997
80,3.448273333333333,69,0.08620683333333323
92,3.534480166666666,67,0.08620683333333323
80,3.6206869999999993,89,0.08849550000000006
61,3.6206869999999993,78,0.2654865000000002
59,3.6206869999999993,64,0.2654865000000002
56,3.6206869999999993,64,0.2654865000000002
92,3.7091824999999994,77,0.08849550000000006
85,3.7976779999999994,75,0.08849550000000006
92,3.8861734999999995,92,0.08849550000000006
85,3.9746689999999996,83,0.08849549999999962
97,4.063164499999999,78,0.08849549999999962
90,4.151659999999999,96,0.08620683333333368
58,4.151659999999999,73,0.09698268750000061
66,4.151659999999999,87,0.09698268750000061
61,4.151659999999999,73,0.09698268750000061
54,4.151659999999999,73,0.09698268750000061
94,4.2378668333333325,78,0.08620683333333368
85,4.324073666666666,75,0.08620683333333368
90,4.4102805,95,0.08620683333333368
66,4.4102805,82,0.09698268750000061
63,4.4102805,69,0.09698268750000061
59,4.4102805,69,0.09698268750000061
54,4.4102805,69,0.09698268750000061
87,4.4964873333333335,77,0.08620683333333368
90,4.582694166666667,74,0.08620683333333368
85,4.668901000000001,95,0.08620683333333368
66,4.668901000000001,87,0.09698268750000061
61,4.668901000000001,73,0.09698268750000061
58,4.668901000000001,73,0.09698268750000061
54,4.668901000000001,73,0.09698268750000061
90,4.7551078333333345,76,0.08620683333333368
82,4.841314666666668,74,0.08620683333333368
85,4.927521500000002,85,0.08620683333333368
78,5.013728333333336,75,0.08620683333333368
82,5.099935166666669,70,0.08620683333333368
78,5.186142000000003,74,0.08620683333333368
42,5.186142000000003,47,0.09698268750000061
54,5.186142000000003,56,0.09698268750000061
82,5.272348833333337,69,0.08620683333333368
73,5.35855566666667,65,0.08620683333333368
78,5.444762500000004,74,0.08620683333333368
66,5.444762500000004,48,0.09698268750000061
63,5.444762500000004,40,0.09698268750000061
59,5.444762500000004,40,0.09698268750000061
75,5.530969333333338,69,0.08620683333333368
78,5.617176166666671,66,0.08620683333333368
73,5.703383000000005,74,0.08620683333333368
66,5.703383000000005,57,0.09698268750000061
61,5.703383000000005,48,0.09698268750000061
58,5.703383000000005,48,0.09698268750000061
78,5.789589833333339,67,0.08620683333333368
70,5.875796666666672,70,0.08620683333333368
73,5.962003500000006,74,0.08620683333333368
66,6.04821033333334,65,0.08620683333333368
70,6.134417166666673,68,0.08620683333333368
63,6.220624000000007,77,0.08620683333333368
47,6.220624000000007,66,0.25862050000000103
75,6.306830833333341,69,0.08620683333333368
68,6.393037666666674,66,0.08620683333333368
75,6.479244500000008,77,0.08620683333333368
63,6.479244500000008,71,0.5172410000000021
56,6.479244500000008,60,0.5172410000000021
68,6.565451333333342,67,0.08620683333333368
80,6.651658166666675,71,0.08620683333333368
75,6.737865000000009,77,0.08620683333333368
80,6.824071833333343,74,0.08620683333333368
75,6.9102786666666765,70,0.08620683333333368
87,6.99648550000001,82,0.08968616666666662
47,6.99648550000001,64,0.23542618749999988
80,7.086171666666677,73,0.08968616666666662
92,7.175857833333343,75,0.08968616666666662
46,7.23191168750001,57,0.26905849999999987
53,7.24872784375001,59,0.2522423437499999
82,7.26554400000001,88,0.08968616666666662
62,7.26554400000001,77,0.23542618749999988
94,7.355230166666677,78,0.08968616666666662
82,7.444916333333343,70,0.08968616666666662
58,7.50097018750001,56,0.30269081249999985
65,7.51778634375001,56,0.28587465624999986
94,7.53460250000001,81,0.08968616666666662
74,7.53460250000001,71,0.26905849999999987
82,7.6242886666666765,75,0.08968616666666662
94,7.713974833333343,70,0.08968616666666662
82,7.80366100000001,68,0.09345800000000004
94,7.89711900000001,62,0.09345800000000004
82,7.99057700000001,53,0.09345799999999915
94,8.084035000000009,59,0.09345800000000004
82,8.177493000000009,53,0.09345800000000004
94,8.270951000000009,45,0.09345800000000004
90,8.365515193750008,96,0.08849549999999873
66,8.365515193750008,86,0.0995574374999979
61,8.365515193750008,72,0.0995574374999979
58,8.365515193750008,72,0.0995574374999979
54,8.365515193750008,72,0.0995574374999979
94,8.452904500000008,73,0.08849549999999873
85,8.541400000000007,67,0.0884955000000005
90,8.629895500000007,90,0.08620683333333368
66,8.629895500000007,77,0.09698268750000061
63,8.629895500000007,64,0.09698268750000061
59,8.629895500000007,64,0.09698268750000061
54,8.629895500000007,64,0.09698268750000061
87,8.71610233333334,67,0.08620683333333368
90,8.802309166666674,59,0.08620683333333368
85,8.888516000000008,93,0.08620683333333368
66,8.888516000000008,86,0.09698268750000061
61,8.888516000000008,72,0.09698268750000061
58,8.888516000000008,72,0.09698268750000061
54,8.888516000000008,72,0.09698268750000061
90,8.974722833333342,68,0.08620683333333368
82,9.060929666666675,66,0.08620683333333368
85,9.147136500000009,84,0.08620683333333368
78,9.233343333333343,66,0.08620683333333368
82,9.319550166666676,63,0.08620683333333368
78,9.40575700000001,74,0.0862068333333319
54,9.40575700000001,56,0.09698268749999883
42,9.40575700000001,56,0.09698268749999883
82,9.491963833333342,66,0.08620683333333368
73,9.578170666666676,63,0.08620683333333368
78,9.66437750000001,68,0.08620683333333368
66,9.66437750000001,48,0.09698268750000061
63,9.66437750000001,40,0.09698268750000061
59,9.66437750000001,40,0.09698268750000061
75,9.750584333333343,65,0.08620683333333368
78,9.836791166666677,62,0.08620683333333368
73,9.92299800000001,74,0.08620683333333368
66,9.92299800000001,56,0.09698268750000061
61,9.92299800000001,47,0.09698268750000061
58,9.92299800000001,47,0.09698268750000061
78,10.009204833333344,65,0.08620683333333368
70,10.095411666666678,61,0.08620683333333368
73,10.181618500000011,74,0.08620683333333368
66,10.267825333333345,67,0.08620683333333368
70,10.354032166666679,65,0.08620683333333368
61,10.440239000000012,74,0.08620683333333368
37,10.440239000000012,51,0.09698268750000061
49,10.440239000000012,61,0.09698268750000061
73,10.526445833333346,71,0.08620683333333368
68,10.61265266666668,67,0.08620683333333368
73,10.698859500000014,75,0.08620683333333368
65,10.698859500000014,61,0.09698268750000061
61,10.698859500000014,51,0.09698268750000061
56,10.698859500000014,51,0.09698268750000061
68,10.785066333333347,70,0.08620683333333368
80,10.87127316666668,65,0.08620683333333368
68,10.957480000000015,72,0.08620683333333368
63,10.957480000000015,62,0.09698268750000061
59,10.957480000000015,52,0.09698268750000061
56,10.957480000000015,52,0.09698268750000061
80,11.043686833333348,70,0.08620683333333368
75,11.129893666666682,67,0.08620683333333368
80,11.216100500000016,78,0.08620683333333368
44,11.216100500000016,66,0.09698268750000061
75,11.30230733333335,74,0.08620683333333368
87,11.388514166666683,72,0.08620683333333368
75,11.474721000000017,82,0.08620683333333368
49,11.474721000000017,70,0.7803990000000027
87,11.56092783333335,78,0.08620683333333368
80,11.647134666666684,78,0.08620683333333368
87,11.733341500000018,80,0.08620683333333368
63,11.733341500000018,73,0.25862050000000103
59,11.733341500000018,62,0.25862050000000103
56,11.733341500000018,62,0.25862050000000103
80,11.819548333333351,77,0.08620683333333368
92,11.905755166666685,73,0.08620683333333368
80,11.991962000000019,88,0.08771933333333237
61,11.991962000000019,78,0.26315800000000067
59,11.991962000000019,64,0.26315800000000067
56,11.991962000000019,64,0.26315800000000067
92,12.079681333333351,81,0.08771933333333415
85,12.167400666666685,73,0.08771933333333415
92,12.25512000000002,92,0.08771933333333415
85,12.342839333333353,83,0.08771933333333415
97,12.430558666666688,83,0.08771933333333415
90,12.518278000000022,98,0.08620683333333368
66,12.518278000000022,87,0.09698268750000061
58,12.518278000000022,73,0.09698268750000061
61,12.518278000000022,73,0.09698268750000061
54,12.518278000000022,73,0.09698268750000061
94,12.604484833333355,74,0.08620683333333368
85,12.69069166666669,70,0.08620683333333368
90,12.776898500000023,93,0.08620683333333368
54,12.776898500000023,69,0.09698268750000061
63,12.776898500000023,69,0.09698268750000061
59,12.776898500000023,69,0.09698268750000061
66,12.776898500000023,81,0.09698268750000061
87,12.863105333333356,72,0.08620683333333368
90,12.94931216666669,73,0.08620683333333368
85,13.035519000000024,96,0.08620683333333368
54,13.035519000000024,73,0.09698268750000061
61,13.035519000000024,73,0.09698268750000061
58,13.035519000000024,73,0.09698268750000061
66,13.035519000000024,87,0.09698268750000061
90,13.121725833333358,75,0.08620683333333368
82,13.207932666666691,68,0.08620683333333368
85,13.294139500000025,84,0.08620683333333368
78,13.380346333333359,69,0.08620683333333368
82,13.466553166666692,64,0.08620683333333368
78,13.552760000000026,74,0.08620683333333368
42,13.552760000000026,47,0.09698268750000061
54,13.552760000000026,56,0.09698268750000061
82,13.63896683333336,68,0.08620683333333368
73,13.725173666666693,62,0.08620683333333368
78,13.811380500000027,71,0.08620683333333368
59,13.811380500000027,42,0.09698268750000061
66,13.811380500000027,50,0.09698268750000061
63,13.811380500000027,42,0.09698268750000061
75,13.89758733333336,65,0.08620683333333368
78,13.983794166666694,67,0.08620683333333368
73,14.070001000000028,74,0.08620683333333368
66,14.070001000000028,56,0.09698268750000061
61,14.070001000000028,47,0.09698268750000061
58,14.070001000000028,47,0.09698268750000061
78,14.156207833333362,65,0.08620683333333368
70,14.242414666666695,59,0.08620683333333368
73,14.328621500000029,74,0.08620683333333368
66,14.414828333333363,65,0.08620683333333368
70,14.501035166666696,59,0.08620683333333368
63,14.58724200000003,77,0.0862068333333319
48,14.58724200000003,62,0.12931024999999785
75,14.673448833333362,74,0.0862068333333319
68,14.759655666666694,67,0.08620683333333368
75,14.845862500000027,77,0.08620683333333368
66,14.845862500000027,68,0.5172410000000021
56,14.845862500000027,56,0.5172410000000021
68,14.932069333333361,67,0.08620683333333368
80,15.018276166666695,70,0.08620683333333368
75,15.104483000000029,75,0.08620683333333368
80,15.190689833333362,71,0.08620683333333368
75,15.276896666666696,67,0.08620683333333368
87,15.36310350000003,82,0.08888883333333375
44,15.36310350000003,64,0.13333324999999974
80,15.451992333333363,79,0.08888883333333197
87,15.540881166666695,74,0.08888883333333375
75,15.629770000000029,85,0.08888883333333197
49,15.629770000000029,78,0.13333324999999796
87,15.718658833333361,74,0.08888883333333197
80,15.807547666666693,71,0.08888883333333375
87,15.896436500000027,88,0.08888883333333375
65,15.896436500000027,71,0.1333332500000015
56,15.896436500000027,60,0.1333332500000015
73,15.98532533333336,76,0.08888883333333553
85,16.074214166666696,72,0.08888883333333197
80,16.163103000000028,81,0.09259266666666832
85,16.255695666666696,73,0.09259266666666832
80,16.348288333333365,67,0.09259266666666832
92,16.440881000000033,70,0.09259266666666832
85,16.5334736666667,66,0.09259266666666832
97,16.62606633333337,64,0.09259266666666832
92,16.718659000000038,72,0.0881056666666673
60,16.718659000000038,52,0.2643170000000019
68,16.718659000000038,62,0.2643170000000019
66,16.718659000000038,52,0.2643170000000019
94,16.806764666666705,67,0.0881056666666673
92,16.894870333333373,61,0.0881056666666673
87,16.98297600000004,72,0.08733616666666677
56,16.98297600000004,50,0.2620085000000003
68,16.98297600000004,60,0.2620085000000003
66,16.98297600000004,50,0.2620085000000003
99,17.070312166666707,67,0.08733616666666677
87,17.157648333333373,58,0.08733616666666677
85,17.24498450000004,78,0.08547016666666707
61,17.24498450000004,56,0.2564105000000012
65,17.24498450000004,56,0.2564105000000012
70,17.24498450000004,68,0.2564105000000012
87,17.330454666666707,74,0.08547016666666707
85,17.415924833333374,68,0.08547016666666707
80,17.50139500000004,75,0.0862068333333319
56,17.50139500000004,48,0.2586204999999957
65,17.50139500000004,48,0.2586204999999957
68,17.50139500000004,59,0.2586204999999957
92,17.587601833333373,71,0.0862068333333319
80,17.673808666666705,66,0.0862068333333319
80,17.760015500000037,72,0.0881056666666673
60,17.760015500000037,52,0.2643170000000019
66,17.760015500000037,52,0.2643170000000019
70,17.760015500000037,62,0.2643170000000019
82,17.848121166666704,67,0.0881056666666673
80,17.93622683333337,65,0.0881056666666673
75,18.02433250000004,72,0.08510633333333217
56,18.02433250000004,48,0.2553189999999965
68,18.02433250000004,59,0.2553189999999965
66,18.02433250000004,59,0.2553189999999965
87,18.10943883333337,67,0.08510633333333217
75,18.194545166666703,67,0.08510633333333217
73,18.279651500000035,75,0.0862068333333319
61,18.279651500000035,56,0.2586204999999957
65,18.279651500000035,68,0.2586204999999957
75,18.365858333333367,68,0.0862068333333319
73,18.4520651666667,67,0.0862068333333319
68,18.53827200000003,72,0.3448273333333347
56,18.53827200000003,60,0.25862049999999925
48,18.79689250000003,62,0.12931025000000318
75,18.883099333333366,70,0.08620683333333545
80,18.9693061666667,67,0.0862068333333319
82,19.055513000000033,74,0.0881056666666673
66,19.055513000000033,68,0.13215849999999918
63,19.055513000000033,56,0.13215849999999918
56,19.055513000000033,56,0.13215849999999918
80,19.1436186666667,70,0.08810566666666375
75,19.231724333333364,67,0.0881056666666673
73,19.31983000000003,71,0.08547016666666707
65,19.31983000000003,63,0.1282052500000006
61,19.31983000000003,53,0.1282052500000006
56,19.31983000000003,53,0.1282052500000006
80,19.4053001666667,73,0.08547016666666707
85,19.490770333333366,72,0.08547016666666707
87,19.576240500000033,74,0.08547016666666707
49,19.576240500000033,62,0.1282052500000006
85,19.6617106666667,69,0.08547016666666707
82,19.747180833333367,67,0.08547016666666707
80,19.832651000000034,72,0.08547016666666352
44,19.832651000000034,62,0.12820524999999705
87,19.918121166666698,69,0.08547016666666707
92,20.003591333333365,67,0.08547016666666707
94,20.08906150000003,72,0.08547016666666707
66,20.08906150000003,57,0.1282052500000006
60,20.08906150000003,48,0.1282052500000006
56,20.08906150000003,48,0.1282052500000006
92,20.1745316666667,64,0.08547016666666707
87,20.260001833333366,59,0.08547016666666707
85,20.345472000000033,77,0.08547016666666707
37,20.345472000000033,62,0.1282052500000006
92,20.4309421666667,73,0.08547016666666707
97,20.516412333333367,68,0.08547016666666707
99,20.601882500000034,72,0.08547016666666707
65,20.601882500000034,60,0.1282052500000006
61,20.601882500000034,50,0.1282052500000006
56,20.601882500000034,50,0.1282052500000006
97,20.6873526666667,68,0.08547016666666707
94,20.772822833333368,68,0.08547016666666707
92,20.858293000000035,72,0.08771933333333237
44,20.858293000000035,62,0.2631579999999971
94,20.946012333333368,69,0.08771933333333237
92,21.0337316666667,63,0.08771933333333237
87,21.121451000000032,72,0.08771933333333237
60,21.121451000000032,50,0.2631579999999971
68,21.121451000000032,60,0.2631579999999971
66,21.121451000000032,50,0.2631579999999971
99,21.209170333333365,67,0.08771933333333237
87,21.296889666666697,72,0.08771933333333237
85,21.38460900000003,81,0.0862068333333319
61,21.38460900000003,56,0.2586204999999957
65,21.38460900000003,56,0.2586204999999957
70,21.38460900000003,68,0.2586204999999957
87,21.47081583333336,73,0.0862068333333319
85,21.557022666666693,67,0.0862068333333319
80,21.643229500000025,77,0.0862068333333319
56,21.643229500000025,50,0.2586204999999957
65,21.643229500000025,50,0.2586204999999957
68,21.643229500000025,60,0.2586204999999957
92,21.729436333333357,75,0.0862068333333319
80,21.81564316666669,67,0.0862068333333319
80,21.90185000000002,79,0.0862068333333319
60,21.90185000000002,56,0.2586204999999957
66,21.90185000000002,56,0.2586204999999957
70,21.90185000000002,68,0.2586204999999957
82,21.988056833333353,70,0.0862068333333319
80,22.074263666666685,65,0.0862068333333319
75,22.160470500000017,73,0.0862068333333319
56,22.160470500000017,52,0.2586204999999957
68,22.160470500000017,62,0.2586204999999957
66,22.160470500000017,52,0.2586204999999957
87,22.24667733333335,68,0.0862068333333319
75,22.33288416666668,65,0.0862068333333319
73,22.419091000000012,75,0.0862068333333319
61,22.419091000000012,55,0.2586204999999957
65,22.419091000000012,64,0.2586204999999957
75,22.505297833333344,69,0.0862068333333319
73,22.591504666666676,63,0.0862068333333319
68,22.677711500000008,75,0.3551931666666661
56,22.677711500000008,62,0.26785699999999935
48,22.945568500000007,68,0.13100425000000016
80,23.032904666666674,67,0.08733616666666677
78,23.12024083333334,64,0.08733616666666677
80,23.207577000000008,75,0.08733616666666677
66,23.207577000000008,62,0.13100425000000016
63,23.207577000000008,52,0.13100425000000016
56,23.214127212500006,52,0.13100425000000016
78,23.294913166666674,68,0.08733616666666677
80,23.38224933333334,65,0.08733616666666677
90,23.469585500000008,82,0.0862068333333319
80,23.55579233333334,71,0.0862068333333319
78,23.641999166666672,65,0.0862068333333319
80,23.728206000000004,74,0.0862068333333319
36,23.728206000000004,70,0.2586204999999957
78,23.814412833333336,67,0.0862068333333319
80,23.900619666666667,64,0.0862068333333319
68,23.9868265,64,0.0881056666666673
48,23.9868265,72,0.13215849999999918
80,24.074932166666667,68,0.08810566666666375
78,24.16303783333333,63,0.0881056666666673
80,24.251143499999998,71,0.08658016666666768
63,24.251143499999998,57,0.12987024999999974
56,24.251143499999998,57,0.12987024999999974
66,24.251143499999998,69,0.12987024999999974
78,24.337723666666665,65,0.08658016666666413
80,24.42430383333333,62,0.08658016666666768
90,24.510883999999997,81,0.08658016666666768
80,24.597464166666665,67,0.08658016666666768
78,24.684044333333333,63,0.08658016666666768
80,24.7706245,69,0.08888883333333197
36,24.7706245,59,0.2666664999999959
48,24.7706245,70,0.2666664999999959
78,24.859513333333332,67,0.08888883333333197
80,24.948402166666664,64,0.08888883333333197
70,25.037290999999996,70,0.08888883333333553
37,25.037290999999996,63,0.1333332500000033
49,25.037290999999996,77,0.1333332500000033
82,25.12617983333333,74,0.08888883333333553
78,25.215068666666667,66,0.08888883333333197
82,25.3039575,74,0.08733616666666677
66,25.3039575,73,0.2620085000000003
61,25.3039575,62,0.2620085000000003
58,25.3039575,62,0.2620085000000003
78,25.391293666666666,70,0.08733616666666677
82,25.478629833333333,66,0.08733616666666677
90,25.565966,83,0.08733616666666677
36,25.565966,62,0.2620085000000003
48,25.565966,73,0.2620085000000003
82,25.653302166666666,71,0.08733616666666677
78,25.740638333333333,68,0.08733616666666677
82,25.8279745,77,0.08733616666666677
37,25.8279745,61,0.2620085000000003
49,25.8279745,72,0.2620085000000003
78,25.915310666666667,72,0.08733616666666677
82,26.002646833333333,67,0.08733616666666677
70,26.089983,73,0.08733616666666677
38,26.089983,69,0.2620085000000003
50,26.089983,81,0.2620085000000003
82,26.177319166666667,75,0.08733616666666677
78,26.264655333333334,72,0.08733616666666677
82,26.3519915,78,0.08733616666666677
66,26.3519915,77,0.2620085000000003
58,26.3519915,63,0.2620085000000003
78,26.439327666666667,72,0.08733616666666677
82,26.526663833333334,67,0.08733616666666677
90,26.614,85,0.08733616666666677
37,26.614,64,0.2620085000000003
49,26.614,78,0.2620085000000003
82,26.701336166666668,74,0.08733616666666677
78,26.788672333333334,71,0.08733616666666677
82,26.8760085,80,0.08733616666666677
38,26.8760085,63,0.2620085000000003
50,26.8760085,75,0.2620085000000003
78,26.963344666666668,77,0.08733616666666677
82,27.050680833333335,74,0.08733616666666677
78,27.138017,80,0.0884955000000005
39,27.138017,70,0.2654865000000015
51,27.138017,82,0.2654865000000015
82,27.226512500000002,77,0.0884955000000005
78,27.315008000000002,78,0.0884955000000005
94,27.403503500000003,87,0.0663716249999986
66,27.403503500000003,80,0.5274949999999947
58,27.403503500000003,68,0.5274949999999947
82,27.491999,76,0.0884955000000005
78,27.5804945,70,0.0884955000000005
92,27.66899,89,0.0655021249999983
82,27.756326166666664,70,0.08733616666666677
78,27.84366233333333,73,0.08733616666666677
90,27.930998499999998,89,0.0655021249999983
39,27.930998499999998,69,0.26200849999999676
51,27.930998499999998,81,0.26200849999999676
82,28.01833466666666,78,0.08733616666666677
78,28.105670833333328,73,0.08733616666666677
85,28.193006999999994,80,0.08733616666666677
40,28.193006999999994,73,0.2620085000000003
52,28.193006999999994,88,0.2620085000000003
82,28.28034316666666,73,0.08733616666666677
78,28.367679333333328,76,0.08733616666666677
94,28.455015499999995,90,0.0655021249999983
66,28.455015499999995,84,0.5240169999999935
58,28.455015499999995,70,0.5240169999999935
82,28.542351666666658,76,0.08733616666666677
78,28.629687833333325,79,0.08733616666666677
92,28.71702399999999,94,0.0655021249999983
82,28.804360166666655,77,0.08733616666666677
78,28.89169633333332,76,0.08733616666666677
90,28.979032499999988,95,0.0655021249999983
40,28.979032499999988,71,0.26200849999999676
52,28.979032499999988,85,0.26200849999999676
82,29.06636866666665,76,0.08733616666666677
78,29.153704833333318,79,0.08733616666666677
73,29.241040999999985,87,0.08733616666666677
41,29.241040999999985,78,0.13100425000000016
53,29.241040999999985,91,0.13100425000000016
85,29.32837716666665,78,0.08733616666666677
82,29.41571333333332,75,0.08733616666666677
85,29.503049499999985,88,0.08733616666666677
65,29.503049499999985,88,0.2620085000000003
61,29.503049499999985,73,0.2620085000000003
58,29.503049499999985,73,0.2620085000000003
85,29.590385666666652,75,0.08733616666666677
97,29.67772183333332,80,0.08733616666666677
94,29.765057999999986,94,0.08733616666666677
40,29.765057999999986,77,0.2620085000000003
52,29.765057999999986,90,0.2620085000000003
97,29.852394166666652,77,0.08733616666666677
85,29.93973033333332,76,0.08733616666666677
85,30.027066499999986,89,0.08733616666666677
41,30.027066499999986,77,0.2620085000000003
53,30.027066499999986,90,0.2620085000000003
82,30.114402666666653,77,0.08733616666666677
85,30.20173883333332,82,0.08733616666666677
73,30.289074999999986,89,0.08733616666666677
42,30.289074999999986,82,0.13100425000000016
54,30.289074999999986,97,0.13100425000000016
85,30.376411166666653,85,0.08733616666666677
82,30.46374733333332,81,0.08733616666666677
85,30.551083499999987,90,0.08733616666666677
61,30.551083499999987,79,0.13100425000000016
64,30.551083499999987,94,0.13100425000000016
58,30.551083499999987,79,0.13100425000000016
85,30.638419666666653,85,0.08733616666666677
97,30.72575583333332,85,0.08733616666666677
94,30.813091999999987,101,0.08733616666666677
41,30.813091999999987,80,0.2620085000000003
53,30.813091999999987,95,0.2620085000000003
97,30.900428166666654,86,0.08733616666666677
85,30.98776433333332,84,0.08733616666666677
85,31.075100499999987,93,0.08733616666666677
42,31.075100499999987,78,0.2620085000000003
54,31.075100499999987,91,0.2620085000000003
82,31.162436666666654,85,0.08733616666666677
85,31.24977283333332,80,0.08733616666666677
73,31.337108999999987,94,0.08888883333333197
43,31.337108999999987,89,0.2666664999999959
55,31.337108999999987,105,0.2666664999999959
85,31.42599783333332,85,0.08888883333333197
82,31.51488666666665,81,0.08888883333333197
85,31.603775499999983,94,0.08888883333333197
64,31.603775499999983,96,0.2666664999999959
61,31.603775499999983,81,0.2666664999999959
55,31.603775499999983,81,0.2666664999999959
85,31.692664333333315,84,0.08888883333333197
97,31.781553166666647,80,0.08888883333333197
92,31.87044199999998,95,0.08888883333333197
44,31.87044199999998,81,0.266666500000003
56,31.87044199999998,96,0.266666500000003
97,31.95933083333331,85,0.08888883333333553
85,32.04821966666665,83,0.08888883333333553
85,32.13710849999998,95,0.08888883333333553
65,32.13710849999998,96,0.2666665000000066
61,32.13710849999998,81,0.2666665000000066
56,32.13710849999998,81,0.2666665000000066
80,32.22599733333332,90,0.08888883333333553
85,32.31488616666665,86,0.08888883333333553
73,32.40377499999999,97,0.09174316666666726
45,32.40377499999999,86,0.2752295000000018
57,32.40377499999999,103,0.2752295000000018
85,32.495518166666656,90,0.09174316666666726
78,32.58726133333332,85,0.09174316666666726
85,32.67900449999999,93,0.09174316666666726
66,32.67900449999999,94,0.2752295000000018
63,32.67900449999999,79,0.2752295000000018
57,32.67900449999999,79,0.2752295000000018
73,32.77074766666666,87,0.09174316666666726
73,32.862490833333325,84,0.09174316666666726
66,32.95423399999999,95,0.09174316666666726
73,33.04597716666666,90,0.09174316666666726
61,33.13772033333333,85,0.09174316666666726
61,33.229463499999994,100,0.0975609999999989
33,33.229463499999994,89,0.2926829999999967
45,33.229463499999994,106,0.2926829999999967
54,33.32702449999999,89,0.0975609999999989
61,33.42458549999999,85,0.0975609999999989
51,33.52214649999999,74,0.0884955000000005
32,33.52214649999999,89,1.061946000000006
44,33.52214649999999,106,1.061946000000006
54,33.61064199999999,71,0.0884955000000005
61,33.69913749999999,72,0.0884955000000005
63,33.78763299999999,77,0.0884955000000005
54,33.87612849999999,70,0.0884955000000005
61,33.96462399999999,72,0.0884955000000005
63,34.053119499999994,81,0.0884955000000005
66,34.141614999999994,78,0.0884955000000005
61,34.230110499999995,75,0.0884955000000005
63,34.318605999999996,83,0.0884955000000005
66,34.407101499999996,77,0.0884955000000005
73,34.495597,73,0.0884955000000005
63,34.5840925,87,0.0884955000000005
66,34.672588,80,0.0884955000000005
73,34.7610835,77,0.0884955000000005
75,34.849579,89,0.0884955000000005
66,34.9380745,78,0.0884955000000005
73,35.02657,75,0.0884955000000005
75,35.1150655,89,0.09174316666666726
66,35.1150655,100,0.41284424999999914
61,35.1150655,83,0.41284424999999914
56,35.1150655,83,0.41284424999999914
78,35.20680866666667,78,0.09174316666666726
73,35.298551833333335,76,0.09174316666666726
75,35.390295,89,0.09174316666666726
85,35.48203816666667,78,0.09174316666666016
66,35.52790975,92,0.13761474999999734
61,35.52790975,77,0.13761474999999734
56,35.52790975,77,0.13761474999999734
78,35.57378133333333,75,0.09174316666666726
75,35.6655245,89,0.0884955000000005
56,35.6655245,83,1.061946000000006
66,35.6655245,100,1.061946000000006
61,35.6655245,83,1.061946000000006
78,35.75402,81,0.0884955000000005
87,35.8425155,86,0.0884955000000005
85,35.931011,85,0.0884955000000005
78,36.0195065,78,0.0884955000000005
75,36.108002,84,0.0884955000000005
85,36.1964975,81,0.0884955000000005
78,36.284993,76,0.0884955000000005
75,36.3734885,71,0.0884955000000005
73,36.461984,78,0.0884955000000005
78,36.5504795,71,0.0884955000000005
75,36.638975,75,0.0884955000000005
73,36.7274705,74,0.0884955000000005
66,36.815966,69,0.0884955000000005
75,36.904461500000004,72,0.0884955000000005
73,36.992957000000004,71,0.0884955000000005
66,37.081452500000005,66,0.0884955000000005
63,37.169948000000005,69,0.0884955000000005
73,37.258443500000006,67,0.09174316666666726
66,37.35018666666667,61,0.09174316666666726
63,37.44192983333334,65,0.09174316666666726
61,37.53367300000001,64,0.09174316666666726
66,37.625416166666675,59,0.09174316666666726
63,37.71715933333334,62,0.09174316666666726
56,37.80890250000001,52,0.0884955000000005
32,37.80890250000001,52,1.061946000000006
44,37.80890250000001,62,1.061946000000006
63,37.89739800000001,54,0.0884955000000005
66,37.98589350000001,54,0.0884955000000005
68,38.07438900000001,56,0.0884955000000005
63,38.16288450000001,56,0.0884955000000005
66,38.25138000000001,54,0.0884955000000005
68,38.33987550000001,58,0.0884955000000005
75,38.42837100000001,58,0.0884955000000005
66,38.51686650000001,56,0.0884955000000005
68,38.605362000000014,60,0.0884955000000005
75,38.693857500000014,60,0.0884955000000005
78,38.782353000000015,58,0.0884955000000005
68,38.870848500000015,62,0.0884955000000005
75,38.959344000000016,58,0.0884955000000005
78,39.047839500000016,62,0.0884955000000005
80,39.13633500000002,62,0.0884955000000005
75,39.22483050000002,54,0.0884955000000005
78,39.31332600000002,58,0.0884955000000005
80,39.40182150000002,62,0.0884955000000005
56,39.40182150000002,52,0.3982297499999987
66,39.40182150000002,52,0.3982297499999987
60,39.40182150000002,52,0.3982297499999987
68,39.40182150000002,62,0.3982297499999987
87,39.49031700000002,65,0.0884955000000005
78,39.57881250000002,60,0.0884955000000005
80,39.66730800000002,62,0.0884955000000005
90,39.75580350000002,58,0.0884954999999934
68,39.80005125000002,57,0.1327432499999972
66,39.80005125000002,48,0.1327432499999972
60,39.80005125000002,48,0.1327432499999972
56,39.80005125000002,48,0.1327432499999972
87,39.844299000000014,59,0.0884955000000005
80,39.932794500000014,59,0.0884955000000005
68,39.932794500000014,62,0.884955000000005
66,39.932794500000014,52,1.061946000000006
60,39.932794500000014,52,1.061946000000006
56,39.932794500000014,52,1.061946000000006
78,40.021290000000015,59,0.0884955000000005
87,40.109785500000015,58,0.0884955000000005
80,40.198281000000016,58,0.0884955000000005
78,40.286776500000016,57,0.0884955000000005
75,40.37527200000002,56,0.0884955000000005
80,40.46376750000002,56,0.0884955000000005
78,40.55226300000002,56,0.0884955000000005
75,40.64075850000002,54,0.0884955000000005
68,40.72925400000002,54,0.0884955000000005
78,40.81774950000002,52,0.0884955000000005
75,40.90624500000002,52,0.0884955000000005
68,40.99474050000002,52,0.08810566666666375
66,41.082846166666684,51,0.08830058333332858
75,41.17114675000001,51,0.0884955000000005
68,41.25964225000001,50,0.08888883333333553
66,41.34853108333335,49,0.08908724999999862
63,41.43761833333335,49,0.08928566666666882
68,41.526904000000016,48,0.08968616666666662
66,41.61659016666668,48,0.09029391666666697
63,41.70688408333335,48,0.09111666666666451
56,41.798000750000014,46,0.0915336666666633
66,41.88953441666668,46,0.09237925000000047
63,41.98191366666668,44,0.09302333333333479
61,42.07493700000001,65,0.09700266666666835
37,42.07493700000001,63,0.14550400000000252
73,42.17193966666668,59,0.09700266666666835
68,42.26894233333335,55,0.09700266666666835
73,42.36594500000002,65,0.09700266666666835
65,42.462947666666686,59,0.09700266666666835
80,42.559950333333354,58,0.09700266666666835
73,42.65695300000002,70,0.08833916666666397
65,42.65695300000002,70,1.0600699999999676
56,42.65695300000002,59,1.0600699999999676
80,42.74529216666669,66,0.08833916666666397
68,42.83363133333335,66,0.08833916666666397
73,42.921970500000015,70,0.08833916666666397
68,43.01030966666668,66,0.08833916666666397
73,43.09864883333334,62,0.08833916666666397
61,43.18698800000001,65,0.08833916666666397
73,43.27532716666667,63,0.08833916666666397
68,43.363666333333335,58,0.08833916666666397
73,43.4520055,65,0.08833916666666397
68,43.54034466666666,63,0.08833916666666397
80,43.628683833333326,57,0.08833916666666397
73,43.71702299999999,65,0.08995233333332919
64,43.71702299999999,63,0.4047855000000027
55,43.71702299999999,53,0.4047855000000027
80,43.80697533333332,59,0.0899523333333363
68,43.896927666666656,55,0.0899523333333363
73,43.98687999999999,65,0.0899523333333363
68,44.07683233333333,63,0.08995233333332919
65,44.12180849999999,63,0.1349285000000009
56,44.12180849999999,53,0.1349285000000009
73,44.16678466666666,58,0.0899523333333363
61,44.256736999999994,65,0.09290233333333475
49,44.256736999999994,63,0.13935349999999858
73,44.34963933333333,58,0.09290233333332765
68,44.442541666666656,56,0.09290233333333475
73,44.53544399999999,65,0.09290233333333475
73,44.628346333333326,58,0.09290233333333475
85,44.72124866666666,55,0.09290233333333475
80,44.814150999999995,71,0.08833916666667108
65,44.814150999999995,72,1.0600699999999748
56,44.814150999999995,61,1.0600699999999748
85,44.90249016666667,64,0.08833916666666397
73,44.99082933333333,62,0.08833916666666397
73,45.079168499999994,71,0.08833916666666397
68,45.16750766666666,67,0.08833916666666397
73,45.25584683333332,62,0.08833916666666397
68,45.344185999999986,65,0.08833916666666397
80,45.43252516666665,59,0.08833916666666397
73,45.520864333333314,54,0.08833916666666397
80,45.60920349999998,65,0.08833916666666397
80,45.69754266666664,58,0.08833916666666397
92,45.785881833333306,59,0.08833916666666397
85,45.87422099999997,65,0.09035866666666692
64,45.87422099999997,75,0.4066139999999976
55,45.87422099999997,63,0.4066139999999976
92,45.96457966666664,57,0.09035866666666692
80,46.054938333333304,60,0.09035866666666692
80,46.14529699999997,65,0.09035866666666692
73,46.23565566666664,63,0.09035866666665981
56,46.28083499999997,57,0.13553799999999683
65,46.28083499999997,69,0.13553799999999683
80,46.3260143333333,56,0.09035866666666692
73,46.416372999999965,65,0.09216583333333261
53,46.416372999999965,77,0.13824875000000247
75,46.5085388333333,62,0.09216583333333972
73,46.60070466666664,57,0.09216583333333261
87,46.69287049999997,64,0.0884955000000005
65,46.69287049999997,63,0.2654865000000015
56,46.69287049999997,53,0.2654865000000015
61,46.69287049999997,53,0.2654865000000015
85,46.78136599999997,61,0.0884955000000005
99,46.86986149999997,61,0.0884955000000005
97,46.95835699999997,73,0.09049766666666414
57,46.95835699999997,59,0.27149299999999243
61,46.95835699999997,59,0.27149299999999243
66,46.95835699999997,70,0.27149299999999243
99,47.048854666666635,65,0.09049766666666414
97,47.1393523333333,66,0.09049766666666414
85,47.22984999999996,80,0.09468799999999788
58,47.22984999999996,62,0.28406399999999365
61,47.22984999999996,62,0.28406399999999365
67,47.22984999999996,75,0.28406399999999365
87,47.32453799999996,75,0.09468799999999788
85,47.41922599999996,70,0.09468799999999788
73,47.51391399999996,81,0.0916169999999994
59,47.51391399999996,70,0.5497019999999964
61,47.51391399999996,70,0.5497019999999964
68,47.51391399999996,84,0.5497019999999964
75,47.60553099999996,77,0.0916169999999994
73,47.697147999999956,73,0.0916169999999994
87,47.788764999999955,78,0.0916169999999994
85,47.880381999999955,70,0.0916169999999994
99,47.971998999999954,74,0.0916169999999994
97,48.06361599999995,73,0.08995233333332919
58,48.06361599999995,64,0.2698570000000018
61,48.06361599999995,64,0.2698570000000018
67,48.06361599999995,77,0.2698570000000018
99,48.15356833333328,70,0.0899523333333363
97,48.24352066666662,66,0.0899523333333363
85,48.333472999999955,70,0.0916169999999994
57,48.333472999999955,61,0.2748509999999982
61,48.333472999999955,61,0.2748509999999982
66,48.333472999999955,72,0.2748509999999982
87,48.425089999999955,67,0.0916169999999994
85,48.516706999999954,66,0.0916169999999994
97,48.60832399999995,65,0.09334450000000061
56,48.60832399999995,57,0.1400167500000009
61,48.60832399999995,57,0.1400167500000009
65,48.60832399999995,69,0.1400167500000009
99,48.701668499999954,65,0.09334450000000061
97,48.795012999999955,62,0.09334450000000061
85,48.888357499999955,66,0.09119100000000202
49,48.888357499999955,63,0.13678649999999948
87,48.97954849999996,69,0.09119099999999492
85,49.07073949999995,65,0.09119100000000202
97,49.161930499999954,71,0.09334450000000061
59,49.161930499999954,56,0.5671150000000083
61,49.161930499999954,56,0.5671150000000083
65,49.161930499999954,56,0.5671150000000083
68,49.161930499999954,66,0.2800335000000018
99,49.255274999999955,68,0.09334450000000061
97,49.348619499999955,72,0.09334450000000061
85,49.441963999999956,75,0.09569383333333548
70,49.441963999999956,71,0.28708150000000643
87,49.53765783333329,72,0.09569383333333548
85,49.63335166666663,68,0.09569383333333548
97,49.72904549999996,79,0.09606149999999758
59,49.72904549999996,64,1.172684568749979
61,49.72904549999996,64,1.172684568749979
65,49.72904549999996,64,1.172684568749979
71,49.72904549999996,77,0.5763689999999855
99,49.82510699999996,75,0.09606149999999758
97,49.92116849999996,70,0.09606149999999758
85,50.017229999999955,74,0.09606149999999758
87,50.11329149999995,69,0.09606149999999758
85,50.20935299999995,68,0.09606149999999758
97,50.30541449999995,71,0.09606149999999758
70,50.30541449999995,72,0.28818449999999274
99,50.401475999999946,67,0.09606149999999758
97,50.49753749999994,64,0.09606149999999758
85,50.59359899999994,67,0.10253250000000236
68,50.59359899999994,71,0.30813106875000074
87,50.69613149999994,66,0.10253250000000236
85,50.798663999999945,65,0.10306606874999602
90,50.902851145833274,96,0.08968616666666662
54,50.902851145833274,73,0.1008969375000035
66,50.902851145833274,87,0.1008969375000035
61,50.902851145833274,73,0.1008969375000035
58,50.902851145833274,73,0.1008969375000035
94,50.99141623541661,70,0.08968616666666662
85,51.081102402083275,70,0.08968616666666662
90,51.17078856874994,92,0.08620683333333545
63,51.17078856874994,70,0.09698268750000238
59,51.17078856874994,70,0.09698268750000238
54,51.17078856874994,70,0.09698268750000238
66,51.17078856874994,83,0.09698268750000238
87,51.25699540208328,74,0.08620683333333545
90,51.34320223541661,70,0.08620683333333545
85,51.42940906874995,97,0.08620683333333545
61,51.42940906874995,73,0.09698268750000238
66,51.42940906874995,87,0.09698268750000238
58,51.42940906874995,73,0.09698268750000238
54,51.42940906874995,73,0.09698268750000238
90,51.51561590208328,74,0.08620683333333545
82,51.60182273541662,71,0.08620683333333545
85,51.688029568749954,84,0.08620683333333545
78,51.77423640208329,73,0.08620683333333545
82,51.860443235416625,70,0.08620683333333545
78,51.94665006874996,74,0.08620683333333545
42,51.94665006874996,47,0.09698268750000238
54,51.94665006874996,56,0.09698268750000238
82,52.032856902083296,69,0.08620683333333545
73,52.11906373541663,66,0.08620683333333545
78,52.20527056874997,69,0.08620683333333545
66,52.20527056874997,51,0.09698268750000238
63,52.20527056874997,42,0.09698268750000238
59,52.20527056874997,42,0.09698268750000238
75,52.2914774020833,66,0.08620683333333545
78,52.37768423541664,63,0.08620683333333545
73,52.46389106874997,74,0.08620683333333545
66,52.46389106874997,56,0.09698268750000238
61,52.46389106874997,47,0.09698268750000238
58,52.46389106874997,47,0.09698268750000238
78,52.55009790208331,68,0.08620683333333545
70,52.636304735416644,63,0.08620683333333545
73,52.72251156874998,74,0.08620683333333545
66,52.808718402083315,64,0.08620683333333545
70,52.89492523541665,61,0.08620683333333545
61,52.981132068749986,74,0.08620683333333545
37,52.981132068749986,48,0.09698268750000238
49,52.981132068749986,59,0.09698268750000238
73,53.06733890208332,72,0.08620683333333545
68,53.15354573541666,67,0.08620683333333545
73,53.23975256874999,75,0.08620683333333545
61,53.23975256874999,48,0.09698268750000238
65,53.23975256874999,59,0.09698268750000238
56,53.23975256874999,48,0.09698268750000238
68,53.32595940208333,66,0.08620683333333545
80,53.41216623541666,67,0.08620683333333545
68,53.49837306875,72,0.08620683333333545
59,53.49837306875,50,0.09698268750000238
63,53.49837306875,60,0.09698268750000238
56,53.49837306875,50,0.09698268750000238
80,53.584579902083334,73,0.08620683333333545
75,53.67078673541667,71,0.08620683333333545
80,53.756993568750005,78,0.08620683333333545
44,53.756993568750005,62,0.09698268750000238
75,53.84320040208334,76,0.08620683333333545
87,53.929407235416676,72,0.08620683333333545
75,54.01561406875001,82,0.08620683333333545
49,54.01561406875001,66,0.7827275000000142
87,54.10182090208335,77,0.08620683333333545
80,54.18802773541668,72,0.08620683333333545
87,54.27423456875002,86,0.08620683333333545
63,54.27423456875002,70,0.25862050000000636
59,54.27423456875002,59,0.25862050000000636
56,54.27423456875002,59,0.25862050000000636
80,54.36044140208335,74,0.08620683333333545
92,54.44664823541669,75,0.08620683333333545
80,54.532855068750024,88,0.0884955000000005
61,54.532855068750024,73,0.2654865000000015
59,54.532855068750024,62,0.2654865000000015
56,54.532855068750024,62,0.2654865000000015
92,54.621350568750024,81,0.0884955000000005
85,54.709846068750025,77,0.0884955000000005
92,54.798341568750025,89,0.0884955000000005
85,54.886837068750026,85,0.0884955000000005
97,54.97533256875003,83,0.0884955000000005
90,55.06382806875003,97,0.08620683333333545
54,55.06382806875003,73,0.09698268750000238
58,55.06382806875003,73,0.09698268750000238
61,55.06382806875003,73,0.09698268750000238
66,55.06382806875003,87,0.09698268750000238
94,55.15003490208336,74,0.08620683333333545
85,55.2362417354167,71,0.08620683333333545
90,55.32244856875003,94,0.08620683333333545
66,55.32244856875003,82,0.09698268750000238
63,55.32244856875003,69,0.09698268750000238
59,55.32244856875003,69,0.09698268750000238
54,55.32244856875003,69,0.09698268750000238
87,55.40865540208337,75,0.08620683333333545
90,55.494862235416704,73,0.08620683333333545
85,55.58106906875004,95,0.08620683333333545
61,55.58106906875004,73,0.09698268750000238
66,55.58106906875004,87,0.09698268750000238
58,55.58106906875004,73,0.09698268750000238
54,55.58106906875004,73,0.09698268750000238
90,55.667275902083375,76,0.08620683333333545
82,55.75348273541671,73,0.08620683333333545
85,55.839689568750046,86,0.08620683333333545
78,55.92589640208338,77,0.08620683333333545
82,56.01210323541672,73,0.08620683333333545
78,56.09831006875005,74,0.08620683333333545
42,56.09831006875005,48,0.09698268750000238
54,56.09831006875005,59,0.09698268750000238
82,56.18451690208339,66,0.08620683333333545
73,56.27072373541672,64,0.08620683333333545
78,56.35693056875006,70,0.08620683333333545
66,56.35693056875006,55,0.09698268750000238
63,56.35693056875006,46,0.09698268750000238
59,56.35693056875006,46,0.09698268750000238
75,56.443137402083394,67,0.08620683333333545
78,56.52934423541673,67,0.08620683333333545
73,56.615551068750065,74,0.08620683333333545
66,56.615551068750065,59,0.09698268750000238
61,56.615551068750065,48,0.09698268750000238
58,56.615551068750065,48,0.09698268750000238
78,56.7017579020834,62,0.08620683333333545
70,56.787964735416736,55,0.08620683333333545
73,56.87417156875007,74,0.08620683333333545
66,56.96037840208341,64,0.08620683333333545
70,57.04658523541674,60,0.08620683333333545
63,57.13279206875008,74,0.08620683333333545
47,57.13279206875008,66,0.12931025000000318
75,57.21899890208341,71,0.08620683333333545
68,57.30520573541675,67,0.08620683333333545
75,57.391412568750084,74,0.08620683333333545
63,57.391412568750084,66,0.25862050000000636
56,57.391412568750084,56,0.25862050000000636
68,57.47761940208342,72,0.08620683333333545
80,57.563826235416755,67,0.08620683333333545
70,57.65003306875009,74,0.0884954999999934
53,57.65003306875009,59,0.2654864999999944
58,57.65003306875009,59,0.2654864999999944
62,57.65003306875009,70,0.2654864999999944
82,57.738528568750084,85,0.0884955000000005
70,57.827024068750084,72,0.0884955000000005
82,57.915519568750085,74,0.0884955000000005
46,57.915519568750085,66,0.2654865000000015
70,58.004015068750086,70,0.0884955000000005
82,58.092510568750086,66,0.0884955000000005
75,58.18100606875009,74,0.09174316666666726
47,58.18100606875009,66,0.13761474999999734
87,58.272749235416754,70,0.09174316666666016
80,58.364492402083414,70,0.09174316666666726
87,58.45623556875008,71,0.09174316666666726
63,58.45623556875008,66,0.2752295000000018
56,58.45623556875008,56,0.2752295000000018
80,58.54797873541675,69,0.09174316666666726
92,58.639721902083416,69,0.09174316666666726
82,58.73146506875008,72,0.09237925000000757
53,58.73146506875008,62,0.2819740833333384
58,58.73146506875008,62,0.2819740833333384
62,58.73146506875008,73,0.2819740833333384
94,58.82384431875009,79,0.09389883333333415
82,58.917743152083425,69,0.09569599999999667
94,59.01343915208342,72,0.09708966666666896
46,59.01343915208342,69,0.14635075000000342
82,59.11052881875009,72,0.09901233333333437
94,59.209541152083425,70,0.1010126666666693
82,59.310553818750094,74,0.08849550000000761
47,59.310553818750094,80,0.1327432500000043
94,59.3990493187501,72,0.0884954999999934
87,59.487544818750095,72,0.0884955000000005
94,59.576040318750096,74,0.08620683333333545
68,59.576040318750096,69,0.12931025000000318
59,59.576040318750096,57,0.12931025000000318
63,59.576040318750096,57,0.12931025000000318
80,59.66224715208343,69,0.08620683333333545
92,59.748453985416766,67,0.08620683333333545
80,59.8346608187501,75,0.08620683333333545
49,59.8346608187501,82,0.12931025000000318
92,59.92086765208344,73,0.08620683333333545
85,60.00707448541677,70,0.08620683333333545
92,60.09328131875011,77,0.08620683333333545
66,60.09328131875011,66,0.12931025000000318
61,60.09328131875011,56,0.12931025000000318
58,60.09328131875011,56,0.12931025000000318
78,60.179488152083444,69,0.08620683333333545
90,60.26569498541678,70,0.08620683333333545
73,60.351901818750115,77,0.08620683333333545
47,60.351901818750115,84,0.12931025000000318
85,60.43810865208345,72,0.08620683333333545
80,60.524315485416786,69,0.08620683333333545
85,60.61052231875012,78,0.08620683333333545
59,60.61052231875012,60,0.12931025000000318
65,60.61052231875012,60,0.12931025000000318
61,60.61052231875012,60,0.12931025000000318
68,60.61052231875012,71,0.12931025000000318
80,60.696729152083456,72,0.08620683333333545
92,60.78293598541679,75,0.08620683333333545
78,60.86914281875013,78,0.08620683333333545
46,60.86914281875013,86,0.12931025000000318
90,60.95534965208346,74,0.08620683333333545
85,61.0415564854168,72,0.08620683333333545
90,61.127763318750134,80,0.08620683333333545
61,61.127763318750134,60,0.12931025000000318
70,61.127763318750134,71,0.12931025000000318
58,61.127763318750134,60,0.12931025000000318
66,61.127763318750134,60,0.12931025000000318
85,61.21397015208347,74,0.08620683333333545
97,61.300176985416805,78,0.08620683333333545
82,61.38638381875014,80,0.08849550000000761
47,61.38638381875014,88,0.1327432500000043
94,61.47487931875015,74,0.0884954999999934
87,61.56337481875014,71,0.0884955000000005
94,61.65187031875014,81,0.08620683333333545
68,61.65187031875014,73,0.12931025000000318
63,61.65187031875014,62,0.12931025000000318
59,61.65187031875014,62,0.12931025000000318
80,61.73807715208348,79,0.08620683333333545
92,61.82428398541681,76,0.08620683333333545
80,61.91049081875015,82,0.08620683333333545
49,61.91049081875015,89,0.12931025000000318
92,61.99669765208348,76,0.08620683333333545
85,62.08290448541682,73,0.08620683333333545
92,62.169111318750154,82,0.08620683333333545
66,62.169111318750154,73,0.12931025000000318
61,62.169111318750154,62,0.12931025000000318
58,62.169111318750154,62,0.12931025000000318
78,62.25531815208349,74,0.08620683333333545
90,62.341524985416825,70,0.08620683333333545
73,62.42773181875016,83,0.08620683333333545
47,62.42773181875016,91,0.12931025000000318
85,62.513938652083496,74,0.08620683333333545
80,62.60014548541683,71,0.08620683333333545
85,62.68635231875017,83,0.08620683333333545
59,62.68635231875017,63,0.12931025000000318
65,62.68635231875017,63,0.12931025000000318
61,62.68635231875017,63,0.12931025000000318
68,62.68635231875017,75,0.12931025000000318
80,62.7725591520835,76,0.08620683333333545
92,62.85876598541684,82,0.08620683333333545
78,62.94497281875017,86,0.08620683333333545
46,62.94497281875017,94,0.12931025000000318
90,63.03117965208351,76,0.08620683333333545
85,63.117386485416844,73,0.08620683333333545
90,63.20359331875018,87,0.08620683333333545
58,63.20359331875018,63,0.12931025000000318
66,63.20359331875018,63,0.12931025000000318
61,63.20359331875018,63,0.12931025000000318
70,63.20359331875018,75,0.12931025000000318
85,63.289800152083515,79,0.08620683333333545
97,63.37600698541685,75,0.08620683333333545
82,63.462213818750186,83,0.09049766666666414
47,63.462213818750186,94,0.27149299999999954
94,63.55271148541685,74,0.09049766666667125
87,63.64320915208352,75,0.09049766666666414
94,63.733706818750186,86,0.08771933333333237
63,63.733706818750186,70,0.5263160000000155
56,63.733706818750186,70,0.5263160000000155
68,63.733706818750186,82,0.5263160000000155
80,63.82142615208352,77,0.08771933333333237
92,63.90914548541685,74,0.08771933333333237
82,63.99686481875018,87,0.08771933333333948
94,64.08458415208352,80,0.08771933333333948
87,64.17230348541686,74,0.08771933333333948
94,64.2600228187502,84,0.08771933333333948
47,64.2600228187502,94,0.26315800000001843
80,64.34774215208354,78,0.08771933333333948
92,64.43546148541688,74,0.08771933333333948
82,64.52318081875022,92,0.09009016666665559
48,64.52318081875022,104,0.2702704999999952
94,64.61327098541688,85,0.0900901666666698
87,64.70336115208354,81,0.0900901666666698
94,64.79345131875021,93,0.08771933333333948
68,64.79345131875021,85,0.5263160000000369
63,64.79345131875021,71,0.5263160000000369
66,64.79345131875021,71,0.5263160000000369
56,64.79345131875021,71,0.5263160000000369
80,64.88117065208355,85,0.08771933333333948
92,64.9688899854169,90,0.08771933333333948
82,65.05660931875023,94,0.08771933333333948
94,65.14432865208357,86,0.08771933333333948
87,65.23204798541691,83,0.08771933333333948
94,65.31976731875025,97,0.08928566666666882
48,65.31976731875025,100,0.26785700000000645
80,65.40905298541692,80,0.08928566666666882
92,65.49833865208359,88,0.08928566666666882
85,65.58762431875026,98,0.08928566666666882
49,65.58762431875026,106,0.26785700000000645
94,65.67690998541693,90,0.08928566666666882
80,65.7661956520836,87,0.08928566666666882
92,65.85548131875026,100,0.08928566666666882
85,65.94476698541693,90,0.08928566666666882
94,66.0340526520836,92,0.08928566666666882
80,66.12333831875027,103,0.09132416666666643
61,66.12333831875027,77,0.5479449999999986
66,66.12333831875027,77,0.5479449999999986
56,66.12333831875027,77,0.5479449999999986
68,66.12333831875027,92,0.5479449999999986
92,66.21466248541694,93,0.09132416666666643
85,66.3059866520836,86,0.09132416666666643
94,66.39731081875027,94,0.09132416666666643
80,66.48863498541694,90,0.09132416666666643
92,66.5799591520836,86,0.09132416666666643
85,66.67128331875027,96,0.09132416666666643
73,66.67128331875027,94,0.5479449999999986
66,66.67128331875027,79,0.5479449999999986
68,66.67128331875027,79,0.5479449999999986
94,66.76260748541694,91,0.09132416666666643
80,66.8539316520836,85,0.09132416666666643
92,66.94525581875027,89,0.09132416666666643
85,67.03657998541694,82,0.09132416666666643
94,67.1279041520836,75,0.09132416666666643
80,67.21922831875027,85,0.08914033333334714
92,67.30836865208362,77,0.09259458333332304
85,67.40096323541694,71,0.09456741666666346
94,67.4955306520836,75,0.09662058333333334
80,67.59215123541694,68,0.09901233333333437
92,67.69116356875027,64,0.17370800000000486
37,67.74141481875027,47,0.03086418750000064
49,67.77227900625027,47,1.3776570791666813
56,67.80314319375027,47,1.3467928916666807
61,67.83400738125027,47,1.31592870416668
99,67.86487156875027,57,0.1666666666666714
66,67.86487156875027,56,1.2850645166666794
97,68.10194052708361,57,0.052493791666663014
94,68.15443431875028,52,0.10296612499999469
92,68.25740044375027,57,0.10013062500000558
90,68.35753106875028,57,0.09756674999999859
87,68.45509781875027,54,0.09512958333333188
85,68.5502274020836,57,0.09291666666666742
82,68.64314406875027,57,0.09378808333333666
80,68.73693215208361,53,0.09512633333332587
78,68.83205848541694,57,0.09650333333333094
75,68.92856181875027,57,0.09792083333334745
73,69.02648265208362,54,0.12345343333333858
68,69.14993608541695,65,0.5714289999999949
49,69.14993608541695,30,1.142858000000004
59,69.14993608541695,30,1.142858000000004
66,69.14993608541695,56,0.5714289999999949
49,69.14993608541695,56,1.142858000000004
63,69.14993608541695,47,0.5714289999999949
56,69.14993608541695,30,1.142858000000004
70,69.72136508541695,69,0.42857175000000325
65,69.72136508541695,56,0.5714290000000091
61,69.72136508541695,47,0.5714290000000091
68,70.14993683541695,64,0.14285725000000582
66,70.29279408541696,71,0.25862050000000636
54,70.29279408541696,48,1.0344820000000254
58,70.29279408541696,48,0.25862050000000636
66,70.29279408541696,59,0.25862050000000636
61,70.55141458541696,44,0.25862050000000636
92,70.81003508541697,63,0.08620683333333545
59,70.81003508541697,50,0.25862050000000636
68,70.81003508541697,60,0.25862050000000636
94,70.8962419187503,53,0.08620683333333545
92,70.98244875208364,57,0.08620683333333545
85,71.06865558541698,59,0.08620683333333545
56,71.06865558541698,44,0.25862050000000636
65,71.06865558541698,52,0.25862050000000636
97,71.15486241875031,59,0.08620683333333545
85,71.24106925208365,54,0.08620683333333545
85,71.32727608541698,63,0.08620683333333545
66,71.32727608541698,60,0.25862050000000636
58,71.32727608541698,50,0.25862050000000636
54,71.32727608541698,50,1.0344820000000254
87,71.41348291875032,63,0.08620683333333545
85,71.49968975208365,63,0.08620683333333545
78,71.58589658541699,58,0.08620683333333545
61,71.58589658541699,42,0.25862050000000636
90,71.67210341875032,55,0.08620683333333545
78,71.75831025208366,58,0.08620683333333545
80,71.844517085417,63,0.08620683333333545
59,71.844517085417,50,0.25862050000000636
68,71.844517085417,60,0.25862050000000636
82,71.93072391875033,54,0.08620683333333545
80,72.01693075208367,56,0.08620683333333545
73,72.103137585417,78,0.3467261666666701
65,72.103137585417,51,0.25862050000000636
56,72.103137585417,42,0.25862050000000636
54,72.36175808541701,53,0.26431699999999125
66,72.36175808541701,63,0.26431699999999125
58,72.36175808541701,53,0.26431699999999125
78,72.44986375208367,62,0.08810566666666375
80,72.53796941875034,57,0.08810566666666375
82,72.626075085417,66,0.08810566666666375
80,72.71418075208366,64,0.08810566666666375
78,72.80228641875033,57,0.08810566666666375
73,72.89039208541699,62,0.08620683333333545
63,72.89039208541699,63,0.25862050000000636
53,72.89039208541699,53,0.25862050000000636
59,72.89039208541699,53,0.25862050000000636
80,72.97659891875033,64,0.08620683333333545
85,73.06280575208366,61,0.08620683333333545
87,73.149012585417,67,0.08771933333333948
49,73.149012585417,48,0.26315800000001843
61,73.149012585417,57,0.26315800000001843
85,73.23673191875034,65,0.08771933333333948
80,73.32445125208368,59,0.08771933333333948
78,73.41217058541702,66,0.08547016666666707
63,73.41217058541702,66,0.2564105000000012
58,73.41217058541702,56,0.2564105000000012
54,73.41217058541702,56,0.2564105000000012
85,73.49764075208368,63,0.08547016666666707
90,73.58311091875035,59,0.08547016666666707
92,73.66858108541702,64,0.08771933333333948
49,73.66858108541702,48,0.26315800000001843
61,73.66858108541702,59,0.26315800000001843
90,73.75630041875036,64,0.08771933333333948
87,73.8440197520837,57,0.08771933333333948
85,73.93173908541704,70,0.08547016666666707
59,73.93173908541704,56,0.2564105000000012
53,73.93173908541704,56,0.2564105000000012
63,73.93173908541704,68,0.2564105000000012
92,74.0172092520837,67,0.08547016666666707
97,74.10267941875037,65,0.08547016666666707
99,74.18814958541704,74,0.08771933333333948
61,74.18814958541704,62,0.26315800000001843
49,74.18814958541704,52,0.26315800000001843
97,74.27586891875038,67,0.08771933333333948
92,74.36358825208372,62,0.08771933333333948
90,74.45130758541706,62,0.08620683333333545
66,74.45130758541706,59,0.25862050000000636
54,74.45130758541706,48,1.0344820000000254
58,74.45130758541706,48,0.25862050000000636
92,74.53751441875039,57,0.08620683333333545
90,74.62372125208373,56,0.08620683333333545
85,74.70992808541706,63,0.08620683333333545
61,74.70992808541706,45,0.25862050000000636
97,74.7961349187504,59,0.08620683333333545
85,74.88234175208373,59,0.08620683333333545
85,74.96854858541707,63,0.08620683333333545
68,74.96854858541707,60,0.25862050000000636
59,74.96854858541707,50,0.25862050000000636
87,75.0547554187504,60,0.08620683333333545
85,75.14096225208374,57,0.08620683333333545
80,75.22716908541707,59,0.08620683333333545
56,75.22716908541707,46,0.25862050000000636
65,75.22716908541707,55,0.25862050000000636
92,75.31337591875041,59,0.08620683333333545
80,75.39958275208375,59,0.08620683333333545
80,75.48578958541708,63,0.08620683333333545
58,75.48578958541708,51,0.25862050000000636
66,75.48578958541708,61,0.25862050000000636
54,75.48578958541708,51,1.0401785000000103
82,75.57199641875042,59,0.08620683333333545
80,75.65820325208375,55,0.08620683333333545
78,75.74441008541709,58,0.08810566666666375
61,75.74441008541709,46,0.26431699999999125
90,75.83251575208375,58,0.08810566666666375
78,75.92062141875041,55,0.08810566666666375
73,76.00872708541708,63,0.6034478333333482
59,76.00872708541708,51,0.25862050000000636
68,76.00872708541708,61,0.25862050000000636
56,76.26734758541708,47,0.25862050000000636
65,76.26734758541708,56,0.25862050000000636
58,76.52596808541709,55,0.25862050000000636
66,76.52596808541709,64,0.25862050000000636
54,76.52596808541709,55,0.25862050000000636
78,76.61217491875043,64,0.08620683333333545
80,76.69838175208376,62,0.08620683333333545
82,76.7845885854171,70,0.08771933333333948
61,76.7845885854171,59,0.26315800000001843
80,76.87230791875044,64,0.08771933333333948
78,76.96002725208378,61,0.08771933333333948
73,77.04774658541712,69,0.08547016666666707
63,77.04774658541712,70,0.2564105000000012
59,77.04774658541712,59,0.2564105000000012
53,77.04774658541712,59,0.2564105000000012
80,77.13321675208378,66,0.08547016666666707
85,77.21868691875045,64,0.08547016666666707
87,77.30415708541712,73,0.08733616666665966
49,77.30415708541712,53,0.262008499999979
61,77.30415708541712,63,0.262008499999979
85,77.39149325208378,67,0.08733616666665966
80,77.47882941875044,65,0.08733616666665966
78,77.5661655854171,74,0.08547016666666707
54,77.5661655854171,66,0.2564105000000012
63,77.5661655854171,79,0.2564105000000012
58,77.5661655854171,66,0.2564105000000012
85,77.65163575208376,71,0.08547016666666707
90,77.73710591875043,70,0.08547016666666707
92,77.8225760854171,76,0.08733616666665966
61,77.8225760854171,72,0.262008499999979
49,77.8225760854171,61,0.262008499999979
90,77.90991225208376,70,0.08733616666665966
85,77.99724841875042,70,0.08733616666665966
80,78.08458458541708,79,0.08620683333333545
53,78.08458458541708,70,0.25862050000000636
59,78.08458458541708,70,0.25862050000000636
63,78.08458458541708,84,0.25862050000000636
85,78.17079141875041,81,0.08620683333333545
92,78.25699825208375,78,0.08620683333333545
94,78.34320508541708,86,0.08620683333333545
61,78.34320508541708,81,0.22629293750000556
49,78.34320508541708,69,0.22629293750000556
92,78.42941191875042,78,0.08620683333333545
85,78.51561875208375,74,0.08620683333333545
54,78.56949802291709,68,0.5633005624999612
61,78.58566180416709,70,0.5471367812499608
94,78.60182558541709,87,0.0884954999999934
70,78.60182558541709,90,0.5309729999999604
85,78.69032108541708,77,0.0884954999999934
92,78.77881658541708,71,0.0884954999999934
82,78.86731208541707,83,0.0884954999999934
92,78.95580758541706,78,0.0884954999999934
85,79.04430308541706,70,0.0884954999999934
90,79.13279858541705,83,0.08695649999999944
82,79.21975508541705,76,0.08695649999999944
87,79.30671158541705,72,0.08695649999999944
80,79.39366808541705,83,0.08695649999999944
49,79.39366808541705,79,0.2608694999999983
59,79.39366808541705,79,0.2608694999999983
56,79.39366808541705,79,0.2608694999999983
65,79.39366808541705,94,0.2608694999999983
85,79.48062458541705,76,0.08695649999999944
73,79.56758108541705,72,0.08695649999999944
82,79.65453758541705,83,0.08695649999999944
54,79.65453758541705,77,0.5217389999999966
58,79.65453758541705,77,0.5217389999999966
66,79.65453758541705,90,0.5217389999999966
73,79.74149408541705,78,0.08695649999999944
80,79.82845058541704,74,0.08695649999999944
70,79.91540708541704,83,0.08695649999999944
80,80.00236358541704,72,0.08695649999999944
73,80.08932008541704,72,0.08695649999999944
78,80.17627658541704,83,0.08695649999999944
70,80.26323308541704,78,0.08695649999999944
75,80.35018958541704,74,0.08695649999999944
68,80.43714608541704,83,0.08695649999999944
37,80.43714608541704,78,0.2608694999999983
47,80.43714608541704,78,0.2608694999999983
53,80.43714608541704,93,0.2608694999999983
73,80.52410258541704,77,0.08695649999999944
61,80.61105908541704,76,0.08695649999999944
70,80.69801558541704,87,0.08695649999999944
42,80.69801558541704,75,0.5217389999999966
46,80.69801558541704,75,0.5217389999999966
54,80.69801558541704,89,0.5217389999999966
61,80.78497208541704,82,0.08695649999999944
68,80.87192858541704,77,0.08695649999999944
58,80.95888508541704,88,0.08695649999999944
68,81.04584158541704,77,0.08695649999999944
61,81.13279808541704,81,0.08695649999999944
66,81.21975458541704,93,0.08695649999999944
58,81.30671108541704,87,0.08695649999999944
63,81.39366758541703,86,0.08695649999999944
56,81.48062408541703,97,0.08695649999999944
37,81.48062408541703,80,0.2608694999999983
61,81.56758058541703,91,0.08695649999999944
49,81.65453708541703,88,0.08695649999999944
58,81.74149358541703,101,0.08695649999999944
30,81.74149358541703,71,0.2608694999999983
42,81.74149358541703,85,0.2608694999999983
54,81.82845008541703,92,0.08695649999999944
63,81.91540658541703,87,0.08695649999999944
49,82.00236308541703,101,0.08695649999999944
25,82.00236308541703,68,0.2608694999999983
37,82.00236308541703,80,0.2608694999999983
61,82.08931958541703,92,0.08695649999999944
56,82.17627608541703,86,0.08695649999999944
58,82.26323258541703,101,0.08695649999999944
30,82.26323258541703,71,0.2608694999999983
42,82.26323258541703,85,0.2608694999999983
54,82.35018908541703,93,0.08695649999999944
63,82.43714558541703,89,0.08695649999999944
49,82.52410208541703,101,0.08695649999999944
25,82.52410208541703,68,0.2608694999999983
37,82.52410208541703,80,0.2608694999999983
61,82.61105858541703,93,0.08695649999999944
56,82.69801508541703,89,0.08695649999999944
58,82.78497158541703,101,0.2654864999999944
30,82.78497158541703,71,0.2654864999999944
42,82.78497158541703,85,0.2654864999999944
54,83.05045808541702,48,0.08695649999999944
58,83.05045808541702,60,0.08695649999999944
56,83.13741458541702,59,0.08695649999999944
54,83.22437108541702,54,0.08695649999999944
66,83.31132758541702,63,0.08695649999999944
63,83.31132758541702,50,0.08695649999999944
61,83.39828408541702,60,0.08695649999999944
58,83.48524058541702,56,0.08695649999999944
70,83.57219708541702,64,0.08695649999999944
66,83.57219708541702,50,0.08695649999999944
42,83.57219708541702,53,0.08695649999999944
63,83.65915358541702,62,0.08695649999999944
49,83.65915358541702,48,0.08695649999999944
61,83.74611008541702,58,0.08695649999999944
58,83.74611008541702,46,0.08695649999999944
70,83.83306658541701,52,0.08695649999999944
73,83.83306658541701,66,0.08695649999999944
42,83.83306658541701,56,0.08695649999999944
68,83.92002308541701,64,0.08695649999999944
49,83.92002308541701,51,0.08695649999999944
66,84.00697958541701,58,0.08695649999999944
58,84.00697958541701,49,0.08695649999999944
78,84.09393608541701,69,0.08695649999999944
75,84.09393608541701,55,0.08695649999999944
46,84.09393608541701,57,0.08695649999999944
73,84.18089258541701,59,0.08695649999999944
54,84.18089258541701,52,0.08695649999999944
70,84.26784908541701,59,0.08695649999999944
61,84.26784908541701,49,0.08695649999999944
82,84.35480558541701,70,0.08695649999999944
78,84.35480558541701,55,0.08695649999999944
49,84.35480558541701,59,0.08695649999999944
75,84.44176208541701,65,0.08695649999999944
58,84.44176208541701,52,0.08695649999999944
73,84.52871858541701,64,0.08695649999999944
66,84.52871858541701,51,0.08695649999999944
85,84.61567508541701,71,0.08695649999999944
82,84.61567508541701,56,0.08695649999999944
54,84.61567508541701,61,0.08695649999999944
80,84.70263158541701,67,0.08695649999999944
61,84.70263158541701,54,0.08695649999999944
78,84.78958808541701,67,0.08695649999999944
70,84.78958808541701,51,0.08695649999999944
90,84.87654458541701,73,0.08658016666666413
87,84.87654458541701,58,0.08658016666666413
58,84.87654458541701,61,0.08658016666666413
85,84.96312475208367,67,0.08658016666666413
66,84.96312475208367,56,0.08658016666666413
82,85.04970491875034,65,0.08658016666666413
73,85.04970491875034,54,0.08658016666666413
94,85.136285085417,75,0.08658016666666413
90,85.136285085417,59,0.08658016666666413
61,85.136285085417,65,0.08658016666666413
87,85.22286525208366,69,0.08695649999999944
70,85.22286525208366,58,0.08695649999999944
85,85.30982175208366,66,0.08695649999999944
78,85.30982175208366,56,0.08695649999999944
90,85.39677825208366,78,0.08695649999999944
87,85.39677825208366,62,0.08695649999999944
66,85.39677825208366,67,0.08695649999999944
85,85.48373475208366,70,0.08695649999999944
70,85.48373475208366,59,0.08695649999999944
82,85.57069125208366,69,0.08733616666665966
78,85.57069125208366,58,0.08733616666665966
94,85.65802741875032,78,0.08733616666665966
90,85.65802741875032,62,0.08733616666665966
61,85.65802741875032,68,0.08733616666665966
87,85.74536358541698,71,0.08733616666665966
70,85.74536358541698,60,0.08733616666665966
85,85.83269975208364,70,0.08733616666665966
78,85.83269975208364,59,0.08733616666665966
90,85.9200359187503,81,0.08771933333333948
87,85.9200359187503,64,0.08771933333333948
66,85.9200359187503,72,0.08771933333333948
85,86.00775525208364,74,0.08771933333333948
70,86.00775525208364,61,0.08771933333333948
82,86.09547458541698,73,0.08771933333333948
78,86.09547458541698,59,0.08771933333333948
94,86.18319391875032,81,0.08771933333333948
90,86.18319391875032,64,0.08771933333333948
61,86.18319391875032,72,0.08771933333333948
87,86.27091325208366,75,0.08810566666666375
70,86.27091325208366,65,0.08810566666666375
85,86.35901891875032,74,0.08810566666666375
78,86.35901891875032,63,0.08810566666666375
90,86.44712458541699,82,0.08810566666666375
87,86.44712458541699,65,0.08810566666666375
66,86.44712458541699,73,0.08810566666666375
85,86.53523025208365,75,0.08810566666666375
70,86.53523025208365,67,0.08810566666666375
82,86.62333591875031,75,0.0884954999999934
78,86.62333591875031,66,0.0884954999999934
94,86.71183141875031,85,0.0884954999999934
90,86.71183141875031,67,0.0884954999999934
61,86.71183141875031,75,0.0884954999999934
87,86.8003269187503,77,0.0884954999999934
70,86.8003269187503,69,0.0884954999999934
85,86.8888224187503,75,0.0884954999999934
78,86.8888224187503,69,0.0884954999999934
82,86.97731791875029,89,0.12987016666666307
90,86.97731791875029,89,0.12987016666666307
66,86.97731791875029,81,0.12987016666666307
78,87.21465562708362,94,0.10062941666666347
90,87.21465562708362,94,0.10062941666666347
54,87.21465562708362,87,0.10062941666666347
66,87.21465562708362,87,0.10062941666666347
87,87.31528504375028,94,0.0758857916666642
75,87.31528504375028,94,0.0758857916666642
63,87.31528504375028,83,0.0758857916666642
51,87.31528504375028,83,0.0758857916666642
85,87.41655154375027,95,0.07640112499998963
73,87.41655154375027,95,0.07640112499998963
61,87.41655154375027,85,0.07640112499998963
49,87.41655154375027,85,0.07640112499998963
82,87.51859371041692,96,0.07705529166666736
70,87.51859371041692,96,0.07705529166666736
58,87.51859371041692,86,0.07705529166666736
46,87.51859371041692,86,0.07705529166666736
80,87.62142221041692,97,0.07758670833332815
68,87.62142221041692,97,0.07758670833332815
56,87.62142221041692,86,0.07758670833332815
44,87.62142221041692,86,0.07758670833332815
78,87.72491566875026,98,0.078125
66,87.72491566875026,98,0.078125
54,87.72491566875026,87,0.078125
42,87.72491566875026,87,0.078125
75,87.82921866875026,98,0.07880958333333865
63,87.82921866875026,98,0.07880958333333865
51,87.82921866875026,88,0.07880958333333865
39,87.82921866875026,88,0.07880958333333865
73,87.93434404375026,100,0.07936512499999537
61,87.93434404375026,100,0.07936512499999537
37,87.93434404375026,89,0.07936512499999537
49,87.93434404375026,89,0.07936512499999537
70,88.04030491875025,101,0.07992945833332499
58,88.04030491875025,101,0.07992945833332499
34,88.04030491875025,89,0.07992945833332499
46,88.04030491875025,89,0.07992945833332499
68,88.1469723354169,103,0.08050137499999721
56,88.1469723354169,103,0.08050137499999721
32,88.1469723354169,92,0.08050137499999721
44,88.1469723354169,92,0.08050137499999721
54,88.25450075208357,111,0.1754384999999985
66,88.25450075208357,111,0.1754384999999985
30,88.25450075208357,99,0.1754384999999985
42,88.25450075208357,99,0.1754384999999985
54,88.91556871458357,93,0.8315953125000135
61,88.96130043333358,98,0.8352057187500037
94,89.00703215208358,118,0.7894739999999985
90,89.00703215208358,108,0.7894739999999985
85,89.00703215208358,108,0.7894739999999985
82,89.00703215208358,108,0.7894739999999985
70,89.00703215208358,108,0.7894739999999985
54,89.79650615208358,112,1.578947999999997
30,89.79650615208358,102,1.578947999999997
42,89.79650615208358,102,1.578947999999997
