66,0,49,0.11904766666666666
70,0,49,0.2366072375
70,0.11904766666666666,62,0.11755957083333335
73,0.11904766666666666,62,0.23809533333333333
61,0.2366072375,49,0.12053576249999998
69,0.357143,62,0.06994050416666664
72,0.357143,62,0.06994050416666664
66,0.357143,49,0.11904766666666666
63,0.47619066666666665,49,0.11755957083333335
66,0.5937502375,49,0.12053576249999998
70,0.714286,88,0.714286
73,0.714286,88,0.714286
61,0.714286,49,0.11904766666666666
66,0.8333336666666666,49,0.11755957083333335
58,0.9508932375,49,0.12053576249999998
61,1.071429,49,0.11904766666666666
54,1.1904766666666666,49,0.11755957083333324
58,1.3080362374999999,49,0.12053576250000009
54,1.428572,49,0.11904766666666666
58,1.5476196666666666,62,0.11755957083333324
58,1.5476196666666666,49,0.11755957083333324
49,1.6651792374999999,49,0.12053576250000009
57,1.785715,62,0.06994050416666675
54,1.785715,49,0.11904766666666666
51,1.9047626666666666,49,0.11755957083333346
54,2.0223222375,49,0.12053576249999987
58,2.142858,88,0.7142859999999995
49,2.142858,49,0.11904766666666644
54,2.2619056666666664,49,0.11755957083333346
46,2.3794652375,49,0.12053576249999987
49,2.5000009999999997,49,0.11904766666666644
42,2.619048666666666,49,0.11755957083333346
46,2.7366082374999996,49,0.12053576249999987
37,2.8571439999999995,49,0.11904766666666644
49,2.976191666666666,49,0.11755957083333346
44,3.0937512374999994,49,0.12053576249999987
53,3.2142869999999992,62,0.06994050416666653
49,3.2142869999999992,49,0.11904766666666644
44,3.3333346666666657,49,0.11755957083333346
56,3.450894237499999,49,0.12053576249999987
51,3.571429999999999,88,0.35714299999999977
44,3.571429999999999,49,0.11904766666666644
56,3.6904776666666654,49,0.11755957083333346
51,3.808037237499999,49,0.12053576249999987
59,3.9285729999999988,62,0.3571430000000002
56,3.9285729999999988,49,0.11904766666666644
51,4.047620666666665,49,0.11755957083333346
63,4.165180237499999,49,0.12053576250000031
49,4.285715999999999,62,0.4270835041666672
56,4.285715999999999,49,0.11904766666666688
63,4.404763666666666,49,0.11755957083333346
56,4.522323237499999,49,0.12053576250000031
63,4.642859,62,0.06994050416666653
59,4.642859,49,0.11904766666666688
56,4.7619066666666665,49,0.11755957083333346
68,4.8794662375,49,0.12053576250000031
56,5.000002,62,0.35714300000000065
59,5.000002,62,0.35714300000000065
61,5.000002,62,0.11904766666666688
61,5.000002,49,0.11904766666666688
68,5.119049666666667,49,0.11755957083333346
61,5.236609237500001,49,0.12053576250000031
65,5.357145000000001,62,0.35714300000000065
68,5.357145000000001,49,0.11904766666666688
61,5.476192666666668,49,0.11755957083333346
73,5.593752237500001,49,0.12053576250000031
66,5.714288000000002,49,0.11904766666666688
70,5.714288000000002,49,0.23660723750000034
70,5.8333356666666685,62,0.11755957083333346
73,5.8333356666666685,62,0.23809533333333377
61,5.950895237500002,49,0.12053576250000031
69,6.071431000000002,62,0.06994050416666653
72,6.071431000000002,62,0.06994050416666653
66,6.071431000000002,49,0.11904766666666688
63,6.190478666666669,49,0.11755957083333346
66,6.308038237500003,49,0.12053576250000031
70,6.428574000000003,88,0.7142860000000013
73,6.428574000000003,88,0.7142860000000013
61,6.428574000000003,49,0.11904766666666688
66,6.54762166666667,49,0.11755957083333346
58,6.665181237500003,49,0.12053576250000031
61,6.7857170000000036,49,0.11904766666666688
54,6.90476466666667,49,0.11755957083333346
58,7.022324237500004,49,0.12053576250000031
54,7.142860000000004,49,0.11904766666666688
58,7.261907666666671,62,0.11755957083333346
58,7.261907666666671,49,0.11755957083333346
49,7.3794672375000046,49,0.12053576250000031
57,7.500003000000005,62,0.06994050416666653
54,7.500003000000005,49,0.11904766666666688
51,7.619050666666672,49,0.11755957083333346
54,7.736610237500005,49,0.12053576250000031
58,7.8571460000000055,88,0.7142859999999978
49,7.8571460000000055,49,0.11904766666666688
54,7.976193666666672,49,0.11755957083333257
46,8.093753237500005,49,0.12053576249999942
49,8.214289000000004,49,0.11904766666666688
42,8.333336666666671,49,0.11755957083333257
46,8.450896237500004,49,0.12053576249999942
35,8.571432000000003,62,0.3571429999999989
39,8.571432000000003,49,0.11904766666666688
51,8.69047966666667,49,0.11755957083333257
44,8.808039237500003,49,0.12053576249999942
53,8.928575000000002,88,0.38461550000000067
51,8.928575000000002,49,0.12820516666666748
44,9.05678016666667,49,0.12660260208333263
56,9.183382768750002,49,0.12980773125000056
47,9.313190500000003,62,0.41666649999999983
51,9.313190500000003,49,0.13888883333333268
63,9.452079333333335,49,0.13715272291666736
56,9.589232056250003,49,0.1406249437499998
63,9.729857000000003,88,0.08901516041666646
63,9.729857000000003,49,0.08901516041666646
56,9.881372166666669,49,0.14962122708333325
68,10.030993393750002,49,0.1534091062500007
62,10.184402500000003,62,0.517241499999999
58,10.184402500000003,49,0.1724138333333336
70,10.356816333333336,75,0.17025866041666582
58,10.527074993750002,49,0.1745690062499996
58,10.701644000000002,49,0.19230766666666632
46,10.893951666666668,62,0.18990382083333301
53,10.893951666666668,62,0.38461533333333264
46,10.893951666666668,49,0.18990382083333301
58,11.083855487500001,49,0.19471151249999963
62,11.278567,88,0.43206527499999936
58,11.278567,49,0.2173913333333335
70,11.495958333333334,49,0.21467394166666587
60,11.710632275,88,0.47010872499999934
63,11.710632275,88,0.47010872499999934
58,11.710632275,49,0.22010872499999934
70,11.930741,49,0.25
62,12.180741,88,0.5
65,12.180741,88,0.5
58,12.180741,49,0.2468749999999993
70,12.427615999999999,49,0.2531250000000007
54,12.680741,75,0.13157900000000033
61,12.680741,75,0.13157900000000033
66,12.680741,75,0.13157900000000033
73,12.81232,88,0.26315800000000067
70,12.81232,75,0.12993426250000084
61,12.9422542625,75,0.13322373749999983
69,13.075478,88,0.07730266249999929
75,13.075478,88,0.07730266249999929
66,13.075478,75,0.13157899999999856
60,13.207056999999999,75,0.12993426250000084
66,13.3369912625,75,0.13322373749999983
70,13.470215,114,0.789474000000002
73,13.470215,114,0.789474000000002
61,13.470215,75,0.13157900000000033
66,13.601794,75,0.12993426250000084
58,13.7317282625,75,0.13322373749999983
61,13.864952,75,0.13157900000000033
54,13.996531000000001,75,0.12993426250000084
58,14.126465262500002,75,0.13322373749999983
54,14.259689000000002,49,0.13157900000000033
58,14.391268000000002,62,0.12993426250000084
58,14.391268000000002,49,0.12993426250000084
49,14.521202262500003,49,0.13322373749999983
59,14.654426000000003,62,0.07730266249999929
54,14.654426000000003,49,0.13157899999999856
51,14.786005000000001,49,0.12993426250000084
54,14.915939262500002,49,0.13322373749999983
58,15.049163000000002,88,0.789474000000002
49,15.049163000000002,49,0.13157900000000033
54,15.180742000000002,49,0.12993426250000084
46,15.310676262500003,49,0.13322373749999983
49,15.443900000000003,49,0.13157900000000033
42,15.575479000000003,49,0.12993426250000084
46,15.705413262500004,49,0.13322373749999983
37,15.838637000000004,49,0.13157900000000033
49,15.970216000000004,49,0.12993426250000084
44,16.100150262500005,49,0.13322373749999983
53,16.233374000000005,62,0.07730266249999929
49,16.233374000000005,49,0.13157899999999856
44,16.364953000000003,49,0.12993426250000084
56,16.494887262500004,49,0.13322373749999983
51,16.628111000000004,88,0.3947369999999992
44,16.628111000000004,62,0.13157899999999856
56,16.759690000000003,62,0.12993426250000084
51,16.889624262500003,62,0.13322373749999983
59,17.022848000000003,75,0.3947369999999992
56,17.022848000000003,62,0.13157899999999856
51,17.154427000000002,62,0.12993426250000084
63,17.284361262500003,62,0.13322373749999983
49,17.417585000000003,75,0.3947369999999992
56,17.417585000000003,62,0.13157899999999856
63,17.549164,62,0.12993426250000084
56,17.679098262500002,62,0.13322373749999983
59,17.812322,75,0.07730266249999929
63,17.812322,75,0.07730266249999929
63,17.812322,62,0.07730266249999929
56,17.943901,62,0.12993426250000084
68,18.0738352625,62,0.13322373749999983
56,18.207059,101,0.3947369999999992
59,18.207059,101,0.3947369999999992
61,18.207059,101,0.13157899999999856
61,18.207059,62,0.13157899999999856
68,18.338638,62,0.12993426250000084
61,18.4685722625,62,0.13322373749999983
65,18.601796,75,0.3947369999999992
68,18.601796,62,0.13157899999999856
61,18.733375,62,0.12993426250000084
73,18.8633092625,62,0.13322373749999983
66,18.996533,75,0.11904766666666688
70,18.996533,75,0.23660723749999946
73,19.115580666666666,88,0.23809533333333377
61,19.2331402375,75,0.1205357625000012
69,19.353676,88,0.06994050416666653
75,19.353676,88,0.06994050416666653
66,19.353676,75,0.11904766666666688
60,19.472723666666667,75,0.11755957083333257
66,19.5902832375,75,0.1205357625000012
70,19.710819,114,0.7142860000000013
73,19.710819,114,0.7142860000000013
61,19.710819,75,0.11904766666666688
66,19.829866666666668,75,0.11755957083333257
58,19.9474262375,75,0.1205357625000012
61,20.067962,75,0.11904766666666688
54,20.18700966666667,75,0.11755957083333257
58,20.3045692375,75,0.1205357625000012
54,20.425105000000002,49,0.11904766666666688
58,20.54415266666667,62,0.11755957083333257
58,20.54415266666667,49,0.11755957083333257
49,20.6617122375,49,0.1205357625000012
59,20.782248000000003,62,0.06994050416666653
54,20.782248000000003,49,0.11904766666666688
51,20.90129566666667,49,0.11755957083333257
54,21.018855237500002,49,0.1205357625000012
58,21.139391000000003,88,0.7142860000000013
49,21.139391000000003,49,0.11904766666666688
54,21.25843866666667,49,0.11755957083333257
46,21.375998237500003,49,0.1205357625000012
49,21.496534000000004,49,0.11904766666666688
42,21.61558166666667,49,0.11755957083333257
46,21.733141237500003,49,0.1205357625000012
36,21.853677000000005,75,0.35714300000000065
39,21.853677000000005,62,0.11904766666666688
51,21.97272466666667,62,0.11755957083333257
44,22.090284237500004,62,0.1205357625000012
54,22.210820000000005,101,0.35714300000000065
51,22.210820000000005,62,0.11904766666666688
44,22.329867666666672,62,0.11755957083333257
56,22.447427237500005,62,0.1205357625000012
54,22.567963000000006,75,0.35714300000000065
51,22.567963000000006,75,0.11904766666666688
56,22.687010666666673,75,0.11755957083333257
51,22.804570237500005,75,0.1205357625000012
63,22.925106000000007,114,0.11904766666666688
63,22.925106000000007,75,0.11904766666666688
54,23.044153666666674,88,0.23809533333333377
56,23.044153666666674,75,0.11755957083333257
63,23.161713237500006,75,0.1205357625000012
49,23.282249000000007,88,0.35714300000000065
56,23.282249000000007,75,0.11904766666666688
63,23.401296666666674,75,0.11755957083333257
56,23.518856237500007,75,0.1205357625000012
61,23.639392000000008,88,0.35714300000000065
63,23.639392000000008,75,0.11904766666666688
56,23.758439666666675,75,0.11755957083333257
68,23.875999237500007,75,0.1205357625000012
65,23.99653500000001,101,0.35714300000000065
61,23.99653500000001,62,0.11904766666666688
68,24.115582666666675,62,0.11755957083333257
61,24.233142237500008,62,0.1205357625000012
65,24.35367800000001,75,0.35714300000000065
68,24.35367800000001,62,0.11904766666666688
61,24.472725666666676,62,0.11755957083333257
73,24.59028523750001,62,0.1205357625000012
72,24.71082100000001,88,0.35714300000000065
78,24.71082100000001,88,0.35714300000000065
68,24.71082100000001,49,0.11904766666666688
70,24.829868666666677,49,0.11755957083333257
68,24.94742823750001,49,0.1205357625000012
56,25.06796400000001,62,0.11904766666666688
56,25.06796400000001,49,0.11904766666666688
75,25.187011666666677,49,0.11755957083333257
63,25.30457123750001,49,0.1205357625000012
66,25.30457123750001,49,0.1205357625000012
71,25.30457123750001,49,0.1205357625000012
65,25.42510700000001,88,0.35714300000000065
70,25.42510700000001,88,0.35714300000000065
61,25.42510700000001,49,0.11904766666666688
63,25.544154666666678,49,0.11755957083333257
61,25.66171423750001,49,0.1205357625000012
49,25.782250000000012,62,0.35714300000000065
56,25.782250000000012,49,0.11904766666666688
68,25.90129766666668,49,0.11755957083333257
56,26.01885723750001,49,0.1205357625000012
61,26.01885723750001,49,0.1205357625000012
65,26.01885723750001,49,0.1205357625000012
60,26.139393000000013,88,0.35714300000000065
66,26.139393000000013,88,0.35714300000000065
56,26.139393000000013,49,0.11904766666666688
58,26.25844066666668,49,0.11755957083333257
56,26.376000237500012,49,0.1205357625000012
44,26.496536000000013,62,0.11904766666666688
44,26.496536000000013,49,0.11904766666666688
63,26.61558366666668,49,0.11755957083333257
51,26.733143237500013,49,0.1205357625000012
53,26.853679000000014,88,0.35714300000000065
61,26.853679000000014,88,0.35714300000000065
49,26.853679000000014,49,0.11904766666666688
51,26.97272666666668,49,0.11755957083333257
49,27.090286237500013,49,0.1205357625000012
37,27.210822000000014,75,0.35714300000000065
44,27.210822000000014,75,0.35714300000000065
37,27.567965000000015,62,0.0
44,27.567965000000015,49,0.11904766666666688
51,27.687012666666682,49,0.11755957083333257
60,27.804572237500015,62,0.1205357625000012
56,27.804572237500015,49,0.1205357625000012
60,27.925108000000016,88,0.35714300000000065
66,27.925108000000016,88,0.35714300000000065
58,27.925108000000016,49,0.11904766666666688
56,28.044155666666683,49,0.11755957083333257
51,28.161715237500015,49,0.1205357625000012
49,28.282251000000016,62,0.11904766666666688
49,28.282251000000016,49,0.11904766666666688
56,28.401298666666683,49,0.11755957083333257
61,28.518858237500016,62,0.1205357625000012
61,28.518858237500016,49,0.1205357625000012
65,28.639394000000017,88,0.35714300000000065
70,28.639394000000017,88,0.35714300000000065
63,28.639394000000017,49,0.11904766666666688
61,28.758441666666684,49,0.11755957083333257
58,28.876001237500017,49,0.1205357625000012
49,28.996537000000018,62,0.23660723749999946
56,28.996537000000018,49,0.11904766666666688
63,29.115584666666685,49,0.11755957083333257
72,29.233144237500017,62,0.1205357625000012
68,29.233144237500017,49,0.1205357625000012
72,29.35368000000002,88,0.35714300000000065
78,29.35368000000002,88,0.35714300000000065
70,29.35368000000002,49,0.11904766666666688
68,29.472727666666685,49,0.11755957083333257
63,29.590287237500018,49,0.1205357625000012
61,29.71082300000002,62,0.11904766666666688
61,29.71082300000002,49,0.11904766666666688
68,29.829870666666686,49,0.11755957083333257
77,29.94743023750002,62,0.03125
73,29.94743023750002,49,0.158203125
77,30.10563336250002,62,0.029296875
75,30.10563336250002,62,0.15625
78,30.26188336250002,75,0.03125
73,30.26188336250002,62,0.154296875
79,30.41618023750002,75,0.03125
70,30.41618023750002,62,0.158203125
72,30.57438336250002,101,0.35714300000000065
80,30.57438336250002,101,0.35714300000000065
68,30.57438336250002,49,0.11904766666666688
70,30.693431029166685,49,0.11755957083333257
68,30.810990600000018,49,0.1205357625000012
63,30.93152636250002,49,0.11904766666666688
75,31.050574029166686,62,0.11755957083333257
75,31.050574029166686,49,0.11755957083333257
66,31.16813360000002,62,0.1205357625000012
70,31.16813360000002,62,0.1205357625000012
63,31.16813360000002,49,0.1205357625000012
65,31.28866936250002,88,0.35714300000000065
73,31.28866936250002,88,0.35714300000000065
61,31.28866936250002,49,0.11904766666666688
63,31.407717029166687,49,0.11755957083333257
61,31.52527660000002,49,0.1205357625000012
56,31.64581236250002,62,0.11904766666666688
49,31.64581236250002,49,0.11904766666666688
70,31.764860029166687,62,0.11755957083333257
70,31.764860029166687,49,0.11755957083333257
61,31.88241960000002,62,0.12053576249999765
65,31.88241960000002,62,0.12053576249999765
56,31.88241960000002,49,0.12053576249999765
60,32.00295536250002,88,0.35714300000000065
66,32.00295536250002,88,0.35714300000000065
56,32.00295536250002,49,0.11904766666666688
58,32.122003029166684,49,0.11755957083333612
56,32.23956260000002,49,0.12053576249999765
44,32.36009836250002,62,0.11904766666666688
51,32.36009836250002,49,0.11904766666666688
63,32.479146029166685,62,0.11755957083333612
63,32.479146029166685,49,0.11755957083333612
54,32.59670560000002,62,0.12053576249999765
60,32.59670560000002,62,0.12053576249999765
51,32.59670560000002,49,0.12053576249999765
53,32.71724136250002,88,0.35714300000000065
61,32.71724136250002,88,0.35714300000000065
49,32.71724136250002,49,0.11904766666666688
51,32.836289029166686,49,0.11755957083333612
49,32.95384860000002,49,0.12053576249999765
37,33.07438436250002,75,0.35714300000000065
44,33.07438436250002,75,0.35714300000000065
36,33.43152736250002,49,0.7142860000000013
44,33.43152736250002,49,0.11904766666666688
56,33.55057502916669,49,0.11755957083333612
51,33.66813460000002,49,0.12053576249999765
54,33.66813460000002,49,0.12053576249999765
56,33.78867036250002,49,0.11904766666666688
51,33.90771802916669,49,0.11755957083333612
54,33.90771802916669,49,0.11755957083333612
56,34.025277600000024,49,0.12053576249999765
63,34.14581336250002,75,0.11904766666666688
63,34.14581336250002,49,0.11904766666666688
56,34.26486102916669,49,0.11755957083333612
51,34.382420600000025,49,0.12053576249999765
54,34.382420600000025,49,0.12053576249999765
48,34.50295636250002,75,0.35714300000000065
56,34.50295636250002,49,0.11904766666666688
51,34.62200402916669,49,0.11755957083333612
54,34.62200402916669,49,0.11755957083333612
56,34.739563600000025,49,0.12053576249999765
36,34.86009936250002,75,0.7142860000000013
44,34.86009936250002,49,0.11904766666666688
56,34.97914702916669,49,0.11755957083333612
51,35.096706600000026,49,0.12053576249999765
54,35.096706600000026,49,0.12053576249999765
56,35.21724236250002,49,0.11904766666666688
51,35.33629002916669,49,0.11755957083333612
54,35.33629002916669,49,0.11755957083333612
56,35.45384960000003,49,0.12053576249999765
63,35.574385362500024,75,0.11904766666666688
63,35.574385362500024,49,0.11904766666666688
56,35.69343302916669,49,0.11755957083333612
51,35.81099260000003,49,0.12053576249999765
54,35.81099260000003,49,0.12053576249999765
48,35.931528362500025,75,0.35714300000000065
56,35.931528362500025,49,0.11904766666666688
51,36.05057602916669,49,0.11755957083333612
54,36.05057602916669,49,0.11755957083333612
56,36.16813560000003,49,0.12053576249999765
37,36.288671362500025,75,0.35714300000000065
49,36.288671362500025,75,0.11904766666666688
49,36.288671362500025,49,0.11904766666666688
58,36.40771902916669,49,0.11755957083333612
54,36.52527860000003,49,0.12053576249999765
58,36.645814362500026,75,0.11904766666666688
66,36.645814362500026,75,0.35714300000000065
58,36.645814362500026,49,0.11904766666666688
54,36.76486202916669,49,0.11755957083333612
58,36.88242160000003,49,0.12053576249999765
48,37.00295736250003,75,0.35714300000000065
54,37.00295736250003,49,0.11904766666666688
58,37.122005029166694,49,0.11755957083333612
54,37.23956460000003,49,0.12053576249999765
49,37.36010036250003,75,0.35714300000000065
58,37.36010036250003,49,0.11904766666666688
54,37.479148029166694,49,0.11755957083333612
58,37.59670760000003,49,0.12053576249999765
38,37.71724336250003,88,0.35714300000000065
50,37.71724336250003,88,0.11904766666666688
50,37.71724336250003,49,0.11904766666666688
58,37.836291029166695,49,0.11755957083333612
54,37.95385060000003,49,0.12053576249999765
58,38.07438636250003,88,0.11904766666666688
66,38.07438636250003,88,0.35714300000000065
58,38.07438636250003,49,0.11904766666666688
54,38.193434029166696,49,0.11755957083333612
58,38.31099360000003,49,0.12053576249999765
49,38.43152936250003,88,0.35714300000000065
54,38.43152936250003,49,0.11904766666666688
58,38.550577029166696,49,0.11755957083333612
54,38.66813660000003,49,0.12053576249999765
50,38.78867236250003,88,0.35714300000000065
58,38.78867236250003,49,0.11904766666666688
54,38.9077200291667,49,0.11755957083333612
58,39.02527960000003,49,0.12053576249999765
39,39.14581536250003,88,0.35714300000000065
51,39.14581536250003,88,0.11904766666666688
51,39.14581536250003,49,0.11904766666666688
58,39.2648630291667,49,0.11755957083333612
54,39.382422600000034,49,0.12053576249999765
70,39.50295836250003,88,0.11904766666666688
70,39.50295836250003,49,0.11904766666666688
54,39.6220060291667,49,0.11755957083333612
58,39.6220060291667,49,0.11755957083333612
51,39.739565600000034,49,0.12053576249999765
68,39.86010136250003,88,0.11904766666666688
68,39.86010136250003,49,0.11904766666666688
54,39.9791490291667,49,0.11755957083333612
58,39.9791490291667,49,0.11755957083333612
51,40.096708600000035,49,0.12053576249999765
66,40.21724436250003,88,0.11904766666666688
66,40.21724436250003,49,0.11904766666666688
54,40.3362920291667,49,0.11755957083333612
58,40.3362920291667,49,0.11755957083333612
39,40.453851600000036,62,0.12053576249999765
51,40.453851600000036,62,0.12053576249999765
51,40.453851600000036,49,0.12053576249999765
40,40.57438736250003,101,0.35714300000000065
52,40.57438736250003,101,0.11904766666666688
52,40.57438736250003,62,0.11904766666666688
58,40.6934350291667,88,0.11755957083333612
61,40.6934350291667,88,0.11755957083333612
54,40.810994600000036,62,0.12053576249999765
70,40.931530362500034,101,0.11904766666666688
70,40.931530362500034,62,0.11904766666666688
58,41.0505780291667,62,0.11755957083333612
61,41.0505780291667,62,0.11755957083333612
54,41.16813760000004,62,0.12053576249999765
68,41.288673362500035,101,0.11904766666666688
68,41.288673362500035,62,0.11904766666666688
58,41.4077210291667,62,0.11755957083333612
61,41.4077210291667,62,0.11755957083333612
54,41.52528060000004,62,0.12053576249999765
66,41.645816362500035,101,0.11904766666666688
66,41.645816362500035,62,0.11904766666666688
58,41.7648640291667,62,0.11755957083333612
61,41.7648640291667,62,0.11755957083333612
40,41.88242360000004,75,0.12053576249999765
52,41.88242360000004,75,0.12053576249999765
40,41.88242360000004,62,0.12053576249999765
52,41.88242360000004,62,0.12053576249999765
41,42.002959362500036,88,0.35714300000000065
53,42.002959362500036,88,0.11904766666666688
53,42.002959362500036,75,0.11904766666666688
58,42.1220070291667,75,0.11755957083333612
61,42.1220070291667,75,0.11755957083333612
61,42.23956660000004,75,0.12053576249999765
70,42.36010236250004,114,0.35714300000000065
73,42.36010236250004,101,0.11904766666666688
61,42.4791500291667,75,0.11755957083333612
58,42.59670960000004,75,0.12053576249999765
61,42.59670960000004,75,0.12053576249999765
40,42.71724536250004,114,0.35714300000000065
52,42.71724536250004,114,0.11904766666666688
52,42.71724536250004,75,0.11904766666666688
58,42.836293029166704,75,0.11755957083333612
61,42.836293029166704,75,0.11755957083333612
49,42.95385260000004,75,0.12053576249999765
41,43.07438836250004,114,0.35714300000000065
53,43.07438836250004,114,0.11904766666666688
53,43.07438836250004,75,0.11904766666666688
58,43.193436029166705,75,0.11755957083333612
61,43.193436029166705,75,0.11755957083333612
49,43.31099560000004,75,0.12053576249999765
42,43.43153136250004,114,0.35714300000000065
54,43.43153136250004,114,0.11904766666666688
54,43.43153136250004,75,0.11904766666666688
58,43.550579029166705,75,0.11755957083333612
61,43.550579029166705,75,0.11755957083333612
61,43.66813860000004,75,0.12053576249999765
70,43.78867436250004,114,0.35714300000000065
73,43.78867436250004,101,0.11904766666666688
61,43.907722029166706,75,0.11755957083333612
58,44.02528160000004,75,0.12053576249999765
61,44.02528160000004,75,0.12053576249999765
41,44.14581736250004,114,0.11904766666666688
53,44.14581736250004,114,0.11904766666666688
41,44.14581736250004,75,0.11904766666666688
53,44.14581736250004,75,0.11904766666666688
58,44.26486502916671,75,0.11755957083333612
61,44.26486502916671,75,0.11755957083333612
49,44.38242460000004,75,0.12053576249999765
42,44.50296036250004,114,0.11904766666666688
54,44.50296036250004,114,0.11904766666666688
42,44.50296036250004,75,0.11904766666666688
54,44.50296036250004,75,0.11904766666666688
58,44.62200802916671,75,0.11755957083333612
61,44.62200802916671,75,0.11755957083333612
49,44.73956760000004,75,0.12053576249999765
43,44.86010336250004,114,0.35714300000000065
55,44.86010336250004,114,0.11904766666666688
55,44.86010336250004,75,0.11904766666666688
58,44.97915102916671,75,0.11755957083333612
61,44.97915102916671,75,0.11755957083333612
61,45.096710600000044,75,0.12053576249999765
70,45.21724636250004,114,0.35714300000000065
73,45.21724636250004,75,0.11904766666666688
61,45.33629402916671,75,0.11755957083333612
58,45.453853600000045,75,0.12053576249999765
61,45.453853600000045,75,0.12053576249999765
44,45.57438936250004,114,0.35714300000000065
56,45.57438936250004,114,0.11904766666666688
56,45.57438936250004,75,0.11904766666666688
56,45.69343702916671,75,0.11755957083333612
61,45.69343702916671,75,0.11755957083333612
61,45.810996600000045,75,0.12053576249999765
68,45.93153236250004,114,0.35714300000000065
73,45.93153236250004,114,0.11904766666666688
73,45.93153236250004,75,0.11904766666666688
61,46.05058002916671,75,0.11755957083333612
56,46.168139600000046,75,0.12053576249999765
61,46.168139600000046,75,0.12053576249999765
45,46.288675362500044,114,0.35714300000000065
57,46.288675362500044,114,0.11904766666666688
57,46.288675362500044,75,0.11904766666666688
54,46.40772302916671,75,0.11755957083333612
61,46.40772302916671,75,0.11755957083333612
61,46.52528260000005,75,0.12053576249999765
66,46.645818362500044,114,0.11904766666666688
73,46.645818362500044,114,0.11904766666666688
66,46.645818362500044,75,0.11904766666666688
73,46.645818362500044,75,0.11904766666666688
61,46.76486602916671,75,0.11755957083333612
54,46.88242560000005,75,0.12053576249999765
61,46.88242560000005,75,0.12053576249999765
49,47.002961362500045,75,0.11904766666666688
42,47.12200902916671,75,0.11755957083333612
49,47.12200902916671,75,0.11755957083333612
37,47.23956860000005,75,0.12053576249999765
33,47.360104362500046,114,0.236607237500003
45,47.360104362500046,114,0.11904766666666688
45,47.360104362500046,75,0.11904766666666688
42,47.47915202916671,75,0.11755957083333612
49,47.47915202916671,75,0.11755957083333612
33,47.59671160000005,114,0.12053576249999765
45,47.59671160000005,114,0.12053576249999765
45,47.59671160000005,75,0.12053576249999765
32,47.717247362500046,127,0.7142860000000013
44,47.717247362500046,127,0.11904766666666688
44,47.717247362500046,88,0.11904766666666688
51,47.83629502916671,88,0.11755957083333612
54,47.95385460000005,88,0.12053576249999765
61,48.07439036250005,88,0.11904766666666688
51,48.193438029166714,88,0.11755957083333612
54,48.31099760000005,88,0.12053576249999765
58,48.43153336250005,127,0.35714300000000065
61,48.43153336250005,88,0.11904766666666688
63,48.550581029166715,88,0.11755957083333612
54,48.66814060000005,88,0.12053576249999765
61,48.78867636250005,88,0.11904766666666688
63,48.907724029166715,88,0.11755957083333612
58,49.02528360000005,127,0.12053576249999765
66,49.02528360000005,88,0.12053576249999765
58,49.14581936250005,127,0.7142860000000013
63,49.14581936250005,88,0.11904766666666688
66,49.264867029166716,88,0.11755957083333612
73,49.38242660000005,88,0.12053576249999765
75,49.50296236250005,88,0.11904766666666688
66,49.62201002916672,88,0.11755957083333612
73,49.73956960000005,88,0.12053576249999765
70,49.86010536250005,127,0.35714300000000065
75,49.86010536250005,88,0.11904766666666688
78,49.97915302916672,88,0.11755957083333612
73,50.09671260000005,88,0.12053576249999765
75,50.21724836250005,88,0.11904766666666688
85,50.33629602916672,88,0.11755957083333612
70,50.453855600000054,127,0.12053576249999765
78,50.453855600000054,88,0.12053576249999765
70,50.57439136250005,127,0.7142860000000013
75,50.57439136250005,88,0.11904766666666688
78,50.69343902916672,88,0.11755957083333612
87,50.810998600000055,88,0.12053576249999765
85,50.93153436250005,88,0.11904766666666688
78,51.05058202916672,88,0.11755957083333612
75,51.168141600000055,88,0.12053576249999765
85,51.28867736250005,88,0.11904766666666688
78,51.40772502916672,88,0.11755957083333612
75,51.525284600000056,88,0.12053576249999765
73,51.645820362500054,88,0.11904766666666688
78,51.76486802916672,88,0.11755957083333612
75,51.88242760000006,88,0.12053576249999765
73,52.002963362500054,88,0.11904766666666688
66,52.12201102916672,88,0.11755957083333612
75,52.23957060000006,88,0.12053576249999765
73,52.360106362500055,88,0.11904766666666688
66,52.47915402916672,88,0.11755957083333612
63,52.59671360000006,88,0.12053576249999765
73,52.717249362500056,88,0.11904766666666688
66,52.83629702916672,88,0.11755957083333612
63,52.95385660000006,88,0.12053576249999765
58,53.074392362500056,127,0.35714300000000065
61,53.074392362500056,88,0.11904766666666688
66,53.19344002916672,88,0.11755957083333612
63,53.31099960000006,88,0.12053576249999765
32,53.43153536250006,127,0.7142860000000013
44,53.43153536250006,127,0.11904766666666688
44,53.43153536250006,88,0.11904766666666688
51,53.550583029166724,88,0.11755957083333612
54,53.66814260000006,88,0.12053576249999765
56,53.78867836250006,88,0.11904766666666688
51,53.907726029166724,88,0.11755957083333612
54,54.02528560000006,88,0.12053576249999765
60,54.14582136250006,127,0.11904766666666688
60,54.14582136250006,88,0.11904766666666688
63,54.264869029166725,88,0.11755957083333612
54,54.38242860000006,88,0.12053576249999765
56,54.50296436250006,88,0.11904766666666688
63,54.622012029166726,88,0.11755957083333612
60,54.73957160000006,127,0.12053576249999765
66,54.73957160000006,88,0.12053576249999765
60,54.86010736250006,127,0.7142860000000013
56,54.86010736250006,88,0.11904766666666688
63,54.979155029166726,88,0.11755957083333612
66,55.09671460000006,88,0.12053576249999765
68,55.21725036250006,88,0.11904766666666688
63,55.33629802916673,88,0.11755957083333612
66,55.45385760000006,88,0.12053576249999765
72,55.57439336250006,127,0.11904766666666688
72,55.57439336250006,88,0.11904766666666688
75,55.69344102916673,88,0.11755957083333612
66,55.811000600000064,88,0.12053576249999765
68,55.93153636250006,88,0.11904766666666688
78,56.05058402916673,88,0.11755957083333612
72,56.168143600000064,127,0.12053576249999765
75,56.168143600000064,88,0.12053576249999765
72,56.28867936250006,114,0.7142860000000013
68,56.28867936250006,75,0.11904766666666688
66,56.40772702916673,75,0.11755957083333612
75,56.525286600000065,75,0.12053576249999765
68,56.64582236250006,75,0.11904766666666688
66,56.76487002916673,75,0.11755957083333612
63,56.882429600000066,75,0.12053576249999765
68,57.00296536250006,75,0.11904766666666688
66,57.12201302916673,75,0.11755957083333612
63,57.239572600000066,75,0.12053576249999765
56,57.360108362500064,75,0.11904766666666688
66,57.47915602916673,75,0.11755957083333612
63,57.59671560000007,75,0.12053576249999765
56,57.717251362500065,62,0.11904766666666688
54,57.83629902916673,62,0.11755957083333612
63,57.95385860000007,62,0.12053576249999765
56,58.074394362500065,62,0.11904766666666688
54,58.19344202916673,62,0.11755957083333612
51,58.31100160000007,62,0.12053576249999765
60,58.431537362500066,101,0.7142860000000013
56,58.431537362500066,62,0.11904766666666688
54,58.55058502916673,62,0.11755957083333612
51,58.66814460000007,62,0.12053576249999765
44,58.78868036250007,62,0.11904766666666688
54,58.907728029166734,62,0.11755957083333612
51,59.02528760000007,62,0.12053576249999765
37,59.14582336250007,88,0.7142860000000013
49,59.14582336250007,88,0.11904766666666688
49,59.14582336250007,49,0.11904766666666688
61,59.264871029166734,49,0.11755957083333612
56,59.38243060000007,49,0.12053576249999765
61,59.50296636250007,49,0.11904766666666688
56,59.622014029166735,49,0.11755957083333612
68,59.73957360000007,49,0.12053576249999765
65,59.86010936250007,88,0.7142860000000013
61,59.86010936250007,49,0.11904766666666688
68,59.979157029166736,49,0.11755957083333612
56,60.09671660000007,49,0.12053576249999765
61,60.21725236250007,49,0.11904766666666688
56,60.336300029166736,49,0.11755957083333612
61,60.45385960000007,49,0.12053576249999765
49,60.57439536250007,49,0.11904766666666688
61,60.69344302916674,49,0.11755957083333612
56,60.81100260000007,49,0.12053576249999765
61,60.93153836250007,49,0.11904766666666688
56,61.05058602916674,49,0.11755957083333612
68,61.168145600000074,49,0.12053576249999765
64,61.28868136250007,88,0.35714300000000065
61,61.28868136250007,49,0.11904766666666688
68,61.40772902916674,49,0.11755957083333612
56,61.525288600000074,49,0.12053576249999765
61,61.64582436250007,49,0.11904766666666688
65,61.76487202916674,88,0.23809533333333377
56,61.76487202916674,49,0.11755957083333612
61,61.882431600000075,49,0.12053576249999765
37,62.00296736250007,62,0.7142860000000013
49,62.00296736250007,62,0.11904766666666688
49,62.00296736250007,49,0.11904766666666688
61,62.12201502916674,49,0.11755957083333612
56,62.239574600000076,49,0.12053576249999765
61,62.36011036250007,49,0.11904766666666688
61,62.47915802916674,49,0.11755957083333612
73,62.596717600000076,49,0.12053576249999765
65,62.717253362500074,88,0.7142860000000013
68,62.717253362500074,49,0.11904766666666688
73,62.83630102916674,49,0.11755957083333612
61,62.95386060000008,49,0.12053576249999765
61,63.074396362500075,49,0.11904766666666688
56,63.19344402916674,49,0.11755957083333612
61,63.31100360000008,49,0.12053576249999765
49,63.431539362500075,75,0.7142860000000013
56,63.431539362500075,62,0.11904766666666688
68,63.55058702916674,62,0.11755957083333612
61,63.66814660000008,62,0.12053576249999765
68,63.788682362500076,62,0.11904766666666688
68,63.90773002916674,62,0.11755957083333612
80,64.02528960000008,62,0.12053576249999765
64,64.14582536250008,101,0.35714299999999355
73,64.14582536250008,62,0.11904766666665978
80,64.26487302916674,62,0.11755957083333612
68,64.38243260000007,62,0.12053576249999765
68,64.50296836250007,62,0.11904766666665978
56,64.62201602916673,101,0.11755957083333612
61,64.62201602916673,101,0.23809533333333377
65,64.62201602916673,101,0.23809533333333377
56,64.62201602916673,62,0.11755957083333612
68,64.73957560000007,62,0.12053576249999765
61,64.86011136250006,114,0.35714299999999355
49,64.86011136250006,75,0.11904766666665978
51,64.97915902916672,75,0.11755957083333612
49,65.09671860000006,75,0.12053576249999765
56,65.21725436250006,88,0.35714299999999355
65,65.21725436250006,88,0.35714299999999355
63,65.21725436250006,75,0.11904766666665978
61,65.33630202916672,75,0.11755957083333612
73,65.45386160000005,75,0.23958342916665742
57,65.57439736250005,88,0.35714299999999355
61,65.57439736250005,88,0.35714299999999355
66,65.57439736250005,88,0.35714299999999355
75,65.69344502916671,75,0.11755957083333612
73,65.81100460000005,75,0.12053576249999765
58,65.93154036250004,88,0.35714299999999355
67,65.93154036250004,88,0.35714299999999355
61,65.93154036250004,75,0.11904766666665978
63,66.0505880291667,75,0.11755957083333612
61,66.16814760000004,75,0.23958342916665742
59,66.28868336250004,114,0.7142859999999871
65,66.28868336250004,114,0.7142859999999871
68,66.28868336250004,114,0.7142859999999871
51,66.4077310291667,75,0.11755957083333612
49,66.52529060000003,75,0.12053576249999765
63,66.64582636250003,75,0.11904766666665978
61,66.76487402916669,75,0.11755957083333612
73,66.88243360000003,75,0.23958342916665742
58,67.00296936250002,88,0.35714299999999355
61,67.00296936250002,88,0.35714299999999355
67,67.00296936250002,88,0.35714299999999355
75,67.12201702916668,75,0.11755957083333612
73,67.23957660000002,75,0.12053576249999765
57,67.36011236250002,75,0.35714299999999355
61,67.36011236250002,75,0.11904766666665978
66,67.36011236250002,75,0.35714299999999355
61,67.36011236250002,62,0.11904766666665978
63,67.47916002916668,62,0.11755957083333612
61,67.59671960000001,62,0.12053576249999765
56,67.71725536250001,75,0.11904766666665978
65,67.71725536250001,75,0.7142859999999871
56,67.71725536250001,62,0.11904766666665978
51,67.83630302916667,62,0.11755957083333612
49,67.95386260000001,62,0.12053576249999765
61,68.0743983625,62,0.11904766666665978
63,68.19344602916667,62,0.11755957083333612
61,68.3110056,62,0.12053576249999765
65,68.4315413625,75,0.35714299999999355
68,68.4315413625,75,0.35714299999999355
73,68.4315413625,62,0.11904766666665978
75,68.55058902916666,62,0.11755957083333612
73,68.6681486,62,0.12053576249999765
65,68.78868436249999,88,0.35714299999999355
70,68.78868436249999,88,0.35714299999999355
61,68.78868436249999,75,0.11904766666665978
63,68.90773202916665,75,0.11755957083333612
61,69.02529159999999,75,0.12053576249999765
65,69.14582736249999,114,0.35714299999999355
71,69.14582736249999,114,0.35714299999999355
73,69.14582736249999,75,0.11904766666665978
75,69.26487502916665,75,0.11755957083333612
73,69.38243459999998,75,0.12053576249999765
49,69.50297036249998,88,0.35714299999999355
61,69.50297036249998,75,0.11904766666665978
63,69.62201802916664,75,0.11755957083333612
61,69.73957759999998,75,0.12053576249999765
65,69.86011336249997,88,0.35714299999999355
70,69.86011336249997,88,0.35714299999999355
73,69.86011336249997,75,0.11904766666665978
75,69.97916102916663,75,0.11755957083333612
73,70.09672059999997,75,0.12053576249999765
59,70.21725636249997,88,0.35714299999999355
65,70.21725636249997,88,0.35714299999999355
68,70.21725636249997,88,0.35714299999999355
61,70.21725636249997,75,0.11904766666665978
63,70.33630402916663,75,0.11755957083333612
49,70.45386359999996,75,0.12053576249999765
61,70.45386359999996,75,0.12053576249999765
54,70.57439936249996,88,0.35714299999999355
61,70.57439936249996,88,0.0
70,70.57439936249996,88,0.11904766666665978
73,70.69344702916662,62,0.11755957083333612
73,70.69344702916662,88,0.11755957083333612
61,70.81100659999996,88,0.12053576249999765
69,70.93154236249995,62,0.06994050416666653
72,70.93154236249995,62,0.06994050416666653
66,70.93154236249995,88,0.11904766666665978
63,71.05059002916661,88,0.11755957083333612
66,71.16814959999995,88,0.12053576249999765
70,71.28868536249995,88,0.7142859999999871
73,71.28868536249995,88,0.7142859999999871
61,71.28868536249995,88,0.11904766666665978
66,71.40773302916661,88,0.11755957083333612
58,71.52529259999994,88,0.12053576249999765
61,71.64582836249994,88,0.11904766666665978
54,71.7648760291666,88,0.11755957083333612
58,71.88243559999994,88,0.12053576249999765
54,72.00297136249993,49,0.11904766666665978
58,72.1220190291666,62,0.11755957083333612
58,72.1220190291666,49,0.11755957083333612
49,72.23957859999993,49,0.12053576249999765
57,72.36011436249993,62,0.06994050416666653
54,72.36011436249993,49,0.11904766666665978
51,72.47916202916659,49,0.11755957083333612
54,72.59672159999992,49,0.12053576249999765
58,72.71725736249992,88,0.7142859999999871
49,72.71725736249992,49,0.11904766666665978
54,72.83630502916658,49,0.11755957083333612
46,72.95386459999992,49,0.12053576249999765
49,73.07440036249992,49,0.11904766666665978
42,73.19344802916657,49,0.11755957083333612
46,73.31100759999991,49,0.12053576249999765
37,73.43154336249991,49,0.11904766666665978
49,73.55059102916657,49,0.11755957083333612
44,73.6681505999999,49,0.12053576249999765
53,73.7886863624999,75,0.06994050416666653
49,73.7886863624999,49,0.11904766666665978
44,73.90773402916656,49,0.11755957083333612
56,74.0252935999999,49,0.12053576249999765
51,74.1458293624999,101,0.35714299999999355
44,74.1458293624999,62,0.11904766666665978
56,74.26487702916656,62,0.11755957083333612
51,74.38243659999989,62,0.12053576249999765
59,74.50297236249989,75,0.35714299999999355
56,74.50297236249989,62,0.11904766666665978
51,74.62202002916655,62,0.11755957083333612
63,74.73957959999989,62,0.12053576249999765
49,74.86011536249988,75,0.4270835041666601
56,74.86011536249988,62,0.11904766666665978
63,74.97916302916654,62,0.11755957083333612
56,75.09672259999988,62,0.12053576249999765
63,75.21725836249988,75,0.06994050416666653
59,75.21725836249988,62,0.11904766666665978
56,75.33630602916654,62,0.11755957083333612
68,75.45386559999987,62,0.12053576249999765
56,75.57440136249987,88,0.35714299999999355
59,75.57440136249987,88,0.35714299999999355
61,75.57440136249987,88,0.11904766666665978
61,75.57440136249987,75,0.11904766666665978
68,75.69344902916653,75,0.11755957083333612
61,75.81100859999987,75,0.12053576249999765
65,75.93154436249986,88,0.35714299999999355
68,75.93154436249986,75,0.11904766666665978
61,76.05059202916652,75,0.11755957083333612
73,76.16815159999986,75,0.12053576249999765
66,76.28868736249986,75,0.11904766666665978
70,76.28868736249986,75,0.2366072374999959
70,76.40773502916652,88,0.11755957083333612
73,76.40773502916652,88,0.23809533333333377
61,76.52529459999985,75,0.12053576249999765
69,76.64583036249985,88,0.06994050416666653
72,76.64583036249985,88,0.06994050416666653
66,76.64583036249985,75,0.11904766666665978
63,76.76487802916651,75,0.11755957083333612
66,76.88243759999985,75,0.12053576249999765
70,77.00297336249984,114,0.7142859999999871
73,77.00297336249984,114,0.7142859999999871
61,77.00297336249984,75,0.11904766666665978
66,77.1220210291665,75,0.11755957083333612
58,77.23958059999984,75,0.12053576249999765
61,77.36011636249984,75,0.11904766666665978
54,77.4791640291665,75,0.11755957083333612
58,77.59672359999983,75,0.12053576249999765
54,77.71725936249983,49,0.11904766666665978
58,77.83630702916649,62,0.11755957083333612
58,77.83630702916649,49,0.11755957083333612
49,77.95386659999983,49,0.12053576249999765
57,78.07440236249982,62,0.06994050416666653
54,78.07440236249982,49,0.11904766666665978
51,78.19345002916648,49,0.11755957083333612
54,78.31100959999982,49,0.12053576249999765
58,78.43154536249982,88,0.7142859999999871
49,78.43154536249982,49,0.11904766666665978
54,78.55059302916648,49,0.11755957083333612
46,78.66815259999981,49,0.12053576249999765
49,78.78868836249981,49,0.11904766666665978
42,78.90773602916647,49,0.11755957083333612
46,79.02529559999981,49,0.12053576249999765
35,79.1458313624998,62,0.35714299999999355
39,79.1458313624998,49,0.11904766666665978
51,79.26487902916647,49,0.11755957083333612
44,79.3824385999998,49,0.12053576249999765
41,79.5029743624998,62,0.35714299999999355
51,79.5029743624998,49,0.11904766666665978
44,79.62202202916646,49,0.11755957083333612
56,79.7395815999998,49,0.12053576249999765
50,79.86011736249979,62,0.35714299999999355
46,79.86011736249979,49,0.11904766666665978
58,79.97916502916645,75,0.11755957083333612
46,80.09672459999979,49,0.12053576249999765
46,80.21726036249979,49,0.11904766666665978
34,80.33630802916645,62,0.23809533333333377
41,80.33630802916645,62,0.11755957083333612
41,80.33630802916645,49,0.11755957083333612
46,80.45386759999978,49,0.12053576249999765
47,80.57440336249978,75,0.35714299999999355
51,80.57440336249978,62,0.11904766666665978
63,80.69345102916644,62,0.11755957083333612
56,80.81101059999978,62,0.12053576249999765
53,80.93154636249977,75,0.35714299999999355
63,80.93154636249977,62,0.11904766666665978
56,81.05059402916643,62,0.11755957083333612
68,81.16815359999977,62,0.12053576249999765
62,81.28868936249977,75,0.35714299999999355
58,81.28868936249977,62,0.11904766666665978
70,81.40773702916643,88,0.11755957083333612
58,81.52529659999976,62,0.12053576249999765
58,81.64583236249976,62,0.11904766666665978
46,81.76488002916642,75,0.23809533333333377
53,81.76488002916642,75,0.11755957083333612
53,81.76488002916642,62,0.11755957083333612
58,81.88243959999976,62,0.12053576249999765
47,82.00297536249975,62,0.7142859999999871
58,82.00297536249975,75,0.11904766666665978
63,82.12202302916641,49,0.11755957083333612
58,82.23958259999975,49,0.12053576249999765
63,82.36011836249975,75,0.11904766666665978
70,82.36011836249975,75,0.11904766666665978
56,82.47916602916641,49,0.11755957083333612
63,82.59672559999974,49,0.12053576249999765
68,82.59672559999974,49,0.12053576249999765
49,82.71726136249974,62,0.7142859999999871
56,82.71726136249974,75,0.11904766666665978
61,82.8363090291664,49,0.11755957083333612
56,82.95386859999974,49,0.12053576249999765
58,83.07440436249973,75,0.11904766666665978
68,83.07440436249973,75,0.11904766666665978
54,83.1934520291664,49,0.11755957083333612
58,83.31101159999973,49,0.12053576249999765
66,83.31101159999973,49,0.12053576249999765
47,83.43154736249973,62,0.35714299999999355
49,83.43154736249973,49,0.11904766666665978
61,83.55059502916639,49,0.11755957083333612
56,83.66815459999972,49,0.12053576249999765
53,83.78869036249972,62,0.35714299999999355
61,83.78869036249972,49,0.11904766666665978
56,83.90773802916638,49,0.11755957083333612
68,84.02529759999972,49,0.12053576249999765
46,84.14583336249972,75,0.35714299999999355
54,84.14583336249972,75,0.11904766666665978
54,84.14583336249972,62,0.11904766666665978
66,84.26488102916638,62,0.11755957083333612
61,84.38244059999971,62,0.12053576249999765
58,84.50297636249971,75,0.35714299999999355
66,84.50297636249971,62,0.11904766666665978
61,84.62202402916637,62,0.11755957083333612
73,84.7395835999997,62,0.12053576249999765
47,84.8601193624997,62,0.7142859999999871
58,84.8601193624997,75,0.11904766666665978
63,84.97916702916636,49,0.11755957083333612
58,85.0967265999997,49,0.12053576249999765
63,85.2172623624997,75,0.11904766666665978
70,85.2172623624997,75,0.11904766666665978
56,85.33631002916636,49,0.11755957083333612
63,85.45386959999969,49,0.12053576249999765
68,85.45386959999969,49,0.12053576249999765
49,85.57440536249969,62,0.7142859999999871
56,85.57440536249969,75,0.11904766666665978
61,85.69345302916635,49,0.11755957083333612
56,85.81101259999969,49,0.12053576249999765
58,85.93154836249968,75,0.11904766666665978
68,85.93154836249968,75,0.11904766666665978
54,86.05059602916634,49,0.11755957083333612
58,86.16815559999968,49,0.12053576249999765
66,86.16815559999968,49,0.12053576249999765
47,86.28869136249968,62,0.35714299999999355
49,86.28869136249968,49,0.11904766666665978
61,86.40773902916634,49,0.11755957083333612
56,86.52529859999967,49,0.12053576249999765
53,86.64583436249967,62,0.35714299999999355
61,86.64583436249967,49,0.11904766666665978
56,86.76488202916633,49,0.11755957083333612
68,86.88244159999967,49,0.12053576249999765
46,87.00297736249966,75,0.35714299999999355
54,87.00297736249966,75,0.11904766666665978
54,87.00297736249966,62,0.11904766666665978
66,87.12202502916632,62,0.11755957083333612
61,87.23958459999966,62,0.12053576249999765
58,87.36012036249966,75,0.35714299999999355
66,87.36012036249966,62,0.11904766666665978
61,87.47916802916632,62,0.11755957083333612
73,87.59672759999965,62,0.12053576249999765
47,87.71726336249965,75,0.7142859999999871
58,87.71726336249965,88,0.11904766666665978
63,87.83631102916631,62,0.11755957083333612
58,87.95387059999965,62,0.12053576249999765
63,88.07440636249964,88,0.11904766666665978
70,88.07440636249964,88,0.11904766666665978
56,88.1934540291663,62,0.11755957083333612
63,88.31101359999964,62,0.12053576249999765
68,88.31101359999964,62,0.12053576249999765
59,88.43154936249964,75,0.7142859999999871
70,88.43154936249964,88,0.11904766666665978
75,88.5505970291663,62,0.11755957083333612
70,88.66815659999963,62,0.12053576249999765
75,88.78869236249963,88,0.11904766666665978
82,88.78869236249963,88,0.11904766666665978
68,88.90774002916629,62,0.11755957083333612
75,89.02529959999963,62,0.12053576249999765
80,89.02529959999963,62,0.12053576249999765
48,89.14583536249962,88,0.7142859999999871
58,89.14583536249962,101,0.11904766666665978
63,89.26488302916628,75,0.11755957083333612
58,89.38244259999962,75,0.12053576249999765
63,89.50297836249962,101,0.11904766666665978
70,89.50297836249962,101,0.11904766666665978
56,89.62202602916628,75,0.11755957083333612
63,89.73958559999961,75,0.12053576249999765
68,89.73958559999961,75,0.12053576249999765
60,89.86012136249961,88,0.7142859999999871
70,89.86012136249961,101,0.11904766666665978
75,89.97916902916627,75,0.11755957083333612
70,90.09672859999961,75,0.12053576249999765
75,90.2172643624996,101,0.11904766666665978
82,90.2172643624996,101,0.11904766666665978
68,90.33631202916627,75,0.11755957083333612
75,90.4538715999996,75,0.12053576249999765
80,90.4538715999996,75,0.12053576249999765
49,90.5744073624996,88,0.7142859999999871
56,90.5744073624996,88,0.35714299999999355
61,90.5744073624996,88,0.11904766666665978
61,90.5744073624996,75,0.11904766666665978
70,90.69345502916626,75,0.11755957083333612
56,90.8110145999996,75,0.12053576249999765
68,90.93155036249959,75,0.11904766666665978
61,91.05059802916625,75,0.11755957083333612
66,91.05059802916625,75,0.11755957083333612
70,91.16815759999959,75,0.12053576249999765
56,91.28869336249959,75,0.11904766666665978
68,91.40774102916625,75,0.11755957083333612
61,91.52530059999958,75,0.12053576249999765
66,91.52530059999958,75,0.12053576249999765
70,91.64583636249958,75,0.11904766666665978
56,91.76488402916624,75,0.11755957083333612
68,91.88244359999958,75,0.12053576249999765
61,92.00297936249957,88,0.11904766666665978
66,92.00297936249957,88,0.11904766666665978
70,92.12202702916623,88,0.11755957083333612
56,92.23958659999957,88,0.12053576249999765
68,92.36012236249957,88,0.11904766666665978
61,92.47917002916623,88,0.11755957083333612
66,92.47917002916623,88,0.11755957083333612
70,92.59672959999956,88,0.12053576249999765
56,92.71726536249956,88,0.11904766666665978
68,92.83631302916622,88,0.11755957083333612
61,92.95387259999956,88,0.12053576249999765
66,92.95387259999956,88,0.12053576249999765
70,93.07440836249955,88,0.11904766666665978
56,93.19345602916621,88,0.11755957083332191
49,93.20833698749955,88,1.6517863749999577
56,93.25297986249954,88,0.058035737499992024
61,93.29762273749954,88,0.9672622916666427
68,93.31101559999954,88,0.12053576249999765
66,93.34226561249953,88,0.6830359874999914
75,93.43155136249953,101,0.11904766666665978
87,93.43155136249953,101,0.11904766666665978
73,93.61012286249952,101,0.058035737500006235
70,93.66815859999953,101,0.12053576249999765
82,93.66815859999953,101,0.12053576249999765
68,93.78869436249953,101,0.11904766666665978
80,93.78869436249953,101,0.11904766666665978
66,93.90774202916619,101,0.11755957083333612
78,93.90774202916619,101,0.11755957083333612
63,94.02530159999952,101,0.12053576249999765
75,94.02530159999952,101,0.12053576249999765
61,94.14583736249952,101,0.11904766666665978
73,94.14583736249952,101,0.11904766666665978
58,94.26488502916618,101,0.11755957083333612
70,94.26488502916618,101,0.11755957083333612
56,94.38244459999952,101,0.12053576249999765
68,94.38244459999952,101,0.12053576249999765
54,94.50298036249951,101,0.11904766666665978
66,94.50298036249951,101,0.11904766666665978
51,94.62202802916617,101,0.11755957083333612
63,94.62202802916617,101,0.11755957083333612
49,94.73958759999951,101,0.12053576249999765
61,94.73958759999951,101,0.12053576249999765
59,94.86012336249951,101,0.9375
63,94.86012336249951,101,0.9375
66,94.86012336249951,101,0.0
68,94.86012336249951,101,0.9375
37,95.32887336249951,75,0.46875
49,95.32887336249951,75,0.46875
59,95.79762336249951,101,0.703125
61,95.79762336249951,101,0.703125
65,95.79762336249951,101,0.703125
70,95.79762336249951,101,0.703125
25,96.26637336249951,62,0.46875
37,96.26637336249951,62,0.46875
59,96.50074836249951,75,0.234375
61,96.50074836249951,75,0.234375
65,96.50074836249951,75,0.234375
68,96.50074836249951,75,0.234375
54,96.73512336249951,62,0.9375
58,96.73512336249951,62,0.9375
66,96.73512336249951,62,0.9375
42,97.20387336249951,49,0.46875
49,97.20387336249951,49,0.46875
71,97.67262336249951,62,0.35714299999999355
77,97.67262336249951,62,0.35714299999999355
68,97.67262336249951,49,0.11904766666665978
70,97.79167102916617,49,0.11755957083333612
68,97.9092305999995,49,0.12053576249999765
61,98.0297663624995,49,0.11904766666665978
65,98.14881402916616,62,0.23809533333333377
75,98.14881402916616,62,0.23809533333333377
71,98.14881402916616,49,0.11755957083333612
61,98.2663735999995,49,0.23958342916665742
66,98.3869093624995,62,0.35714299999999355
70,98.3869093624995,62,0.35714299999999355
73,98.3869093624995,62,0.35714299999999355
63,98.50595702916615,49,0.11755957083333612
61,98.62351659999949,49,0.12053576249999765
54,98.74405236249949,49,0.11904766666665978
61,98.86310002916615,62,0.23809533333333377
70,98.86310002916615,62,0.23809533333333377
66,98.86310002916615,49,0.11755957083333612
54,98.98065959999948,49,0.12053576249999765
59,99.10119536249948,62,0.35714299999999355
65,99.10119536249948,62,0.35714299999999355
56,99.10119536249948,49,0.11904766666665978
58,99.22024302916614,49,0.11755957083333612
56,99.33780259999948,49,0.12053576249999765
49,99.45833836249948,49,0.35714299999999355
53,99.57738602916614,62,0.23809533333333377
59,99.57738602916614,62,0.23809533333333377
63,99.57738602916614,62,0.23809533333333377
42,99.81548136249947,62,0.11904766666665978
42,99.81548136249947,49,0.11904766666665978
54,99.93452902916613,49,0.11755957083333612
56,100.05208859999946,49,0.12053576249999765
61,100.17262436249946,62,0.35714299999999355
58,100.17262436249946,49,0.11904766666665978
56,100.29167202916612,49,0.11755957083333612
54,100.40923159999946,49,0.12053576249999765
37,100.52976736249946,62,0.35714299999999355
49,100.52976736249946,49,0.11904766666665978
56,100.64881502916612,49,0.11755957083333612
53,100.76637459999945,49,0.12053576249999765
61,100.76637459999945,49,0.12053576249999765
59,100.88691036249945,88,0.35714299999999355
63,100.88691036249945,49,0.11904766666665978
61,101.00595802916611,49,0.11755957083333612
56,101.12351759999945,49,0.12053576249999765
54,101.24405336249944,62,0.11904766666665978
54,101.24405336249944,49,0.11904766666665978
66,101.3631010291661,49,0.11755957083333612
68,101.48066059999944,49,0.12053576249999765
63,101.60119636249944,88,0.35714299999999355
70,101.60119636249944,49,0.11904766666665978
68,101.7202440291661,49,0.11755957083333612
66,101.83780359999943,49,0.12053576249999765
49,101.95833936249943,62,0.35714299999999355
61,101.95833936249943,62,0.11904766666665978
61,101.95833936249943,49,0.11904766666665978
68,102.07738702916609,49,0.11755957083333612
65,102.19494659999943,49,0.12053576249999765
73,102.19494659999943,49,0.12053576249999765
71,102.31548236249942,88,0.35714299999999355
75,102.31548236249942,49,0.11904766666665978
73,102.43453002916608,49,0.11755957083333612
68,102.55208959999942,49,0.12053576249999765
70,102.67262536249942,62,0.35714299999999355
66,102.67262536249942,49,0.11904766666665978
68,102.79167302916608,49,0.11755957083333612
66,102.90923259999941,49,0.12053576249999765
61,103.02976836249941,49,0.11904766666665978
73,103.14881602916607,49,0.11755957083333612
61,103.2663755999994,49,0.12053576249999765
65,103.3869113624994,62,0.35714299999999355
71,103.3869113624994,62,0.35714299999999355
61,103.3869113624994,49,0.11904766666665978
63,103.50595902916606,49,0.11755957083333612
61,103.6235185999994,49,0.12053576249999765
49,103.7440543624994,62,0.35714299999999355
56,103.7440543624994,49,0.11904766666665978
68,103.86310202916606,49,0.11755957083333612
56,103.9806615999994,49,0.12053576249999765
59,103.9806615999994,49,0.12053576249999765
63,103.9806615999994,49,0.12053576249999765
59,104.10119736249939,62,0.0
65,104.10119736249939,62,0.35714299999999355
56,104.10119736249939,49,0.11904766666665978
58,104.22024502916605,49,0.11755957083333612
56,104.33780459999939,49,0.12053576249999765
49,104.45834036249938,62,0.35714299999999355
54,104.45834036249938,49,0.11904766666665978
66,104.57738802916604,49,0.11755957083333612
54,104.69494759999938,49,0.12053576249999765
58,104.69494759999938,49,0.12053576249999765
61,104.81548336249938,88,0.35714299999999355
59,104.81548336249938,49,0.11904766666665978
53,104.93453102916604,49,0.11755957083333612
49,105.05209059999937,49,0.12053576249999765
37,105.17262636249937,62,0.11904766666665978
37,105.17262636249937,49,0.11904766666665978
56,105.29167402916603,49,0.11755957083333612
49,105.40923359999937,49,0.12053576249999765
53,105.40923359999937,49,0.12053576249999765
42,105.52976936249937,62,0.11904766666665978
49,105.52976936249937,62,0.0
42,105.52976936249937,49,0.11904766666665978
54,105.64881702916603,49,0.11755957083333612
56,105.76637659999936,49,0.12053576249999765
61,105.88691236249936,62,0.35714299999999355
58,105.88691236249936,49,0.11904766666665978
56,106.00596002916602,49,0.11755957083333612
54,106.12351959999936,49,0.12053576249999765
49,106.24405536249935,75,0.11904766666665978
49,106.24405536249935,62,0.11904766666665978
56,106.36310302916601,62,0.11755957083333612
61,106.48066259999935,62,0.12053576249999765
65,106.60119836249935,101,0.35714299999999355
71,106.60119836249935,101,0.35714299999999355
63,106.60119836249935,62,0.11904766666665978
61,106.720246029166,62,0.11755957083333612
56,106.83780559999934,62,0.12053576249999765
54,106.95834136249934,75,0.11904766666665978
54,106.95834136249934,62,0.11904766666665978
61,107.077389029166,62,0.11755957083333612
66,107.19494859999934,62,0.12053576249999765
70,107.31548436249933,101,0.35714299999999355
75,107.31548436249933,101,0.35714299999999355
68,107.31548436249933,62,0.11904766666665978
66,107.434532029166,62,0.11755957083333612
61,107.55209159999933,62,0.12053576249999765
61,107.67262736249933,75,0.0
61,107.67262736249933,62,0.11904766666665978
68,107.79167502916599,62,0.11755957083333612
73,107.90923459999932,62,0.12053576249999765
77,108.02977036249932,101,0.2366072374999959
83,108.02977036249932,101,0.2366072374999959
75,108.02977036249932,62,0.11904766666665978
73,108.14881802916598,75,0.11755957083333612
73,108.26637759999932,88,0.0
82,108.26637759999932,88,0.12053576249999765
66,108.26637759999932,75,0.12053576249999765
82,108.38691336249931,75,0.11904766666665978
78,108.50596102916597,88,0.23809533333333377
73,108.50596102916597,75,0.11755957083333612
80,108.62352059999931,75,0.12053576249999765
70,108.74405636249931,75,0.11904766666665978
80,108.86310402916597,75,0.11755957083333612
73,108.9806635999993,75,0.12053576249999765
78,109.1011993624993,75,0.11904766666665978
70,109.22024702916596,75,0.11755957083333612
75,109.3378065999993,75,0.12053576249999765
83,109.4583423624993,114,0.11904766666665978
85,109.4583423624993,114,0.35714299999999355
77,109.4583423624993,75,0.11904766666665978
83,109.4583423624993,75,0.11904766666665978
73,109.57739002916595,75,0.11755957083333612
61,109.69494959999929,75,0.12053576249999765
82,109.81548536249929,62,0.11904766666665978
66,109.93453302916595,75,0.23809533333333377
73,109.93453302916595,62,0.11755957083333612
80,110.05209259999928,62,0.12053576249999765
70,110.17262836249928,62,0.11904766666665978
80,110.29167602916594,62,0.11755957083333612
73,110.40923559999928,62,0.12053576249999765
65,110.52977136249928,101,0.35714299999999355
71,110.52977136249928,101,0.35714299999999355
73,110.52977136249928,101,0.0
78,110.52977136249928,62,0.11904766666665978
70,110.64881902916594,62,0.11755957083333612
75,110.76637859999927,62,0.12053576249999765
65,110.88691436249927,62,0.11904766666665978
61,111.00596202916593,62,0.11755957083333612
49,111.12352159999926,62,0.12053576249999765
70,111.24405736249926,49,0.11904766666665978
54,111.36310502916592,62,0.23809533333333377
61,111.36310502916592,49,0.11755957083333612
68,111.48066459999926,49,0.12053576249999765
58,111.60120036249926,49,0.11904766666665978
68,111.72024802916592,49,0.11755957083333612
61,111.83780759999925,49,0.12053576249999765
66,111.95834336249925,49,0.11904766666665978
58,112.07739102916591,49,0.11755957083333612
63,112.19495059999925,49,0.12053576249999765
59,112.31548636249924,88,0.11904766666665978
61,112.31548636249924,88,0.35714299999999355
53,112.31548636249924,49,0.11904766666665978
59,112.31548636249924,49,0.11904766666665978
49,112.4345340291659,49,0.11755957083333612
37,112.55209359999924,49,0.12053576249999765
42,112.67262936249924,62,0.11904766666665978
42,112.67262936249924,75,0.11904766666665978
49,112.7916770291659,49,0.11755957083333612
54,112.7916770291659,49,0.11755957083333612
58,112.7916770291659,49,0.11755957083333612
63,112.90923659999923,49,0.12053576249999765
59,113.02977236249923,88,0.35714299999999355
61,113.02977236249923,88,0.35714299999999355
53,113.02977236249923,49,0.11904766666665978
49,113.14882002916589,49,0.11755957083333612
37,113.26637959999923,49,0.12053576249999765
42,113.38691536249922,62,0.11904766666665978
42,113.38691536249922,75,0.11904766666665978
49,113.50596302916588,49,0.11755957083333612
54,113.50596302916588,49,0.11755957083333612
58,113.50596302916588,49,0.11755957083333612
63,113.62352259999922,49,0.12053576249999765
59,113.74405836249922,88,0.35714299999999355
61,113.74405836249922,88,0.35714299999999355
53,113.74405836249922,49,0.11904766666665978
49,113.86310602916588,49,0.11755957083333612
37,113.98066559999921,49,0.12053576249999765
58,114.10120136249921,88,0.35714299999999355
42,114.10120136249921,49,0.35714299999999355
49,114.10120136249921,49,0.35714299999999355
58,114.10120136249921,49,0.35714299999999355
30,114.4583443624992,88,0.11904766666665978
42,114.57739202916586,88,0.11755957083333612
49,114.6949515999992,88,0.12053576249999765
42,114.8154873624992,88,0.11904766666665978
49,114.93453502916586,88,0.11755957083333612
58,115.0520945999992,88,0.12053576249999765
49,115.17263036249919,88,0.11904766666665978
58,115.29167802916585,88,0.11755957083333612
66,115.40923759999919,88,0.12053576249999765
54,115.52977336249918,114,0.11904766666665978
66,115.64882102916584,88,0.23809533333333377
63,115.64882102916584,88,0.11755957083333612
61,115.76638059999918,88,0.12053576249999765
54,115.88691636249918,114,0.11904766666665978
70,116.00596402916584,88,0.23809533333333377
63,116.00596402916584,88,0.11755957083333612
61,116.12352359999917,88,0.12053576249999765
58,116.24405936249917,114,0.11904766666665978
73,116.36310702916583,88,0.23809533333333377
68,116.36310702916583,88,0.11755957083333612
66,116.48066659999917,88,0.12053576249999765
61,116.60120236249917,114,0.11904766666665978
78,116.72025002916583,88,0.23809533333333377
73,116.72025002916583,88,0.11755957083333612
70,116.83780959999916,88,0.12053576249999765
66,116.95834536249916,114,0.11904766666665978
78,117.07739302916582,88,0.23809533333333377
82,117.07739302916582,88,0.23809533333333377
75,117.07739302916582,88,0.11755957083333612
73,117.19495259999916,88,0.12053576249999765
61,117.31548836249915,114,0.11904766666665978
78,117.43453602916581,88,0.23809533333333377
85,117.43453602916581,88,0.23809533333333377
73,117.43453602916581,88,0.11755957083333612
70,117.55209559999915,88,0.12053576249999765
66,117.67263136249915,114,0.11904766666665978
78,117.7916790291658,88,0.23809533333333377
82,117.7916790291658,88,0.23809533333333377
75,117.7916790291658,88,0.11755957083333612
73,117.90923859999914,88,0.12053576249999765
61,118.02977436249914,114,0.11904766666665978
78,118.1488220291658,88,0.23809533333333377
85,118.1488220291658,88,0.23809533333333377
73,118.1488220291658,88,0.11755957083333612
70,118.26638159999914,88,0.12053576249999765
66,118.38691736249913,114,0.11904766666665978
78,118.5059650291658,88,0.23809533333333377
82,118.5059650291658,88,0.23809533333333377
75,118.5059650291658,88,0.11755957083333612
73,118.62352459999913,88,0.12053576249999765
61,118.74406036249913,114,0.11904766666665978
78,118.86310802916579,88,0.23809533333333377
85,118.86310802916579,88,0.23809533333333377
73,118.86310802916579,88,0.11755957083333612
70,118.98066759999912,88,0.12053576249999765
66,119.10120336249912,114,0.11904766666665978
78,119.22025102916578,88,0.23809533333333377
82,119.22025102916578,88,0.23809533333333377
75,119.22025102916578,88,0.11755957083333612
73,119.33781059999912,88,0.12053576249999765
61,119.45834636249911,114,0.11904766666665978
78,119.57739402916577,88,0.23809533333333377
85,119.57739402916577,88,0.23809533333333377
73,119.57739402916577,88,0.11755957083333612
70,119.69495359999911,88,0.12053576249999765
82,119.81548936249911,114,0.11904766666665978
90,119.81548936249911,114,0.11904766666665978
66,119.81548936249911,88,0.11904766666665978
73,119.81548936249911,88,0.11904766666665978
37,120.0520965999991,62,0.023809533333334798
49,120.0520965999991,62,0.023809533333334798
39,120.1726323624991,62,0.022321437499996932
51,120.1726323624991,62,0.022321437499996932
42,120.29168002916576,62,0.023809533333334798
54,120.29168002916576,62,0.023809533333334798
44,120.4092395999991,62,0.023809533333334798
56,120.4092395999991,62,0.023809533333334798
46,120.5297753624991,62,0.022321437499996932
58,120.5297753624991,62,0.022321437499996932
49,120.64882302916575,62,0.023809533333334798
61,120.64882302916575,62,0.023809533333334798
51,120.76638259999909,62,0.023809533333334798
63,120.76638259999909,62,0.023809533333334798
54,120.88691836249909,62,0.022321437499996932
66,120.88691836249909,62,0.022321437499996932
56,121.00596602916575,62,0.023809533333334798
68,121.00596602916575,62,0.023809533333334798
58,121.12352559999908,62,0.023809533333334798
70,121.12352559999908,62,0.023809533333334798
61,121.24406136249908,114,0.35714299999999355
73,121.24406136249908,114,0.35714299999999355
49,121.95834736249907,88,0.08928575000000194
56,122.04763311249907,88,0.08928575000000194
59,122.13691886249907,88,0.08928575000000194
65,122.22620461249907,88,0.08928575000000194
73,122.31549036249908,88,0.35714299999999355
42,122.55358569583241,62,0.29761916666666366
49,122.61310952916574,62,0.23809533333333377
58,122.67263336249907,62,0.17857150000000388
66,122.85120486249907,88,2.142858000000004
70,122.85120486249907,88,2.142858000000004
78,122.85120486249907,88,2.142858000000004
