66,0,49,0.08333333333333333
70,0,49,0.165625
61,0.165625,49,0.084375
66,0.25,49,0.08333333333333331
63,0.3333333333333333,49,0.08229166666666665
66,0.41562499999999997,49,0.08437500000000003
61,0.5,49,0.08333333333333337
66,0.5833333333333334,49,0.08229166666666665
58,0.665625,49,0.08437499999999998
61,0.75,49,0.08333333333333337
54,0.8333333333333334,49,0.08229166666666665
58,0.915625,49,0.08437499999999998
54,1.0,49,0.08333333333333326
58,1.0833333333333333,49,0.08229166666666665
49,1.165625,49,0.08437500000000009
54,1.25,49,0.08333333333333326
51,1.3333333333333333,49,0.08229166666666665
54,1.415625,49,0.08437500000000009
49,1.5,49,0.08333333333333326
54,1.5833333333333333,49,0.08229166666666665
46,1.665625,49,0.08437500000000009
49,1.75,49,0.08333333333333326
42,1.8333333333333333,49,0.08229166666666665
46,1.915625,49,0.08437500000000009
37,2.0,49,0.08333333333333348
49,2.0833333333333335,49,0.08229166666666687
44,2.1656250000000004,49,0.08437500000000009
49,2.2500000000000004,49,0.08333333333333348
44,2.333333333333334,49,0.08229166666666687
56,2.415625000000001,49,0.08437500000000009
44,2.500000000000001,49,0.08333333333333348
56,2.5833333333333344,49,0.08229166666666687
51,2.6656250000000012,49,0.08437500000000009
56,2.7500000000000013,49,0.08333333333333348
51,2.833333333333335,49,0.08229166666666687
63,2.9156250000000017,49,0.08437500000000009
56,3.0000000000000018,49,0.08333333333333348
63,3.0833333333333353,49,0.08229166666666687
56,3.165625000000002,49,0.08437500000000009
59,3.250000000000002,49,0.08333333333333348
56,3.3333333333333357,49,0.08229166666666687
68,3.4156250000000026,49,0.08437500000000009
61,3.5000000000000027,49,0.08333333333333348
68,3.583333333333336,49,0.08229166666666687
61,3.665625000000003,49,0.08437500000000009
68,3.750000000000003,49,0.08333333333333348
61,3.8333333333333366,49,0.08229166666666687
73,3.9156250000000035,49,0.08437500000000009
66,4.0000000000000036,49,0.08333333333333304
70,4.0000000000000036,49,0.16562499999999947
61,4.165625000000003,49,0.08437499999999964
66,4.250000000000003,49,0.08333333333333304
63,4.333333333333336,49,0.08229166666666643
66,4.415625000000002,49,0.08437499999999964
61,4.500000000000002,49,0.08333333333333304
66,4.583333333333335,49,0.08229166666666643
58,4.665625000000001,49,0.08437499999999964
61,4.750000000000001,49,0.08333333333333304
54,4.833333333333334,49,0.08229166666666643
58,4.915625,49,0.08437499999999964
54,5.0,49,0.08333333333333304
58,5.083333333333333,49,0.08229166666666643
49,5.1656249999999995,49,0.08437499999999964
54,5.249999999999999,49,0.08333333333333304
51,5.333333333333332,49,0.08229166666666643
54,5.415624999999999,49,0.08437499999999964
49,5.499999999999998,49,0.08333333333333304
54,5.583333333333331,49,0.08229166666666643
46,5.665624999999998,49,0.08437499999999964
49,5.749999999999997,49,0.08333333333333304
42,5.83333333333333,49,0.08229166666666643
46,5.915624999999997,49,0.08437499999999964
39,5.9999999999999964,49,0.08333333333333304
51,6.0833333333333295,49,0.08229166666666643
44,6.165624999999996,49,0.08437499999999964
51,6.249999999999996,49,0.08333333333333304
44,6.333333333333329,49,0.08229166666666643
56,6.415624999999995,49,0.08437499999999964
51,6.499999999999995,49,0.08333333333333304
63,6.583333333333328,49,0.08229166666666643
56,6.665624999999994,49,0.08437499999999964
63,6.749999999999994,49,0.08333333333333304
56,6.833333333333327,49,0.08229166666666643
68,6.915624999999993,49,0.08437499999999964
58,6.999999999999993,49,0.08333333333333304
70,7.083333333333326,75,0.08229166666666643
58,7.165624999999992,49,0.08437499999999964
58,7.249999999999992,49,0.08333333333333304
46,7.333333333333325,49,0.08229166666666643
58,7.4156249999999915,49,0.08437499999999964
58,7.499999999999991,49,0.08333333333333304
70,7.583333333333324,49,0.08229166666666643
58,7.665624999999991,49,0.08437499999999964
70,7.74999999999999,49,0.08333333333333304
58,7.833333333333323,49,0.08229166666666643
70,7.91562499999999,49,0.08437499999999964
54,7.999999999999989,75,0.08333333333333393
61,7.999999999999989,75,0.08333333333333393
66,7.999999999999989,75,0.08333333333333393
70,8.083333333333323,75,0.08229166666666643
61,8.16562499999999,75,0.08437499999999964
66,8.24999999999999,75,0.08333333333333393
60,8.333333333333323,75,0.08229166666666643
66,8.41562499999999,75,0.08437499999999964
61,8.49999999999999,75,0.08333333333333393
66,8.583333333333323,75,0.08229166666666643
58,8.66562499999999,75,0.08437499999999964
61,8.74999999999999,75,0.08333333333333393
54,8.833333333333323,75,0.08229166666666643
58,8.91562499999999,75,0.08437499999999964
54,8.99999999999999,49,0.08333333333333393
58,9.083333333333323,49,0.08229166666666643
49,9.16562499999999,49,0.08437499999999964
54,9.24999999999999,49,0.08333333333333393
51,9.333333333333323,49,0.08229166666666643
54,9.41562499999999,49,0.08437499999999964
49,9.49999999999999,49,0.08333333333333393
54,9.583333333333323,49,0.08229166666666643
46,9.66562499999999,49,0.08437499999999964
49,9.74999999999999,49,0.08333333333333393
42,9.833333333333323,49,0.08229166666666643
46,9.91562499999999,49,0.08437499999999964
37,9.99999999999999,49,0.08333333333333393
49,10.083333333333323,49,0.08229166666666643
44,10.16562499999999,49,0.08437499999999964
49,10.24999999999999,49,0.08333333333333393
44,10.333333333333323,49,0.08229166666666643
56,10.41562499999999,49,0.08437499999999964
44,10.49999999999999,62,0.08333333333333393
56,10.583333333333323,62,0.08229166666666643
51,10.66562499999999,62,0.08437499999999964
56,10.74999999999999,62,0.08333333333333393
51,10.833333333333323,62,0.08229166666666643
63,10.91562499999999,62,0.08437499999999964
56,10.99999999999999,62,0.08333333333333393
63,11.083333333333323,62,0.08229166666666643
56,11.16562499999999,62,0.08437499999999964
63,11.24999999999999,62,0.08333333333333393
56,11.333333333333323,62,0.08229166666666643
68,11.41562499999999,62,0.08437499999999964
61,11.49999999999999,62,0.08333333333333393
68,11.583333333333323,62,0.08229166666666643
61,11.66562499999999,62,0.08437499999999964
68,11.74999999999999,62,0.08333333333333393
61,11.833333333333323,62,0.08229166666666643
73,11.91562499999999,62,0.08437499999999964
66,11.99999999999999,75,0.08333333333333393
70,11.99999999999999,75,0.16562500000000036
61,12.16562499999999,75,0.08437499999999964
66,12.24999999999999,75,0.08333333333333393
60,12.333333333333323,75,0.08229166666666643
66,12.41562499999999,75,0.08437499999999964
61,12.49999999999999,75,0.08333333333333393
66,12.583333333333323,75,0.08229166666666643
58,12.66562499999999,75,0.08437499999999964
61,12.74999999999999,75,0.08333333333333393
54,12.833333333333323,75,0.08229166666666643
58,12.91562499999999,75,0.08437499999999964
54,12.99999999999999,49,0.08333333333333393
58,13.083333333333323,49,0.08229166666666643
49,13.16562499999999,49,0.08437499999999964
54,13.24999999999999,49,0.08333333333333393
51,13.333333333333323,49,0.08229166666666643
54,13.41562499999999,49,0.08437499999999964
49,13.49999999999999,49,0.08333333333333393
54,13.583333333333323,49,0.08229166666666643
46,13.66562499999999,49,0.08437499999999964
49,13.74999999999999,49,0.08333333333333393
42,13.833333333333323,49,0.08229166666666643
46,13.91562499999999,49,0.08437499999999964
39,13.99999999999999,62,0.08333333333333393
51,14.083333333333323,62,0.08229166666666643
44,14.16562499999999,62,0.08437499999999964
51,14.24999999999999,62,0.08333333333333393
44,14.333333333333323,62,0.08229166666666643
56,14.41562499999999,62,0.08437499999999964
51,14.49999999999999,75,0.08333333333333393
56,14.583333333333323,75,0.08229166666666643
51,14.66562499999999,75,0.08437499999999964
63,14.74999999999999,75,0.08333333333333393
56,14.833333333333323,75,0.08229166666666643
63,14.91562499999999,75,0.08437499999999964
56,14.99999999999999,75,0.08333333333333393
63,15.083333333333323,75,0.08229166666666643
56,15.16562499999999,75,0.08437499999999964
63,15.24999999999999,75,0.08333333333333393
56,15.333333333333323,75,0.08229166666666643
68,15.41562499999999,75,0.08437499999999964
61,15.49999999999999,62,0.08333333333333393
68,15.583333333333323,62,0.08229166666666643
61,15.66562499999999,62,0.08437499999999964
68,15.74999999999999,62,0.08333333333333393
61,15.833333333333323,62,0.08229166666666643
73,15.91562499999999,62,0.08437499999999964
68,15.99999999999999,49,0.08333333333333215
70,16.08333333333332,49,0.08229166666666643
68,16.165624999999988,49,0.08437500000000142
56,16.24999999999999,49,0.08333333333333215
75,16.33333333333332,49,0.08229166666666643
63,16.415624999999988,49,0.08437500000000142
66,16.415624999999988,49,0.08437500000000142
71,16.415624999999988,49,0.08437500000000142
61,16.49999999999999,49,0.08333333333333215
63,16.58333333333332,49,0.08229166666666643
61,16.665624999999988,49,0.08437500000000142
56,16.74999999999999,49,0.08333333333333215
68,16.83333333333332,49,0.08229166666666643
56,16.915624999999988,49,0.08437500000000142
61,16.915624999999988,49,0.08437500000000142
65,16.915624999999988,49,0.08437500000000142
56,16.99999999999999,49,0.08333333333333215
58,17.08333333333332,49,0.08229166666666643
56,17.165624999999988,49,0.08437500000000142
44,17.24999999999999,49,0.08333333333333215
63,17.33333333333332,49,0.08229166666666643
51,17.415624999999988,49,0.08437500000000142
49,17.49999999999999,49,0.08333333333333215
51,17.58333333333332,49,0.08229166666666643
49,17.665624999999988,49,0.08437500000000142
37,17.74999999999999,75,0.25
44,17.74999999999999,75,0.25
44,17.99999999999999,49,0.08333333333333215
51,18.08333333333332,49,0.08229166666666643
56,18.165624999999988,49,0.08437500000000142
58,18.24999999999999,49,0.08333333333333215
56,18.33333333333332,49,0.08229166666666643
51,18.415624999999988,49,0.08437500000000142
49,18.49999999999999,49,0.08333333333333215
56,18.58333333333332,49,0.08229166666666643
61,18.665624999999988,49,0.08437500000000142
63,18.74999999999999,49,0.08333333333333215
61,18.83333333333332,49,0.08229166666666643
58,18.915624999999988,49,0.08437500000000142
56,18.99999999999999,49,0.08333333333333215
63,19.08333333333332,49,0.08229166666666643
68,19.165624999999988,49,0.08437500000000142
70,19.24999999999999,49,0.08333333333333215
68,19.33333333333332,49,0.08229166666666643
63,19.415624999999988,49,0.08437500000000142
61,19.49999999999999,49,0.08333333333333215
68,19.58333333333332,49,0.08229166666666643
73,19.665624999999988,49,0.08437500000000142
75,19.74999999999999,62,0.08333333333333215
73,19.83333333333332,62,0.08229166666666643
70,19.915624999999988,62,0.08437500000000142
68,19.99999999999999,49,0.08333333333333215
70,20.08333333333332,49,0.08229166666666643
68,20.165624999999988,49,0.08437500000000142
63,20.24999999999999,49,0.08333333333333215
75,20.33333333333332,49,0.08229166666666643
63,20.415624999999988,49,0.08437500000000142
61,20.49999999999999,49,0.08333333333333215
63,20.58333333333332,49,0.08229166666666643
61,20.665624999999988,49,0.08437500000000142
49,20.74999999999999,49,0.08333333333333215
70,20.83333333333332,49,0.08229166666666643
56,20.915624999999988,49,0.08437500000000142
56,20.99999999999999,49,0.08333333333333215
58,21.08333333333332,49,0.08229166666666643
56,21.165624999999988,49,0.08437500000000142
51,21.24999999999999,49,0.08333333333333215
63,21.33333333333332,49,0.08229166666666643
51,21.415624999999988,49,0.08437500000000142
49,21.49999999999999,49,0.08333333333333215
51,21.58333333333332,49,0.08229166666666643
49,21.665624999999988,49,0.08437500000000142
37,21.74999999999999,75,0.25
44,21.74999999999999,75,0.25
44,21.99999999999999,49,0.08333333333333215
56,22.08333333333332,49,0.08229166666666643
51,22.165624999999988,49,0.08437500000000142
54,22.165624999999988,49,0.08437500000000142
56,22.24999999999999,49,0.08333333333333215
51,22.33333333333332,49,0.08229166666666643
54,22.33333333333332,49,0.08229166666666643
56,22.415624999999988,49,0.08437500000000142
63,22.49999999999999,49,0.08333333333333215
56,22.58333333333332,49,0.08229166666666643
51,22.665624999999988,49,0.08437500000000142
54,22.665624999999988,49,0.08437500000000142
56,22.74999999999999,49,0.08333333333333215
51,22.83333333333332,49,0.08229166666666643
54,22.83333333333332,49,0.08229166666666643
56,22.915624999999988,49,0.08437500000000142
44,22.99999999999999,49,0.08333333333333215
56,23.08333333333332,49,0.08229166666666643
51,23.165624999999988,49,0.08437500000000142
54,23.165624999999988,49,0.08437500000000142
56,23.24999999999999,49,0.08333333333333215
51,23.33333333333332,49,0.08229166666666643
54,23.33333333333332,49,0.08229166666666643
56,23.415624999999988,49,0.08437500000000142
63,23.49999999999999,49,0.08333333333333215
56,23.58333333333332,49,0.08229166666666643
51,23.665624999999988,49,0.08437500000000142
54,23.665624999999988,49,0.08437500000000142
56,23.74999999999999,49,0.08333333333333215
51,23.83333333333332,49,0.08229166666666643
54,23.83333333333332,49,0.08229166666666643
56,23.915624999999988,49,0.08437500000000142
49,23.99999999999999,49,0.08333333333333215
58,24.08333333333332,49,0.08229166666666643
54,24.165624999999988,49,0.08437500000000142
58,24.24999999999999,49,0.08333333333333215
54,24.33333333333332,49,0.08229166666666643
58,24.415624999999988,49,0.08437500000000142
54,24.49999999999999,49,0.08333333333333215
58,24.58333333333332,49,0.08229166666666643
54,24.665624999999988,49,0.08437500000000142
58,24.74999999999999,49,0.08333333333333215
54,24.83333333333332,49,0.08229166666666643
58,24.915624999999988,49,0.08437500000000142
50,24.99999999999999,49,0.08333333333333215
58,25.08333333333332,49,0.08229166666666643
54,25.165624999999988,49,0.08437500000000142
58,25.24999999999999,49,0.08333333333333215
54,25.33333333333332,49,0.08229166666666643
58,25.415624999999988,49,0.08437500000000142
54,25.49999999999999,49,0.08333333333333215
58,25.58333333333332,49,0.08229166666666643
54,25.665624999999988,49,0.08437500000000142
58,25.74999999999999,49,0.08333333333333215
54,25.83333333333332,49,0.08229166666666643
58,25.915624999999988,49,0.08437500000000142
51,25.99999999999999,49,0.08333333333333215
58,26.08333333333332,49,0.08229166666666643
54,26.165624999999988,49,0.08437500000000142
70,26.24999999999999,49,0.08333333333333215
54,26.33333333333332,49,0.08229166666666643
58,26.33333333333332,49,0.08229166666666643
51,26.415624999999988,49,0.08437500000000142
68,26.49999999999999,49,0.08333333333333215
54,26.58333333333332,49,0.08229166666666643
58,26.58333333333332,49,0.08229166666666643
51,26.665624999999988,49,0.08437500000000142
66,26.74999999999999,49,0.08333333333333215
54,26.83333333333332,49,0.08229166666666643
58,26.83333333333332,49,0.08229166666666643
51,26.915624999999988,49,0.08437500000000142
52,26.99999999999999,62,0.08333333333333215
58,27.08333333333332,88,0.08229166666666643
61,27.08333333333332,88,0.08229166666666643
54,27.165624999999988,62,0.08437500000000142
70,27.24999999999999,62,0.08333333333333215
58,27.33333333333332,62,0.08229166666666643
61,27.33333333333332,62,0.08229166666666643
54,27.415624999999988,62,0.08437500000000142
68,27.49999999999999,62,0.08333333333333215
58,27.58333333333332,62,0.08229166666666643
61,27.58333333333332,62,0.08229166666666643
54,27.665624999999988,62,0.08437500000000142
66,27.74999999999999,62,0.08333333333333215
58,27.83333333333332,62,0.08229166666666643
61,27.83333333333332,62,0.08229166666666643
40,27.915624999999988,62,0.08437500000000142
52,27.915624999999988,62,0.08437500000000142
53,27.99999999999999,75,0.08333333333333215
58,28.08333333333332,75,0.08229166666666643
61,28.08333333333332,75,0.08229166666666643
61,28.165624999999988,75,0.08437500000000142
73,28.24999999999999,101,0.08333333333333215
61,28.33333333333332,75,0.08229166666666643
58,28.415624999999988,75,0.08437500000000142
61,28.415624999999988,75,0.08437500000000142
52,28.49999999999999,75,0.08333333333333215
58,28.58333333333332,75,0.08229166666666643
61,28.58333333333332,75,0.08229166666666643
49,28.665624999999988,75,0.08437500000000142
53,28.74999999999999,75,0.08333333333333215
58,28.83333333333332,75,0.08229166666666643
61,28.83333333333332,75,0.08229166666666643
49,28.915624999999988,75,0.08437500000000142
54,28.99999999999999,75,0.08333333333333215
58,29.08333333333332,75,0.08229166666666643
61,29.08333333333332,75,0.08229166666666643
61,29.165624999999988,75,0.08437500000000142
73,29.24999999999999,101,0.08333333333333215
61,29.33333333333332,75,0.08229166666666643
58,29.415624999999988,75,0.08437500000000142
61,29.415624999999988,75,0.08437500000000142
41,29.49999999999999,75,0.08333333333333215
53,29.49999999999999,75,0.08333333333333215
58,29.58333333333332,75,0.08229166666666643
61,29.58333333333332,75,0.08229166666666643
49,29.665624999999988,75,0.08437500000000142
42,29.74999999999999,75,0.08333333333333215
54,29.74999999999999,75,0.08333333333333215
58,29.83333333333332,75,0.08229166666666643
61,29.83333333333332,75,0.08229166666666643
49,29.915624999999988,75,0.08437500000000142
55,29.99999999999999,75,0.08333333333333215
58,30.08333333333332,75,0.08229166666666643
61,30.08333333333332,75,0.08229166666666643
61,30.165624999999988,75,0.08437500000000142
73,30.24999999999999,75,0.08333333333333215
61,30.33333333333332,75,0.08229166666666643
58,30.415624999999988,75,0.08437500000000142
61,30.415624999999988,75,0.08437500000000142
56,30.49999999999999,75,0.08333333333333215
56,30.58333333333332,75,0.08229166666666643
61,30.58333333333332,75,0.08229166666666643
61,30.665624999999988,75,0.08437500000000142
73,30.74999999999999,75,0.08333333333333215
61,30.83333333333332,75,0.08229166666666643
56,30.915624999999988,75,0.08437500000000142
61,30.915624999999988,75,0.08437500000000142
57,30.99999999999999,75,0.08333333333333215
54,31.08333333333332,75,0.08229166666666643
61,31.08333333333332,75,0.08229166666666643
61,31.165624999999988,75,0.08437500000000142
66,31.24999999999999,75,0.08333333333333215
73,31.24999999999999,75,0.08333333333333215
61,31.33333333333332,75,0.08229166666666643
54,31.415624999999988,75,0.08437500000000142
61,31.415624999999988,75,0.08437500000000142
49,31.49999999999999,75,0.08333333333333215
42,31.58333333333332,75,0.08229166666666643
49,31.58333333333332,75,0.08229166666666643
37,31.665624999999988,75,0.08437500000000142
45,31.74999999999999,75,0.08333333333333215
42,31.83333333333332,75,0.08229166666666643
49,31.83333333333332,75,0.08229166666666643
45,31.915624999999988,75,0.08437500000000142
44,31.99999999999999,88,0.08333333333333215
51,32.08333333333332,88,0.08229166666666998
54,32.16562499999999,88,0.08437500000000142
61,32.24999999999999,88,0.0833333333333357
51,32.33333333333333,88,0.08229166666666998
54,32.415625,88,0.08437500000000142
61,32.5,88,0.0833333333333357
63,32.583333333333336,88,0.08229166666666998
54,32.665625000000006,88,0.08437500000000142
61,32.75000000000001,88,0.0833333333333357
63,32.83333333333334,88,0.08229166666666998
66,32.91562500000001,88,0.08437500000000142
63,33.000000000000014,88,0.0833333333333357
66,33.08333333333335,88,0.08229166666666998
73,33.16562500000002,88,0.08437500000000142
75,33.25000000000002,88,0.0833333333333357
66,33.33333333333336,88,0.08229166666666998
73,33.41562500000003,88,0.08437500000000142
75,33.50000000000003,88,0.0833333333333357
78,33.583333333333364,88,0.08229166666666998
73,33.665625000000034,88,0.08437500000000142
75,33.750000000000036,88,0.0833333333333357
85,33.83333333333337,88,0.08229166666666998
78,33.91562500000004,88,0.08437500000000142
75,34.00000000000004,88,0.0833333333333357
78,34.08333333333338,88,0.08229166666666998
87,34.16562500000005,88,0.08437500000000142
85,34.25000000000005,88,0.0833333333333357
78,34.333333333333385,88,0.08229166666666998
75,34.415625000000055,88,0.08437500000000142
85,34.50000000000006,88,0.0833333333333357
78,34.58333333333339,88,0.08229166666666998
75,34.66562500000006,88,0.08437500000000142
73,34.750000000000064,88,0.0833333333333357
78,34.8333333333334,88,0.08229166666666998
75,34.91562500000007,88,0.08437500000000142
73,35.00000000000007,88,0.0833333333333357
66,35.08333333333341,88,0.08229166666666998
75,35.16562500000008,88,0.08437500000000142
73,35.25000000000008,88,0.0833333333333357
66,35.333333333333414,88,0.08229166666666998
63,35.415625000000084,88,0.08437500000000142
73,35.500000000000085,88,0.0833333333333357
66,35.58333333333342,88,0.08229166666666998
63,35.66562500000009,88,0.08437500000000142
61,35.75000000000009,88,0.0833333333333357
66,35.83333333333343,88,0.08229166666666998
63,35.9156250000001,88,0.08437500000000142
44,36.0000000000001,88,0.0833333333333357
51,36.083333333333435,88,0.08229166666666998
54,36.165625000000105,88,0.08437500000000142
56,36.25000000000011,88,0.0833333333333357
51,36.33333333333344,88,0.08229166666666998
54,36.41562500000011,88,0.08437500000000142
60,36.500000000000114,88,0.0833333333333357
63,36.58333333333345,88,0.08229166666666998
54,36.66562500000012,88,0.08437500000000142
56,36.75000000000012,88,0.0833333333333357
63,36.83333333333346,88,0.08229166666666998
66,36.91562500000013,88,0.08437500000000142
56,37.00000000000013,88,0.0833333333333357
63,37.083333333333464,88,0.08229166666666998
66,37.165625000000134,88,0.08437500000000142
68,37.250000000000135,88,0.0833333333333357
63,37.33333333333347,88,0.08229166666666998
66,37.41562500000014,88,0.08437500000000142
72,37.50000000000014,88,0.0833333333333357
75,37.58333333333348,88,0.08229166666666998
66,37.66562500000015,88,0.08437500000000142
68,37.75000000000015,88,0.0833333333333357
78,37.833333333333485,88,0.08229166666666998
75,37.915625000000155,88,0.08437500000000142
68,38.000000000000156,75,0.0833333333333357
66,38.08333333333349,75,0.08229166666666998
75,38.16562500000016,75,0.08437500000000142
68,38.25000000000016,75,0.0833333333333357
66,38.3333333333335,75,0.08229166666666998
63,38.41562500000017,75,0.08437500000000142
68,38.50000000000017,75,0.0833333333333357
66,38.583333333333506,75,0.08229166666666998
63,38.665625000000176,75,0.08437500000000142
56,38.75000000000018,75,0.0833333333333357
66,38.83333333333351,75,0.08229166666666998
63,38.91562500000018,75,0.08437500000000142
56,39.000000000000185,62,0.0833333333333357
54,39.08333333333352,62,0.08229166666666998
63,39.16562500000019,62,0.08437500000000142
56,39.25000000000019,62,0.0833333333333357
54,39.33333333333353,62,0.08229166666666998
51,39.4156250000002,62,0.08437500000000142
56,39.5000000000002,62,0.0833333333333357
54,39.583333333333535,62,0.08229166666666998
51,39.665625000000205,62,0.08437500000000142
44,39.750000000000206,62,0.0833333333333357
54,39.83333333333354,62,0.08229166666666998
51,39.91562500000021,62,0.08437500000000142
49,40.00000000000021,49,0.0833333333333357
61,40.08333333333355,49,0.08229166666666998
56,40.16562500000022,49,0.08437500000000142
61,40.25000000000022,49,0.0833333333333357
56,40.333333333333556,49,0.08229166666666998
68,40.415625000000226,49,0.08437500000000142
61,40.50000000000023,49,0.0833333333333357
68,40.58333333333356,49,0.08229166666666998
56,40.66562500000023,49,0.08437500000000142
61,40.750000000000234,49,0.0833333333333357
56,40.83333333333357,49,0.08229166666666998
61,40.91562500000024,49,0.08437500000000142
49,41.00000000000024,49,0.0833333333333357
61,41.08333333333358,49,0.08229166666666998
56,41.16562500000025,49,0.08437500000000142
61,41.25000000000025,49,0.0833333333333357
56,41.333333333333584,49,0.08229166666666998
68,41.415625000000254,49,0.08437500000000142
61,41.500000000000256,49,0.0833333333333357
68,41.58333333333359,49,0.08229166666666998
56,41.66562500000026,49,0.08437500000000142
61,41.75000000000026,49,0.0833333333333357
56,41.8333333333336,49,0.08229166666666998
61,41.91562500000027,49,0.08437500000000142
49,42.00000000000027,49,0.0833333333333357
61,42.083333333333606,49,0.08229166666666998
56,42.165625000000276,49,0.08437500000000142
61,42.25000000000028,49,0.0833333333333357
61,42.33333333333361,49,0.08229166666666998
73,42.41562500000028,49,0.08437500000000142
68,42.500000000000284,49,0.0833333333333357
73,42.58333333333362,49,0.08229166666666998
61,42.66562500000029,49,0.08437500000000142
61,42.75000000000029,49,0.0833333333333357
56,42.83333333333363,49,0.08229166666666998
61,42.9156250000003,49,0.08437500000000142
56,43.0000000000003,62,0.0833333333333357
68,43.083333333333634,62,0.08229166666666998
61,43.165625000000304,62,0.08437500000000142
68,43.250000000000306,62,0.0833333333333357
68,43.33333333333364,62,0.08229166666666998
80,43.41562500000031,62,0.08437500000000142
73,43.50000000000031,62,0.0833333333333357
80,43.58333333333365,62,0.08229166666666998
68,43.66562500000032,62,0.08437500000000142
68,43.75000000000032,62,0.0833333333333357
56,43.833333333333655,62,0.08229166666666998
68,43.915625000000325,62,0.08437500000000142
49,44.00000000000033,75,0.0833333333333357
51,44.08333333333366,75,0.08229166666666998
49,44.16562500000033,75,0.08437500000000142
63,44.250000000000334,75,0.0833333333333357
61,44.33333333333367,75,0.08229166666666998
73,44.41562500000034,75,0.16770833333333002
75,44.58333333333367,75,0.08229166666666998
73,44.66562500000034,75,0.08437500000000142
61,44.75000000000034,75,0.0833333333333357
63,44.83333333333368,75,0.08229166666666998
61,44.91562500000035,75,0.16770833333333712
51,45.083333333333684,75,0.08229166666666998
49,45.165625000000354,75,0.08437500000000142
63,45.250000000000355,75,0.0833333333333357
61,45.33333333333369,75,0.08229166666666998
73,45.41562500000036,75,0.16770833333333712
75,45.5833333333337,75,0.08229166666666998
73,45.66562500000037,75,0.08437500000000142
61,45.75000000000037,62,0.0833333333333357
63,45.833333333333705,62,0.08229166666666998
61,45.915625000000375,62,0.16770833333333712
56,46.00000000000038,62,0.0833333333333357
51,46.08333333333371,62,0.08229166666666998
49,46.16562500000038,62,0.08437500000000142
61,46.250000000000384,62,0.0833333333333357
63,46.33333333333372,62,0.08229166666666998
61,46.41562500000039,62,0.08437500000000142
73,46.50000000000039,62,0.0833333333333357
75,46.58333333333373,62,0.08229166666666998
73,46.6656250000004,62,0.08437500000000142
61,46.7500000000004,75,0.0833333333333357
63,46.833333333333734,75,0.08229166666666998
61,46.915625000000404,75,0.08437500000000142
73,47.000000000000405,75,0.0833333333333357
75,47.08333333333374,75,0.08229166666666998
73,47.16562500000041,75,0.08437500000000142
61,47.25000000000041,75,0.0833333333333357
63,47.33333333333375,75,0.08229166666666998
61,47.41562500000042,75,0.08437500000000142
73,47.50000000000042,75,0.0833333333333357
75,47.583333333333755,75,0.08229166666666998
73,47.665625000000425,75,0.08437500000000142
61,47.750000000000426,75,0.0833333333333357
63,47.83333333333376,75,0.08229166666666998
49,47.91562500000043,75,0.08437500000000142
61,47.91562500000043,75,0.08437500000000142
70,48.00000000000043,88,0.0833333333333357
73,48.08333333333377,88,0.08229166666666998
61,48.16562500000044,88,0.08437500000000142
66,48.25000000000044,88,0.0833333333333357
63,48.333333333333776,88,0.08229166666666998
66,48.415625000000446,88,0.08437500000000142
61,48.50000000000045,88,0.0833333333333357
66,48.58333333333378,88,0.08229166666666998
58,48.66562500000045,88,0.08437500000000142
61,48.750000000000455,88,0.0833333333333357
54,48.83333333333379,88,0.08229166666666998
58,48.91562500000046,88,0.08437500000000142
54,49.00000000000046,49,0.0833333333333357
58,49.0833333333338,49,0.08229166666666998
49,49.16562500000047,49,0.08437500000000142
54,49.25000000000047,49,0.0833333333333357
51,49.333333333333805,49,0.08229166666666998
54,49.415625000000475,49,0.08437500000000142
49,49.500000000000476,49,0.0833333333333357
54,49.58333333333381,49,0.08229166666666998
46,49.66562500000048,49,0.08437500000000142
49,49.75000000000048,49,0.0833333333333357
42,49.83333333333382,49,0.08229166666666998
46,49.91562500000049,49,0.08437500000000142
37,50.00000000000049,49,0.0833333333333357
49,50.083333333333826,49,0.08229166666666998
44,50.165625000000496,49,0.08437500000000142
49,50.2500000000005,49,0.0833333333333357
44,50.33333333333383,49,0.08229166666666998
56,50.4156250000005,49,0.08437500000000142
44,50.500000000000504,62,0.0833333333333357
56,50.58333333333384,62,0.08229166666666998
51,50.66562500000051,62,0.08437500000000142
56,50.75000000000051,62,0.0833333333333357
51,50.83333333333385,62,0.08229166666666998
63,50.91562500000052,62,0.08437500000000142
56,51.00000000000052,62,0.0833333333333357
63,51.083333333333854,62,0.08229166666666998
56,51.165625000000524,62,0.08437500000000142
59,51.250000000000526,62,0.0833333333333357
56,51.33333333333386,62,0.08229166666666998
68,51.41562500000053,62,0.08437500000000142
61,51.50000000000053,75,0.0833333333333357
68,51.58333333333387,75,0.08229166666666998
61,51.66562500000054,75,0.08437500000000142
68,51.75000000000054,75,0.0833333333333357
61,51.833333333333876,75,0.08229166666666998
73,51.915625000000546,75,0.08437500000000142
66,52.00000000000055,75,0.0833333333333357
70,52.00000000000055,75,0.16562500000000568
61,52.16562500000055,75,0.08437500000000142
66,52.250000000000554,75,0.0833333333333357
63,52.33333333333389,75,0.08229166666666998
66,52.41562500000056,75,0.08437500000000142
61,52.50000000000056,75,0.0833333333333357
66,52.5833333333339,75,0.08229166666666998
58,52.66562500000057,75,0.08437500000000142
61,52.75000000000057,75,0.0833333333333357
54,52.833333333333904,75,0.08229166666666998
58,52.915625000000574,75,0.08437500000000142
54,53.000000000000576,49,0.0833333333333357
58,53.08333333333391,49,0.08229166666666998
49,53.16562500000058,49,0.08437500000000142
54,53.25000000000058,49,0.0833333333333357
51,53.33333333333392,49,0.08229166666666998
54,53.41562500000059,49,0.08437500000000142
49,53.50000000000059,49,0.0833333333333357
54,53.583333333333925,49,0.08229166666666998
46,53.665625000000595,49,0.08437500000000142
49,53.7500000000006,49,0.0833333333333357
42,53.83333333333393,49,0.08229166666666998
46,53.9156250000006,49,0.08437500000000142
39,54.000000000000604,49,0.0833333333333357
51,54.08333333333394,49,0.08229166666666998
44,54.16562500000061,49,0.08437500000000142
51,54.25000000000061,49,0.0833333333333357
44,54.33333333333395,49,0.08229166666666998
56,54.41562500000062,49,0.08437500000000142
46,54.50000000000062,49,0.0833333333333357
58,54.583333333333954,75,0.08229166666666998
46,54.665625000000624,49,0.08437500000000142
46,54.750000000000625,49,0.0833333333333357
41,54.83333333333396,49,0.08229166666666998
46,54.91562500000063,49,0.08437500000000142
51,55.00000000000063,62,0.0833333333333357
63,55.08333333333397,62,0.08229166666666998
56,55.16562500000064,62,0.08437500000000142
63,55.25000000000064,62,0.0833333333333357
56,55.333333333333975,62,0.08229166666666998
68,55.415625000000645,62,0.08437500000000142
58,55.50000000000065,62,0.0833333333333357
70,55.58333333333398,88,0.08229166666666998
58,55.66562500000065,62,0.08437500000000142
58,55.750000000000654,62,0.0833333333333357
53,55.83333333333399,62,0.08229166666666998
58,55.91562500000066,62,0.08437500000000142
58,56.00000000000066,75,0.0833333333333357
63,56.083333333334,49,0.08229166666666998
58,56.16562500000067,49,0.08437500000000142
63,56.25000000000067,75,0.0833333333333357
70,56.25000000000067,75,0.0833333333333357
56,56.333333333334004,49,0.08229166666666998
63,56.415625000000674,49,0.08437500000000142
68,56.415625000000674,49,0.08437500000000142
56,56.500000000000675,75,0.0833333333333357
61,56.58333333333401,49,0.08229166666666998
56,56.66562500000068,49,0.08437500000000142
58,56.75000000000068,75,0.0833333333333357
68,56.75000000000068,75,0.0833333333333357
54,56.83333333333402,49,0.08229166666666998
58,56.91562500000069,49,0.08437500000000142
66,56.91562500000069,49,0.08437500000000142
49,57.00000000000069,49,0.0833333333333357
61,57.083333333334025,49,0.08229166666666998
56,57.165625000000695,49,0.08437500000000142
61,57.250000000000696,49,0.0833333333333357
56,57.33333333333403,49,0.08229166666666998
68,57.4156250000007,49,0.08437500000000142
54,57.5000000000007,62,0.0833333333333357
66,57.58333333333404,62,0.08229166666666998
61,57.66562500000071,62,0.08437500000000142
66,57.75000000000071,62,0.0833333333333357
61,57.833333333334046,62,0.08229166666666998
73,57.915625000000716,62,0.08437500000000142
58,58.00000000000072,75,0.0833333333333357
63,58.08333333333405,49,0.08229166666666998
58,58.16562500000072,49,0.08437500000000142
63,58.250000000000725,75,0.0833333333333357
70,58.250000000000725,75,0.0833333333333357
56,58.33333333333406,49,0.08229166666666998
63,58.41562500000073,49,0.08437500000000142
68,58.41562500000073,49,0.08437500000000142
56,58.50000000000073,75,0.0833333333333357
61,58.58333333333407,49,0.08229166666666998
56,58.66562500000074,49,0.08437500000000142
58,58.75000000000074,75,0.0833333333333357
68,58.75000000000074,75,0.0833333333333357
54,58.833333333334075,49,0.08229166666666998
58,58.915625000000745,49,0.08437500000000142
66,58.915625000000745,49,0.08437500000000142
49,59.000000000000746,49,0.0833333333333357
61,59.08333333333408,49,0.08229166666666998
56,59.16562500000075,49,0.08437500000000142
61,59.25000000000075,49,0.0833333333333357
56,59.33333333333409,49,0.08229166666666998
68,59.41562500000076,49,0.08437500000000142
54,59.50000000000076,62,0.0833333333333357
66,59.583333333334096,62,0.08229166666666998
61,59.665625000000766,62,0.08437500000000142
66,59.75000000000077,62,0.0833333333333357
61,59.8333333333341,62,0.08229166666666998
73,59.91562500000077,62,0.08437500000000142
58,60.000000000000774,88,0.0833333333333357
63,60.08333333333411,62,0.08229166666666998
58,60.16562500000078,62,0.08437500000000142
63,60.25000000000078,88,0.0833333333333357
70,60.25000000000078,88,0.0833333333333357
56,60.33333333333412,62,0.08229166666666998
63,60.41562500000079,62,0.08437500000000142
68,60.41562500000079,62,0.08437500000000142
70,60.50000000000079,88,0.0833333333333357
75,60.583333333334124,62,0.08229166666666998
70,60.665625000000794,62,0.08437500000000142
75,60.750000000000796,88,0.0833333333333357
82,60.750000000000796,88,0.0833333333333357
68,60.83333333333413,62,0.08229166666666998
75,60.9156250000008,62,0.08437500000000142
80,60.9156250000008,62,0.08437500000000142
58,61.0000000000008,101,0.0833333333333357
63,61.08333333333414,75,0.08229166666666998
58,61.16562500000081,75,0.08437500000000142
63,61.25000000000081,101,0.0833333333333357
70,61.25000000000081,101,0.0833333333333357
56,61.333333333334146,75,0.08229166666666998
63,61.415625000000816,75,0.08437500000000142
68,61.415625000000816,75,0.08437500000000142
70,61.50000000000082,101,0.0833333333333357
75,61.58333333333415,75,0.08229166666666998
70,61.66562500000082,75,0.08437500000000142
75,61.750000000000824,101,0.0833333333333357
82,61.750000000000824,101,0.0833333333333357
68,61.83333333333416,75,0.08229166666666998
75,61.91562500000083,75,0.08437500000000142
80,61.91562500000083,75,0.08437500000000142
61,62.00000000000083,75,0.0833333333333357
70,62.08333333333417,75,0.08229166666666998
56,62.16562500000084,75,0.08437500000000142
68,62.25000000000084,75,0.0833333333333357
61,62.333333333334174,75,0.08229166666666998
66,62.333333333334174,75,0.08229166666666998
70,62.415625000000844,75,0.08437500000000142
56,62.500000000000846,75,0.0833333333333357
68,62.58333333333418,75,0.08229166666666998
61,62.66562500000085,75,0.08437500000000142
66,62.66562500000085,75,0.08437500000000142
70,62.75000000000085,75,0.0833333333333357
56,62.83333333333419,75,0.08229166666666998
68,62.91562500000086,75,0.08437500000000142
61,63.00000000000086,88,0.0833333333333357
66,63.00000000000086,88,0.0833333333333357
70,63.083333333334195,88,0.08229166666666998
56,63.165625000000865,88,0.08437500000000142
68,63.25000000000087,88,0.0833333333333357
61,63.3333333333342,88,0.08229166666666998
66,63.3333333333342,88,0.08229166666666998
70,63.41562500000087,88,0.08437500000000142
56,63.500000000000874,88,0.0833333333333357
68,63.58333333333421,88,0.08229166666666998
61,63.66562500000088,88,0.08437500000000142
66,63.66562500000088,88,0.08437500000000142
70,63.75000000000088,88,0.0833333333333357
56,63.83333333333422,88,0.08229166666666288
49,63.84375000000088,88,1.15625
56,63.87500000000088,88,0.04062499999999858
61,63.90625000000088,88,1.09375
68,63.91562500000088,88,0.08437500000000142
66,63.93750000000088,88,1.0625
37,65.25000000000088,75,0.25
49,65.25000000000088,75,0.25
25,65.75000000000088,62,0.25
37,65.75000000000088,62,0.25
42,66.25000000000088,49,0.25
49,66.25000000000088,49,0.25
68,66.50000000000088,49,0.0833333333333286
70,66.58333333333421,49,0.08229166666666288
68,66.66562500000087,49,0.08437499999999432
61,66.75000000000087,49,0.0833333333333286
71,66.8333333333342,49,0.08229166666666288
61,66.91562500000086,49,0.1677083333333229
63,67.08333333333418,49,0.08229166666666288
61,67.16562500000084,49,0.08437499999999432
54,67.25000000000084,49,0.0833333333333286
66,67.33333333333417,49,0.08229166666666288
54,67.41562500000083,49,0.08437499999999432
56,67.50000000000082,49,0.0833333333333286
58,67.58333333333415,49,0.08229166666666288
56,67.66562500000082,49,0.08437499999999432
49,67.75000000000081,49,0.25
42,68.00000000000081,49,0.0833333333333286
54,68.08333333333414,49,0.08229166666666288
56,68.1656250000008,49,0.08437499999999432
58,68.2500000000008,49,0.0833333333333286
56,68.33333333333412,49,0.08229166666666288
54,68.41562500000079,49,0.08437499999999432
49,68.50000000000078,49,0.0833333333333286
56,68.58333333333411,49,0.08229166666666288
53,68.66562500000077,49,0.08437499999999432
61,68.66562500000077,49,0.08437499999999432
63,68.75000000000077,49,0.0833333333333286
61,68.8333333333341,49,0.08229166666666288
56,68.91562500000076,49,0.08437499999999432
54,69.00000000000075,49,0.0833333333333286
66,69.08333333333408,49,0.08229166666666288
68,69.16562500000074,49,0.08437499999999432
70,69.25000000000074,49,0.0833333333333286
68,69.33333333333407,49,0.08229166666666288
66,69.41562500000073,49,0.08437499999999432
61,69.50000000000072,49,0.0833333333333286
68,69.58333333333405,49,0.08229166666666288
65,69.66562500000072,49,0.08437499999999432
73,69.66562500000072,49,0.08437499999999432
75,69.75000000000071,49,0.0833333333333286
73,69.83333333333404,49,0.08229166666666288
68,69.9156250000007,49,0.08437499999999432
66,70.0000000000007,49,0.0833333333333286
68,70.08333333333402,49,0.08229166666666288
66,70.16562500000069,49,0.08437499999999432
61,70.25000000000068,49,0.0833333333333286
73,70.33333333333401,49,0.08229166666666288
61,70.41562500000067,49,0.08437499999999432
61,70.50000000000067,49,0.0833333333333286
63,70.583333333334,49,0.08229166666666288
61,70.66562500000066,49,0.08437499999999432
56,70.75000000000065,49,0.0833333333333286
68,70.83333333333398,49,0.08229166666666288
56,70.91562500000065,49,0.08437499999999432
59,70.91562500000065,49,0.08437499999999432
63,70.91562500000065,49,0.08437499999999432
56,71.00000000000064,49,0.0833333333333286
58,71.08333333333397,49,0.08229166666666288
56,71.16562500000063,49,0.08437499999999432
54,71.25000000000063,49,0.0833333333333286
66,71.33333333333395,49,0.08229166666666288
54,71.41562500000062,49,0.08437499999999432
58,71.41562500000062,49,0.08437499999999432
59,71.50000000000061,49,0.0833333333333286
53,71.58333333333394,49,0.08229166666666288
49,71.6656250000006,49,0.08437499999999432
37,71.7500000000006,49,0.0833333333333286
56,71.83333333333393,49,0.08229166666666288
49,71.91562500000059,49,0.08437499999999432
53,71.91562500000059,49,0.08437499999999432
42,72.00000000000058,49,0.0833333333333286
54,72.08333333333391,49,0.08229166666666288
56,72.16562500000057,49,0.08437499999999432
58,72.25000000000057,49,0.0833333333333286
56,72.3333333333339,49,0.08229166666666288
54,72.41562500000056,49,0.08437499999999432
49,72.50000000000055,62,0.0833333333333286
56,72.58333333333388,62,0.08229166666666288
61,72.66562500000055,62,0.08437499999999432
63,72.75000000000054,62,0.0833333333333286
61,72.83333333333387,62,0.08229166666666288
56,72.91562500000053,62,0.08437499999999432
54,73.00000000000053,62,0.0833333333333286
61,73.08333333333385,62,0.08229166666666288
66,73.16562500000052,62,0.08437499999999432
68,73.25000000000051,62,0.0833333333333286
66,73.33333333333384,62,0.08229166666666288
61,73.4156250000005,62,0.08437499999999432
61,73.5000000000005,62,0.0833333333333286
68,73.58333333333383,62,0.08229166666666288
73,73.66562500000049,62,0.08437499999999432
75,73.75000000000048,62,0.0833333333333286
73,73.83333333333381,75,0.08229166666666288
66,73.91562500000047,75,0.08437499999999432
82,74.00000000000047,75,0.0833333333333286
73,74.0833333333338,75,0.08229166666666288
80,74.16562500000046,75,0.08437499999999432
70,74.25000000000045,75,0.0833333333333286
80,74.33333333333378,75,0.08229166666666288
73,74.41562500000045,75,0.08437499999999432
78,74.50000000000044,75,0.0833333333333286
70,74.58333333333377,75,0.08229166666666288
75,74.66562500000043,75,0.08437499999999432
77,74.75000000000043,75,0.0833333333333286
83,74.75000000000043,75,0.0833333333333286
73,74.83333333333375,75,0.08229166666666288
61,74.91562500000042,75,0.08437499999999432
82,75.00000000000041,62,0.0833333333333286
73,75.08333333333374,62,0.08229166666666288
80,75.1656250000004,62,0.08437499999999432
70,75.2500000000004,62,0.0833333333333286
80,75.33333333333373,62,0.08229166666666288
73,75.41562500000039,62,0.08437499999999432
78,75.50000000000038,62,0.0833333333333286
70,75.58333333333371,62,0.08229166666666288
75,75.66562500000038,62,0.08437499999999432
65,75.75000000000037,62,0.0833333333333286
61,75.8333333333337,62,0.08229166666666288
49,75.91562500000036,62,0.08437499999999432
70,76.00000000000036,49,0.0833333333333286
61,76.08333333333368,49,0.08229166666666288
68,76.16562500000035,49,0.08437499999999432
58,76.25000000000034,49,0.0833333333333286
68,76.33333333333367,49,0.08229166666666288
61,76.41562500000033,49,0.08437499999999432
66,76.50000000000033,49,0.0833333333333286
58,76.58333333333366,49,0.08229166666666288
63,76.66562500000032,49,0.08437499999999432
53,76.75000000000031,49,0.0833333333333286
59,76.75000000000031,49,0.0833333333333286
49,76.83333333333364,49,0.08229166666666288
37,76.9156250000003,49,0.08437499999999432
42,77.0000000000003,75,0.0833333333333286
49,77.08333333333363,49,0.08229166666666288
54,77.08333333333363,49,0.08229166666666288
58,77.08333333333363,49,0.08229166666666288
63,77.16562500000029,49,0.08437499999999432
53,77.25000000000028,49,0.0833333333333286
49,77.33333333333361,49,0.08229166666666288
37,77.41562500000028,49,0.08437499999999432
42,77.50000000000027,75,0.0833333333333286
49,77.5833333333336,49,0.08229166666666288
54,77.5833333333336,49,0.08229166666666288
58,77.5833333333336,49,0.08229166666666288
63,77.66562500000026,49,0.08437499999999432
53,77.75000000000026,49,0.0833333333333286
49,77.83333333333358,49,0.08229166666666288
37,77.91562500000025,49,0.08437499999999432
42,78.00000000000024,49,0.25
49,78.00000000000024,49,0.25
58,78.00000000000024,49,0.25
30,78.25000000000024,88,0.0833333333333286
42,78.33333333333357,88,0.08229166666666288
49,78.41562500000023,88,0.08437499999999432
42,78.50000000000023,88,0.0833333333333286
49,78.58333333333356,88,0.08229166666666288
58,78.66562500000022,88,0.08437499999999432
49,78.75000000000021,88,0.0833333333333286
58,78.83333333333354,88,0.08229166666666288
66,78.9156250000002,88,0.08437499999999432
54,79.0000000000002,114,0.0833333333333286
63,79.08333333333353,88,0.08229166666666288
61,79.16562500000019,88,0.08437499999999432
54,79.25000000000018,114,0.0833333333333286
63,79.33333333333351,88,0.08229166666666288
61,79.41562500000018,88,0.08437499999999432
58,79.50000000000017,114,0.0833333333333286
68,79.5833333333335,88,0.08229166666666288
66,79.66562500000016,88,0.08437499999999432
61,79.75000000000016,114,0.0833333333333286
73,79.83333333333348,88,0.08229166666666288
70,79.91562500000015,88,0.08437499999999432
66,80.00000000000014,114,0.0833333333333286
75,80.08333333333347,88,0.08229166666666288
73,80.16562500000013,88,0.08437499999999432
61,80.25000000000013,114,0.0833333333333286
73,80.33333333333346,88,0.08229166666666288
70,80.41562500000012,88,0.08437499999999432
66,80.50000000000011,114,0.0833333333333286
75,80.58333333333344,88,0.08229166666666288
73,80.6656250000001,88,0.08437499999999432
61,80.7500000000001,114,0.0833333333333286
73,80.83333333333343,88,0.08229166666666288
70,80.91562500000009,88,0.08437499999999432
66,81.00000000000009,114,0.0833333333333286
75,81.08333333333341,88,0.08229166666666288
73,81.16562500000008,88,0.08437499999999432
61,81.25000000000007,114,0.0833333333333286
73,81.3333333333334,88,0.08229166666666288
70,81.41562500000006,88,0.08437499999999432
66,81.50000000000006,114,0.0833333333333286
75,81.58333333333339,88,0.08229166666666288
73,81.66562500000005,88,0.08437499999999432
61,81.75000000000004,114,0.0833333333333286
73,81.83333333333337,88,0.08229166666666288
70,81.91562500000003,88,0.08437499999999432
66,82.00000000000003,88,0.0833333333333286
73,82.00000000000003,88,0.0833333333333286
37,82.16562500000002,62,0.01666666666666572
49,82.16562500000002,62,0.01666666666666572
39,82.25000000000001,62,0.015625
51,82.25000000000001,62,0.015625
42,82.33333333333334,62,0.01666666666666572
54,82.33333333333334,62,0.01666666666666572
44,82.415625,62,0.01666666666666572
56,82.415625,62,0.01666666666666572
46,82.5,62,0.015625
58,82.5,62,0.015625
49,82.58333333333333,62,0.01666666666666572
61,82.58333333333333,62,0.01666666666666572
51,82.66562499999999,62,0.01666666666666572
63,82.66562499999999,62,0.01666666666666572
54,82.74999999999999,62,0.015625
66,82.74999999999999,62,0.015625
56,82.83333333333331,62,0.01666666666666572
68,82.83333333333331,62,0.01666666666666572
58,82.91562499999998,62,0.01666666666666572
70,82.91562499999998,62,0.01666666666666572
42,83.91666666666664,62,0.2083333333333428
49,83.95833333333331,62,0.1666666666666714
58,83.99999999999999,62,0.125
