36,0,86,2.8075117499999993
48,0,103,0.08261504166666667
48,0.086207,77,2.7213047499999994
55,0.172414,80,0.08620699999999998
60,0.258621,77,0.08620699999999998
64,0.34482799999999997,90,0.08620699999999998
60,0.43103499999999995,77,0.08620700000000003
67,0.517242,80,0.08620700000000003
72,0.603449,78,0.08620700000000003
76,0.689656,93,0.08620700000000003
72,0.7758630000000001,79,0.08620700000000003
79,0.8620700000000001,82,0.08620700000000003
84,0.9482770000000001,80,0.08620700000000003
88,1.0344840000000002,93,0.08620699999999992
84,1.120691,80,0.08620699999999992
91,1.206898,83,0.08620699999999992
96,1.293105,81,0.08620699999999992
100,1.3793119999999999,95,0.08620699999999992
96,1.4655189999999998,80,0.08620699999999992
91,1.5517259999999997,84,0.08620699999999992
84,1.6379329999999996,80,0.08620699999999992
88,1.7241399999999996,94,0.08620699999999992
84,1.8103469999999995,80,0.08620699999999992
79,1.8965539999999994,83,0.08620699999999992
72,1.9827609999999993,79,0.08620700000000014
76,2.0689679999999995,93,0.09009
72,2.1590579999999995,79,0.09009
67,2.2491479999999995,81,0.09009
60,2.3392379999999995,78,0.09009
64,2.4293279999999995,92,0.09009
60,2.5194179999999995,76,0.09009
55,2.6095079999999995,80,0.09009
48,2.6995979999999995,77,0.10791374999999981
29,2.8075117499999993,88,1.4200812499999995
41,2.8075117499999993,104,1.4200812499999995
48,2.894720999999999,80,0.0872092499999999
57,2.981930249999999,80,0.0872092499999999
60,3.069139499999999,77,0.0872092499999999
65,3.156348749999999,91,0.0872092499999999
60,3.243557999999999,77,0.0872092499999999
69,3.3307672499999987,80,0.0872092499999999
72,3.4179764999999986,78,0.0872092499999999
77,3.5051857499999985,93,0.08955225000000011
72,3.5947379999999987,78,0.08955225000000011
81,3.6842902499999988,82,0.08955225000000011
84,3.773842499999999,80,0.08955225000000011
89,3.863394749999999,94,0.08955225000000011
84,3.952946999999999,81,0.08955224999999967
93,4.042499249999999,83,0.08955224999999967
96,4.132051499999998,80,0.09554150000000039
100,4.227592999999999,96,0.0872092499999999
30,4.227592999999999,85,1.4172297499999988
42,4.227592999999999,101,1.4172297499999988
96,4.314802249999999,80,0.0872092499999999
93,4.402011499999999,84,0.0872092499999999
84,4.4892207499999985,80,0.0872092499999999
88,4.576429999999998,95,0.0872092499999999
84,4.663639249999998,80,0.0872092499999999
81,4.750848499999998,83,0.0872092499999999
72,4.838057749999998,79,0.0872092499999999
76,4.925266999999998,93,0.0872092499999999
72,5.012476249999998,78,0.0872092499999999
69,5.099685499999998,81,0.0872092499999999
60,5.186894749999998,77,0.0872092499999999
62,5.274103999999998,92,0.0872092499999999
60,5.361313249999998,76,0.0872092499999999
57,5.4485224999999975,80,0.0872092499999999
48,5.535731749999997,77,0.10909100000000027
31,5.644822749999998,85,0.7079639999999969
43,5.644822749999998,101,0.7079639999999969
47,5.733318249999997,80,0.08849549999999962
55,5.821813749999997,77,0.08849549999999962
59,5.9103092499999965,80,0.08849549999999962
62,5.998804749999996,90,0.08849549999999962
59,6.087300249999996,77,0.08849549999999962
67,6.175795749999995,80,0.08849549999999962
71,6.264291249999995,78,0.08849549999999962
74,6.352786749999995,93,0.0923077499999998
30,6.352786749999995,86,0.3692309999999992
42,6.352786749999995,102,0.3692309999999992
71,6.445094499999994,79,0.0923077499999998
79,6.537402249999994,82,0.0923077499999998
83,6.629709999999994,80,0.0923077499999998
86,6.722017749999994,94,0.09433950000000024
28,6.722017749999994,82,0.37735800000000097
40,6.722017749999994,97,0.37735800000000097
83,6.816357249999994,80,0.09433950000000024
91,6.910696749999994,83,0.09433950000000024
93,7.0050362499999945,79,0.09433950000000024
98,7.099375749999995,97,0.09009
26,7.099375749999995,86,1.4493892499999994
38,7.099375749999995,102,1.4493892499999994
93,7.189465749999995,80,0.09009
90,7.279555749999995,84,0.09009
84,7.369645749999995,80,0.09009
86,7.459735749999995,95,0.09009
81,7.549825749999995,80,0.09009
78,7.639915749999995,82,0.09009
72,7.730005749999995,79,0.09009
74,7.820095749999995,94,0.09009
69,7.910185749999995,77,0.09009
66,8.000275749999995,81,0.09009
60,8.090365749999995,77,0.09009
62,8.180455749999995,80,0.09009
57,8.270545749999995,80,0.09009
54,8.360635749999995,80,0.09009
48,8.450725749999995,80,0.09803924999999936
31,8.548764999999994,85,2.798391249999982
43,8.548764999999994,101,2.798391249999982
48,8.635721499999994,77,0.08695649999999944
53,8.722677999999993,80,0.08695649999999944
56,8.809634499999992,77,0.08695649999999944
62,8.896590999999992,91,0.08695649999999944
60,8.983547499999991,76,0.08695649999999944
65,9.07050399999999,80,0.08695649999999944
68,9.15746049999999,77,0.08695649999999944
74,9.24441699999999,92,0.08695649999999944
72,9.331373499999989,78,0.08695649999999944
77,9.418329999999989,82,0.08695649999999944
80,9.505286499999988,79,0.08695649999999944
86,9.592242999999987,93,0.08695649999999944
84,9.679199499999987,80,0.08695649999999944
89,9.766155999999986,83,0.08695649999999944
92,9.853112499999986,80,0.08695649999999944
98,9.940068999999985,95,0.08695649999999944
91,10.027025499999985,79,0.08695649999999944
89,10.113981999999984,84,0.08695649999999944
83,10.200938499999983,79,0.08695649999999944
86,10.287894999999983,94,0.08695649999999944
79,10.374851499999982,79,0.08695649999999944
77,10.461807999999982,83,0.08695649999999944
71,10.548764499999981,78,0.08695649999999944
74,10.63572099999998,93,0.08695649999999944
67,10.72267749999998,77,0.08695649999999944
65,10.80963399999998,81,0.08695649999999944
59,10.896590499999979,77,0.08695649999999944
63,10.983546999999978,95,0.08695649999999944
55,11.070503499999978,77,0.08695649999999944
53,11.157459999999977,80,0.08695649999999944
47,11.244416499999977,77,0.10273974999999957
36,11.347156249999976,85,2.776753999999997
48,11.347156249999976,101,0.08261504166666533
48,11.433363249999974,76,2.6905469999999987
55,11.519570249999974,80,0.08620699999999992
60,11.605777249999974,76,0.08620699999999992
64,11.691984249999974,85,0.08620699999999992
60,11.778191249999974,76,0.08620699999999992
67,11.864398249999974,80,0.08620699999999992
72,11.950605249999974,78,0.08620699999999992
76,12.036812249999974,89,0.08620699999999992
72,12.123019249999974,78,0.08620699999999992
79,12.209226249999974,82,0.08620699999999992
84,12.295433249999974,79,0.08620699999999992
88,12.381640249999974,90,0.08620699999999992
84,12.467847249999974,80,0.08620699999999992
91,12.554054249999973,83,0.08620699999999992
96,12.640261249999973,80,0.08620699999999992
100,12.726468249999973,92,0.08620699999999992
96,12.812675249999973,80,0.08620699999999992
91,12.898882249999973,84,0.08620699999999992
84,12.985089249999973,80,0.08620699999999992
88,13.071296249999973,92,0.08620699999999992
84,13.157503249999973,81,0.08620699999999992
79,13.243710249999973,83,0.08620699999999992
72,13.329917249999973,79,0.08620699999999992
76,13.416124249999973,90,0.08746350000000014
72,13.503587749999973,78,0.08746350000000014
67,13.591051249999973,81,0.08746350000000014
60,13.678514749999973,77,0.08746350000000014
64,13.765978249999973,89,0.08746350000000014
60,13.853441749999973,77,0.08746350000000014
55,13.940905249999973,80,0.08746350000000014
48,14.028368749999974,77,0.0955414999999995
33,14.123910249999973,86,2.7921157499999794
45,14.123910249999973,103,2.7921157499999794
48,14.210615499999975,77,0.08670524999999962
53,14.297320749999974,80,0.08670524999999962
60,14.384025999999974,77,0.08670524999999962
65,14.470731249999973,87,0.08670524999999962
60,14.557436499999973,76,0.08670524999999962
65,14.644141749999973,80,0.08670524999999962
72,14.730846999999972,77,0.08670524999999962
77,14.817552249999972,89,0.08670524999999962
72,14.904257499999972,77,0.08670524999999962
77,14.990962749999971,82,0.08670524999999962
84,15.07766799999997,79,0.08670524999999962
89,15.16437324999997,92,0.08670524999999962
84,15.25107849999997,80,0.08670524999999962
89,15.33778374999997,83,0.08670524999999962
96,15.42448899999997,80,0.08670524999999962
100,15.511194249999969,93,0.08746350000000014
96,15.598657749999969,80,0.08746350000000014
90,15.68612124999997,84,0.08746350000000014
84,15.77358474999997,79,0.08746350000000014
88,15.86104824999997,93,0.08746350000000014
84,15.94851174999997,80,0.08746349999999836
78,16.035975249999968,83,0.08746349999999836
72,16.123438749999966,79,0.08746349999999836
76,16.210902249999965,90,0.08746349999999836
72,16.298365749999963,79,0.08746349999999836
66,16.38582924999996,81,0.08746349999999836
60,16.47329274999996,78,0.08746349999999836
64,16.560756249999958,89,0.08746349999999836
60,16.648219749999956,77,0.08746349999999836
54,16.735683249999955,80,0.08746349999999836
48,16.823146749999953,77,0.0928792499999993
31,16.916025999999952,81,2.8120830000000083
43,16.916025999999952,96,2.8120830000000083
48,17.003235249999953,73,0.0872092500000008
55,17.090444499999954,76,0.0872092500000008
60,17.177653749999955,74,0.0872092500000008
62,17.264862999999956,81,0.0872092500000008
60,17.352072249999956,73,0.0872092500000008
67,17.439281499999957,76,0.0872092500000008
72,17.526490749999958,74,0.0872092500000008
74,17.61369999999996,86,0.0872092500000008
72,17.70090924999996,74,0.0872092500000008
79,17.78811849999996,77,0.0872092500000008
84,17.87532774999996,75,0.0872092500000008
86,17.962536999999962,88,0.0872092500000008
84,18.049746249999963,76,0.0872092500000008
91,18.136955499999964,78,0.0872092500000008
96,18.224164749999964,76,0.0872092500000008
98,18.311373999999965,89,0.08797649999999635
95,18.39935049999996,76,0.0879764999999999
91,18.48732699999996,79,0.0879764999999999
83,18.57530349999996,75,0.0879764999999999
86,18.66327999999996,87,0.0879764999999999
83,18.75125649999996,75,0.0879764999999999
79,18.83923299999996,78,0.0879764999999999
71,18.92720949999996,74,0.0879764999999999
74,19.01518599999996,86,0.0879764999999999
71,19.10316249999996,75,0.0879764999999999
67,19.19113899999996,76,0.0879764999999999
59,19.27911549999996,74,0.0879764999999999
62,19.36709199999996,83,0.0879764999999999
59,19.45506849999996,73,0.0879764999999999
55,19.54304499999996,76,0.0879764999999999
47,19.63102149999996,71,0.09708750000000066
36,19.72810899999996,81,2.7791227500000026
48,19.72810899999996,96,2.7791227500000026
50,19.81456424999996,76,0.0864552500000002
55,19.90101949999996,73,0.0864552500000002
62,19.98747474999996,76,0.0864552500000002
64,20.07392999999996,77,0.0864552500000002
62,20.160385249999962,70,0.0864552500000002
67,20.246840499999962,75,0.0864552500000002
74,20.333295749999962,72,0.0864552500000002
76,20.419750999999962,77,0.0864552500000002
74,20.506206249999963,72,0.0864552500000002
79,20.592661499999963,74,0.0864552500000002
86,20.679116749999963,72,0.0864552500000002
88,20.765571999999963,80,0.0864552500000002
86,20.852027249999963,72,0.0864552500000002
91,20.938482499999964,74,0.0864552500000002
98,21.024937749999964,72,0.0864552500000002
100,21.111392999999964,78,0.08645524999999665
96,21.19784824999996,69,0.0864552500000002
91,21.28430349999996,73,0.0864552500000002
84,21.37075874999996,69,0.0864552500000002
88,21.45721399999996,78,0.0864552500000002
84,21.54366924999996,68,0.0864552500000002
79,21.630124499999962,71,0.0864552500000002
72,21.716579749999962,65,0.0864552500000002
76,21.803034999999962,75,0.0864552500000002
72,21.889490249999962,66,0.0864552500000002
67,21.975945499999963,69,0.0864552500000002
60,22.062400749999963,64,0.0864552500000002
64,22.148855999999963,71,0.0864552500000002
60,22.235311249999963,64,0.0864552500000002
55,22.321766499999963,67,0.0864552500000002
48,22.408221749999964,60,0.09900999999999982
33,22.507231749999963,58,1.3851295000000263
45,22.507231749999963,69,1.3851295000000263
52,22.593438749999965,50,0.0862070000000017
60,22.679645749999967,54,0.0862070000000017
64,22.76585274999997,53,0.0862070000000017
65,22.85205974999997,59,0.0862070000000017
64,22.938266749999972,51,0.0862070000000017
72,23.024473749999974,54,0.0862070000000017
76,23.110680749999975,52,0.0862070000000017
77,23.196887749999977,61,0.0862070000000017
76,23.28309474999998,51,0.0862070000000017
84,23.36930174999998,56,0.0862070000000017
88,23.455508749999982,52,0.0862070000000017
89,23.541715749999984,62,0.0862070000000017
88,23.627922749999986,54,0.0862070000000017
96,23.714129749999987,56,0.0862070000000017
100,23.80033674999999,52,0.09202450000000084
101,23.89236124999999,63,0.08746349999999836
35,23.89236124999999,58,0.6997079999999869
47,23.89236124999999,69,0.6997079999999869
98,23.979824749999988,53,0.08746349999999836
95,24.067288249999987,56,0.08746349999999836
86,24.154751749999985,53,0.08746349999999836
89,24.242215249999983,62,0.08746349999999836
86,24.32967874999998,53,0.08746349999999836
83,24.41714224999998,56,0.08746349999999836
74,24.50460574999998,52,0.08746349999999836
77,24.592069249999977,61,0.08928574999999839
33,24.592069249999977,58,0.7199369999999874
45,24.592069249999977,69,0.7199369999999874
74,24.681354999999975,51,0.08928574999999839
71,24.770640749999973,55,0.08928574999999839
62,24.859926499999972,51,0.08928574999999839
65,24.94921224999997,60,0.08928574999999839
62,25.03849799999997,50,0.08928574999999839
59,25.127783749999967,54,0.08928574999999839
50,25.217069499999965,51,0.09493674999999868
32,25.312006249999964,58,1.3793120000000236
44,25.312006249999964,69,1.3793120000000236
50,25.398213249999962,51,0.0862070000000017
59,25.484420249999964,54,0.0862070000000017
62,25.570627249999966,51,0.0862070000000017
64,25.656834249999967,64,0.0862070000000017
62,25.74304124999997,51,0.0862070000000017
71,25.82924824999997,55,0.0862070000000017
74,25.915455249999972,53,0.0862070000000017
76,26.001662249999974,66,0.0862070000000017
74,26.087869249999976,52,0.0862070000000017
83,26.174076249999978,58,0.0862070000000017
86,26.26028324999998,53,0.0862070000000017
88,26.34649024999998,66,0.0862070000000017
86,26.432697249999983,54,0.0862070000000017
95,26.518904249999984,59,0.0862070000000017
98,26.605111249999986,55,0.0862070000000017
100,26.691318249999988,68,0.0872092500000008
33,26.691318249999988,60,0.6976740000000063
45,26.691318249999988,72,0.6976740000000063
96,26.77852749999999,57,0.0872092500000008
93,26.86573674999999,59,0.0872092500000008
84,26.95294599999999,57,0.0872092500000008
88,27.04015524999999,71,0.0872092500000008
84,27.12736449999999,58,0.0872092500000008
81,27.214573749999992,63,0.0872092500000008
72,27.301782999999993,61,0.0872092500000008
76,27.388992249999994,74,0.0872092500000008
31,27.388992249999994,67,0.6976740000000063
43,27.388992249999994,79,0.6976740000000063
72,27.476201499999995,61,0.0872092500000008
69,27.563410749999996,66,0.0872092500000008
60,27.650619999999996,61,0.0872092500000008
64,27.737829249999997,77,0.0872092500000008
60,27.825038499999998,63,0.0872092500000008
57,27.91224775,69,0.0872092500000008
48,27.999457,64,0.0872092500000008
29,28.08666625,76,2.806067500000019
41,28.08666625,90,2.806067500000019
48,28.1738755,65,0.0872092500000008
57,28.261084750000002,72,0.0872092500000008
60,28.348294000000003,66,0.0872092500000008
64,28.435503250000004,82,0.0872092500000008
60,28.522712500000004,67,0.0872092500000008
69,28.609921750000005,72,0.0872092500000008
72,28.697131000000006,68,0.0872092500000008
76,28.784340250000007,82,0.0872092500000008
72,28.871549500000008,69,0.0872092500000008
81,28.95875875000001,73,0.0872092500000008
84,29.04596800000001,70,0.0872092500000008
88,29.13317725000001,83,0.0872092500000008
84,29.22038650000001,71,0.0872092500000008
93,29.30759575000001,74,0.0872092500000008
96,29.394805000000012,71,0.0872092500000008
99,29.482014250000013,86,0.0872092500000008
95,29.569223500000014,71,0.0872092500000008
93,29.656432750000015,75,0.0872092500000008
83,29.743642000000015,68,0.0872092500000008
87,29.830851250000016,78,0.0872092500000008
83,29.918060500000017,63,0.0872092500000008
81,30.005269750000018,67,0.0872092500000008
71,30.09247900000002,62,0.0872092500000008
75,30.17968825000002,72,0.08875749999999982
71,30.26844575000002,59,0.08875749999999982
69,30.35720325000002,63,0.08875749999999982
59,30.44596075000002,55,0.08875749999999982
63,30.53471825000002,61,0.08875749999999982
59,30.62347575000002,57,0.08875749999999982
57,30.71223325000002,56,0.08875749999999982
47,30.800990750000018,52,0.09174300000000102
28,30.89273375000002,57,2.8028319999999596
40,30.89273375000002,68,2.8028319999999596
47,30.980197250000018,50,0.08746349999999836
57,31.067660750000016,54,0.08746349999999836
59,31.155124250000014,50,0.08746349999999836
64,31.242587750000013,61,0.08746349999999836
59,31.33005125000001,50,0.08746349999999836
69,31.41751475000001,54,0.08746349999999836
71,31.504978250000008,49,0.08746349999999836
76,31.592441750000006,62,0.08746349999999836
71,31.679905250000004,50,0.08746349999999836
81,31.767368750000003,54,0.08746349999999836
83,31.85483225,50,0.08746349999999836
88,31.94229575,62,0.08746349999999836
83,32.02975925,50,0.08746349999999836
93,32.117222749999996,54,0.08746349999999836
95,32.204686249999995,50,0.08746349999999836
100,32.29214974999999,62,0.08746350000000547
95,32.37961325,49,0.08746349999999836
92,32.46707675,54,0.08746349999999836
83,32.554540249999995,49,0.08746349999999836
88,32.64200374999999,61,0.08746349999999836
83,32.72946724999999,50,0.08746349999999836
80,32.81693074999999,54,0.08746349999999836
71,32.90439424999999,50,0.08746349999999836
76,32.99185774999999,61,0.08746349999999836
71,33.079321249999985,50,0.08746349999999836
68,33.166784749999984,54,0.08746349999999836
59,33.25424824999998,50,0.08746349999999836
64,33.34171174999998,53,0.08746349999999836
59,33.42917524999998,50,0.08746349999999836
56,33.51663874999998,54,0.08746349999999836
47,33.604102249999976,49,0.09146350000000325
33,33.69556574999998,57,1.3793120000000343
45,33.69556574999998,68,1.3793120000000343
52,33.78177274999999,50,0.0862070000000017
57,33.86797974999999,54,0.0862070000000017
61,33.95418674999999,50,0.0862070000000017
67,34.04039374999999,61,0.0862070000000017
64,34.126600749999994,50,0.0862070000000017
69,34.212807749999996,54,0.0862070000000017
73,34.29901475,51,0.0862070000000017
79,34.38522175,62,0.0862070000000017
76,34.47142875,50,0.0862070000000017
81,34.55763575,55,0.0862070000000017
85,34.643842750000005,50,0.0862070000000017
91,34.730049750000006,63,0.0862070000000017
85,34.81625675000001,52,0.0862070000000017
81,34.90246375000001,57,0.0862070000000017
76,34.98867075000001,52,0.0862070000000017
91,35.07487775000001,65,0.0867052500000014
38,35.07487775000001,58,1.3913160000000175
50,35.07487775000001,69,1.3913160000000175
84,35.161583000000014,52,0.0867052500000014
81,35.248288250000016,57,0.0867052500000014
76,35.33499350000002,52,0.0867052500000014
79,35.42169875000002,65,0.0867052500000014
72,35.50840400000002,53,0.0867052500000014
69,35.59510925000002,57,0.0867052500000014
64,35.68181450000002,53,0.0867052500000014
67,35.768519750000024,65,0.0872092500000008
60,35.855729000000025,53,0.0872092500000008
57,35.942938250000026,57,0.0872092500000008
52,36.03014750000003,53,0.0872092500000008
66,36.11735675000003,64,0.0872092500000008
60,36.20456600000003,56,0.0872092500000008
57,36.29177525000003,56,0.0872092500000008
50,36.37898450000003,52,0.0872092500000008
31,36.46619375000003,67,2.762237250000041
43,36.46619375000003,80,2.762237250000041
50,36.55240075000003,59,0.0862070000000017
55,36.638607750000034,64,0.0862070000000017
60,36.724814750000036,60,0.0862070000000017
65,36.81102175000004,72,0.0862070000000017
62,36.89722875000004,59,0.0862070000000017
67,36.98343575000004,64,0.0862070000000017
72,37.06964275000004,62,0.0862070000000017
77,37.155849750000044,73,0.0862070000000017
74,37.242056750000046,63,0.0862070000000017
79,37.32826375000005,67,0.0862070000000017
84,37.41447075000005,62,0.0862070000000017
89,37.50067775000005,72,0.0862070000000017
86,37.58688475000005,64,0.0862070000000017
91,37.673091750000054,67,0.0862070000000017
96,37.759298750000056,64,0.0862070000000017
101,37.84550575000006,74,0.0862069999999946
95,37.93171275000005,64,0.0862069999999946
91,38.01791975000005,68,0.0862070000000017
86,38.10412675000005,64,0.0862070000000017
89,38.19033375000005,74,0.0862070000000017
83,38.27654075000005,65,0.0862070000000017
79,38.362747750000054,68,0.0862070000000017
74,38.448954750000055,64,0.0862070000000017
77,38.53516175000006,72,0.0862070000000017
71,38.62136875000006,64,0.0862070000000017
67,38.70757575000006,68,0.0862070000000017
62,38.79378275000006,68,0.0862070000000017
65,38.879989750000064,72,0.0862070000000017
59,38.966196750000066,62,0.0862070000000017
55,39.05240375000007,67,0.0862070000000017
50,39.13861075000007,64,0.08982025000000249
36,39.22843100000007,80,1.3865630000000237
48,39.22843100000007,95,0.08261504166667066
48,39.31463800000007,71,1.300356000000022
55,39.400845000000075,76,0.0862070000000017
58,39.48705200000008,72,0.0862070000000017
64,39.57325900000008,80,0.0862070000000017
60,39.65946600000008,72,0.0862070000000017
67,39.74567300000008,76,0.0862070000000017
70,39.83188000000008,73,0.0862070000000017
76,39.918087000000085,85,0.0862070000000017
72,40.00429400000009,73,0.0862070000000017
79,40.09050100000009,77,0.0862070000000017
82,40.17670800000009,73,0.0862070000000017
88,40.26291500000009,86,0.0862070000000017
84,40.349122000000094,75,0.0862070000000017
91,40.435329000000095,78,0.0862070000000017
96,40.5215360000001,75,0.09345799999999826
99,40.614994000000095,89,0.0867052500000014
30,40.614994000000095,81,1.3872840000000224
42,40.614994000000095,96,1.3872840000000224
94,40.7016992500001,75,0.0867052500000014
87,40.7884045000001,79,0.0867052500000014
84,40.8751097500001,74,0.0867052500000014
87,40.9618150000001,87,0.0867052500000014
82,41.0485202500001,74,0.0867052500000014
75,41.135225500000104,78,0.0867052500000014
72,41.221930750000105,73,0.0867052500000014
75,41.30863600000011,85,0.0867052500000014
70,41.39534125000011,74,0.0867052500000014
63,41.48204650000011,76,0.0867052500000014
60,41.56875175000011,73,0.0867052500000014
63,41.65545700000011,83,0.0867052500000014
58,41.74216225000011,72,0.0867052500000014
51,41.828867500000115,76,0.0867052500000014
48,41.915572750000116,72,0.0867052500000014
29,42.00227800000012,81,1.3872840000000153
41,42.00227800000012,97,1.3872840000000153
48,42.08898325000011,72,0.0867052500000014
51,42.17568850000011,76,0.0867052500000014
57,42.262393750000115,73,0.0867052500000014
63,42.349099000000116,79,0.0867052500000014
60,42.43580425000012,71,0.0867052500000014
63,42.52250950000012,76,0.0867052500000014
69,42.60921475000012,73,0.0867052500000014
75,42.69592000000012,82,0.0867052500000014
72,42.78262525000012,75,0.0867052500000014
75,42.869330500000125,77,0.0867052500000014
81,42.956035750000126,74,0.0867052500000014
87,43.04274100000013,85,0.0867052500000014
84,43.12944625000013,75,0.0867052500000014
87,43.21615150000013,78,0.0867052500000014
93,43.30285675000013,75,0.0867052500000014
99,43.38956200000013,86,0.0867052500000014
35,43.38956200000013,85,1.393349999999998
47,43.38956200000013,100,1.393349999999998
92,43.476267250000134,73,0.0867052500000014
87,43.562972500000136,77,0.0867052500000014
83,43.64967775000014,73,0.0867052500000014
87,43.73638300000014,85,0.0867052500000014
80,43.82308825000014,71,0.0867052500000014
75,43.90979350000014,76,0.0867052500000014
71,43.99649875000014,71,0.0867052500000014
75,44.083204000000144,80,0.08746349999999836
68,44.17066750000014,70,0.08746349999999836
63,44.25813100000014,72,0.08746349999999836
59,44.34559450000014,67,0.08746349999999836
63,44.43305800000014,71,0.08746349999999836
56,44.520521500000136,65,0.08746349999999836
51,44.607985000000134,69,0.08746349999999836
47,44.69544850000013,66,0.08746349999999836
34,44.78291200000013,84,2.7988319999999547
46,44.87037550000014,66,0.08746349999999836
53,44.957839000000135,70,0.08746349999999836
56,45.04530250000013,67,0.08746349999999836
62,45.13276600000013,76,0.08746349999999836
58,45.22022950000013,64,0.08746349999999836
65,45.30769300000013,69,0.08746349999999836
68,45.39515650000013,65,0.08746349999999836
74,45.482620000000125,76,0.08746349999999836
70,45.57008350000012,66,0.08746349999999836
77,45.65754700000012,71,0.08746349999999836
80,45.74501050000012,67,0.08746349999999836
86,45.83247400000012,76,0.08746349999999836
82,45.91993750000012,65,0.08746349999999836
89,46.007401000000115,71,0.08746349999999836
92,46.094864500000114,67,0.08746349999999836
98,46.18232800000011,83,0.08746349999999836
46,46.18232800000011,87,1.3994159999999738
92,46.26979150000011,70,0.08746349999999836
88,46.35725500000011,74,0.08746349999999836
82,46.44471850000011,70,0.08746349999999836
86,46.532182000000105,84,0.08746349999999836
80,46.619645500000104,71,0.08746349999999836
76,46.7071090000001,76,0.08746349999999836
70,46.7945725000001,71,0.08746349999999836
74,46.8820360000001,87,0.08746349999999836
68,46.9694995000001,72,0.08746349999999836
64,47.056963000000096,76,0.08746349999999836
58,47.144426500000094,70,0.08746349999999836
62,47.23189000000009,86,0.08746349999999836
56,47.31935350000009,71,0.08746349999999836
52,47.40681700000009,76,0.08746349999999836
46,47.49428050000009,72,0.08746349999999836
33,47.581744000000086,78,2.7717547500000492
45,47.581744000000086,94,0.08261504166667066
45,47.66795100000009,72,2.6855477500000475
52,47.75415800000009,76,0.0862070000000017
57,47.84036500000009,72,0.0862070000000017
61,47.92657200000009,81,0.0862070000000017
57,48.012779000000094,70,0.0862070000000017
64,48.098986000000096,76,0.0862070000000017
69,48.1851930000001,74,0.0862070000000017
73,48.2714000000001,83,0.0862070000000017
69,48.3576070000001,74,0.0862070000000017
76,48.4438140000001,77,0.0862070000000017
81,48.530021000000104,73,0.0862070000000017
85,48.616228000000106,85,0.0862070000000017
81,48.70243500000011,74,0.0862070000000017
88,48.78864200000011,78,0.0862070000000017
93,48.87484900000011,74,0.0862070000000017
97,48.96105600000011,87,0.0862070000000017
93,49.047263000000115,74,0.0862070000000017
88,49.133470000000116,79,0.0862070000000017
81,49.21967700000012,74,0.0862070000000017
85,49.30588400000012,85,0.0862070000000017
81,49.39209100000012,72,0.0862070000000017
76,49.47829800000012,77,0.0862070000000017
69,49.564505000000125,72,0.0862070000000017
73,49.65071200000013,86,0.0862070000000017
69,49.73691900000013,72,0.0862070000000017
64,49.82312600000013,74,0.0862070000000017
57,49.90933300000013,69,0.0862070000000017
61,49.99554000000013,84,0.0862070000000017
57,50.081747000000135,68,0.0862070000000017
52,50.16795400000014,72,0.0862070000000017
45,50.25416100000014,68,0.09933774999999656
38,50.353498750000135,90,1.391303999999991
45,50.440455250000134,69,0.08695649999999944
50,50.527411750000134,72,0.08695649999999944
54,50.61436825000013,69,0.08695649999999944
60,50.70132475000013,74,0.08695649999999944
57,50.78828125000013,68,0.08695649999999944
62,50.87523775000013,71,0.08695649999999944
66,50.96219425000013,66,0.08695649999999944
72,51.04915075000013,74,0.08695649999999944
69,51.13610725000013,66,0.08695649999999944
74,51.22306375000013,71,0.08695649999999944
78,51.31002025000013,68,0.08695649999999944
84,51.39697675000013,75,0.08695649999999944
81,51.48393325000013,67,0.08695649999999944
86,51.57088975000013,70,0.08695649999999944
90,51.65784625000013,67,0.08695649999999944
96,51.744802750000126,76,0.08746349999999836
31,51.744802750000126,75,1.4051202499999746
43,51.744802750000126,84,1.4051202499999746
89,51.832266250000124,68,0.08746349999999836
86,51.91972975000012,71,0.08746349999999836
79,52.00719325000012,68,0.08746349999999836
84,52.09465675000012,73,0.08746349999999836
77,52.18212025000012,66,0.08746349999999836
74,52.269583750000116,69,0.08746349999999836
67,52.357047250000115,63,0.08746349999999836
72,52.44451075000011,74,0.08746349999999836
65,52.53197425000011,63,0.08746349999999836
62,52.61943775000011,66,0.08746349999999836
55,52.70690125000011,62,0.08746349999999836
59,52.794364750000106,76,0.08746349999999836
53,52.881828250000105,64,0.08746349999999836
50,52.9692917500001,61,0.08746349999999836
43,53.0567552500001,64,0.09316774999999922
36,53.1499230000001,79,1.3872840000000153
43,53.236628250000095,64,0.0867052500000014
48,53.323333500000096,61,0.0867052500000014
52,53.4100387500001,64,0.0867052500000014
59,53.4967440000001,74,0.0867052500000014
55,53.5834492500001,61,0.0867052500000014
60,53.6701545000001,61,0.0867052500000014
64,53.7568597500001,65,0.0867052500000014
71,53.843565000000105,72,0.0867052500000014
67,53.930270250000106,61,0.0867052500000014
72,54.01697550000011,66,0.0867052500000014
76,54.10368075000011,61,0.0867052500000014
83,54.19038600000011,73,0.0867052500000014
79,54.27709125000011,64,0.0867052500000014
84,54.36379650000011,66,0.0867052500000014
88,54.450501750000114,63,0.0867052500000014
95,54.537207000000116,75,0.08720924999999369
29,54.537207000000116,66,1.3953480000000056
41,54.537207000000116,78,1.3953480000000056
88,54.62441625000011,65,0.0872092500000008
84,54.71162550000011,67,0.0872092500000008
77,54.79883475000011,67,0.0872092500000008
83,54.88604400000011,74,0.0872092500000008
76,54.97325325000011,64,0.0872092500000008
72,55.06046250000011,66,0.0872092500000008
65,55.147671750000114,61,0.0872092500000008
71,55.234881000000115,73,0.0872092500000008
64,55.322090250000116,66,0.0872092500000008
60,55.40929950000012,61,0.0872092500000008
53,55.49650875000012,62,0.0872092500000008
57,55.58371800000012,74,0.0872092500000008
52,55.67092725000012,60,0.0872092500000008
48,55.75813650000012,64,0.0872092500000008
41,55.84534575000012,61,0.0872092500000008
35,55.93255500000012,84,1.3953480000000056
41,56.019764250000115,65,0.0872092500000008
47,56.106973500000116,68,0.0872092500000008
50,56.19418275000012,64,0.0872092500000008
57,56.28139200000012,77,0.0872092500000008
53,56.36860125000012,63,0.0872092500000008
59,56.45581050000012,68,0.0872092500000008
62,56.54301975000012,66,0.0872092500000008
69,56.63022900000012,74,0.0872092500000008
65,56.71743825000012,64,0.0872092500000008
71,56.80464750000012,68,0.0872092500000008
74,56.89185675000012,63,0.0872092500000008
81,56.979066000000124,74,0.0872092500000008
77,57.066275250000125,64,0.0872092500000008
83,57.153484500000125,68,0.0872092500000008
86,57.240693750000126,64,0.0872092500000008
91,57.32790300000013,75,0.0864552500000002
28,57.32790300000013,72,0.6916420000000016
40,57.32790300000013,85,0.6916420000000016
86,57.41435825000013,65,0.0864552500000002
83,57.50081350000013,68,0.0864552500000002
76,57.58726875000013,65,0.0864552500000002
79,57.67372400000013,75,0.0864552500000002
74,57.76017925000013,65,0.0864552500000002
71,57.84663450000013,68,0.0864552500000002
64,57.93308975000013,64,0.0864552500000002
69,58.01954500000013,75,0.08746349999999836
33,58.01954500000013,72,0.7048369999999906
45,58.01954500000013,85,0.7048369999999906
72,58.10700850000013,64,0.08746349999999836
79,58.194472000000125,68,0.08746349999999836
76,58.281935500000124,64,0.08746349999999836
81,58.36939900000012,75,0.08746349999999836
84,58.45686250000012,65,0.08746349999999836
91,58.54432600000012,69,0.08746349999999836
88,58.63178950000012,65,0.09259250000000208
89,58.72438200000012,76,0.0864552500000002
26,58.72438200000012,74,0.6916420000000016
38,58.72438200000012,88,0.6916420000000016
84,58.81083725000012,67,0.0864552500000002
81,58.89729250000012,70,0.0864552500000002
74,58.98374775000012,66,0.0864552500000002
77,59.07020300000012,77,0.0864552500000002
72,59.15665825000012,67,0.0864552500000002
69,59.24311350000012,72,0.0864552500000002
62,59.32956875000012,67,0.0864552500000002
67,59.41602400000012,78,0.08746349999999126
31,59.41602400000012,74,0.7037079999999847
43,59.41602400000012,88,0.7037079999999847
71,59.50348750000011,66,0.08746349999999836
77,59.59095100000011,72,0.08746349999999836
74,59.67841450000011,68,0.08746349999999836
79,59.76587800000011,78,0.08746349999999836
83,59.853341500000106,68,0.08746349999999836
89,59.940805000000104,74,0.08746349999999836
86,60.0282685000001,68,0.09146350000000325
88,60.119732000000106,80,0.0864552500000002
24,60.119732000000106,80,0.6916420000000016
36,60.119732000000106,94,0.6916420000000016
83,60.206187250000106,70,0.0864552500000002
79,60.292642500000106,75,0.0864552500000002
72,60.379097750000106,70,0.0864552500000002
76,60.46555300000011,83,0.0864552500000002
71,60.55200825000011,70,0.0864552500000002
67,60.63846350000011,76,0.0864552500000002
60,60.72491875000011,70,0.0864552500000002
65,60.81137400000011,86,0.08746349999999836
29,60.81137400000011,82,0.6997079999999869
41,60.81137400000011,97,0.6997079999999869
69,60.898837500000106,71,0.08746349999999836
76,60.986301000000104,77,0.08746349999999836
72,61.0737645000001,71,0.08746349999999836
77,61.1612280000001,86,0.08746349999999836
81,61.2486915000001,73,0.08746349999999836
88,61.3361550000001,79,0.08746349999999836
84,61.423618500000096,75,0.08746349999999836
86,61.511082000000094,90,0.0862070000000017
35,61.511082000000094,85,1.0344840000000204
47,61.511082000000094,101,1.0344840000000204
81,61.597289000000096,76,0.0862070000000017
77,61.6834960000001,80,0.0862070000000017
71,61.7697030000001,75,0.0862070000000017
74,61.8559100000001,90,0.0862070000000017
69,61.9421170000001,76,0.0862070000000017
65,62.028324000000104,80,0.0862070000000017
59,62.114531000000106,74,0.0862070000000017
62,62.20073800000011,90,0.0862070000000017
57,62.28694500000011,75,0.0862070000000017
53,62.37315200000011,80,0.0862070000000017
47,62.45935900000011,75,0.0862070000000017
35,62.545566000000115,102,1.3948440000000204
87,62.905926000000115,91,0.0862070000000017
47,62.905926000000115,100,1.0344840000000204
81,62.992133000000116,75,0.0862070000000017
78,63.07834000000012,80,0.0862070000000017
71,63.16454700000012,75,0.0862070000000017
75,63.25075400000012,91,0.0862070000000017
69,63.33696100000012,76,0.0862070000000017
66,63.423168000000125,80,0.0862070000000017
59,63.50937500000013,74,0.0862070000000017
63,63.59558200000013,91,0.0862070000000017
57,63.68178900000013,75,0.0862070000000017
54,63.76799600000013,80,0.0862070000000017
47,63.85420300000013,76,0.0862070000000017
35,63.940410000000135,93,0.36363600000000673
28,64.30404600000014,84,2.422790000000006
40,64.30404600000014,100,2.422790000000006
47,64.39025300000013,76,0.0862070000000017
52,64.47646000000013,80,0.0862070000000017
56,64.56266700000013,76,0.0862070000000017
64,64.64887400000013,91,0.0862070000000017
59,64.73508100000014,76,0.0862070000000017
64,64.82128800000014,80,0.0862070000000017
68,64.90749500000014,77,0.0862070000000017
76,64.99370200000014,91,0.0862070000000017
71,65.07990900000014,76,0.0862070000000017
76,65.16611600000014,80,0.0862070000000017
80,65.25232300000015,76,0.0862070000000017
88,65.33853000000015,91,0.0862070000000017
83,65.42473700000015,75,0.0862070000000017
88,65.51094400000015,80,0.0862070000000017
92,65.59715100000015,75,0.0862070000000017
100,65.68335800000015,91,0.08695649999999944
92,65.77031450000015,77,0.08695649999999944
88,65.85727100000015,79,0.08695649999999944
83,65.94422750000015,74,0.08695649999999944
88,66.03118400000015,88,0.08695649999999944
80,66.11814050000015,72,0.08695649999999944
76,66.20509700000015,76,0.08695649999999944
71,66.29205350000015,69,0.08695649999999944
76,66.37901000000015,85,0.08695649999999944
68,66.46596650000015,69,0.08695649999999944
64,66.55292300000015,72,0.08695649999999944
59,66.63987950000015,67,0.08695649999999944
65,66.72683600000015,80,0.09009000000000356
26,66.72683600000015,74,0.3603600000000142
38,66.72683600000015,88,0.3603600000000142
59,66.81692600000015,65,0.09009000000000356
55,66.90701600000016,69,0.09009000000000356
50,66.99710600000016,64,0.09009000000000356
24,67.08719600000016,72,1.3793120000000272
36,67.08719600000016,85,2.80751175000006
48,67.17340300000016,64,0.0862070000000017
55,67.25961000000017,68,0.0862070000000017
60,67.34581700000017,63,0.0862070000000017
64,67.43202400000017,72,0.0862070000000017
60,67.51823100000017,63,0.0862070000000017
67,67.60443800000017,68,0.0862070000000017
72,67.69064500000017,65,0.0862070000000017
76,67.77685200000018,76,0.0862070000000017
72,67.86305900000018,64,0.0862070000000017
79,67.94926600000018,70,0.0862070000000017
84,68.03547300000018,64,0.0862070000000017
88,68.12168000000018,77,0.0862070000000017
84,68.20788700000018,65,0.0862070000000017
91,68.29409400000019,70,0.0862070000000017
96,68.38030100000019,65,0.0862070000000017
100,68.46650800000019,77,0.0862070000000017
48,68.46650800000019,78,1.428199750000033
96,68.55271500000019,66,0.0862070000000017
91,68.63892200000019,71,0.0862070000000017
84,68.7251290000002,68,0.0862070000000017
88,68.8113360000002,77,0.0862070000000017
84,68.8975430000002,66,0.0862070000000017
79,68.9837500000002,70,0.0862070000000017
72,69.0699570000002,65,0.0862070000000017
76,69.1561640000002,76,0.09009000000000356
72,69.2462540000002,65,0.09009000000000356
67,69.33634400000021,69,0.09009000000000356
60,69.42643400000021,63,0.09009000000000356
64,69.51652400000022,75,0.09009000000000356
60,69.60661400000022,63,0.09009000000000356
55,69.69670400000022,68,0.09009000000000356
48,69.78679400000023,63,0.10791374999999448
29,69.89470775000022,72,1.4200812499999813
41,69.89470775000022,85,1.4200812499999813
48,69.98191700000022,64,0.0872092500000008
57,70.06912625000022,68,0.0872092500000008
60,70.15633550000022,64,0.0872092500000008
65,70.24354475000023,78,0.0872092500000008
60,70.33075400000023,64,0.0872092500000008
69,70.41796325000023,69,0.0872092500000008
72,70.50517250000023,67,0.0872092500000008
77,70.59238175000023,82,0.089552249999997
72,70.68193400000023,68,0.089552249999997
81,70.77148625000022,73,0.089552249999997
84,70.86103850000022,69,0.089552249999997
89,70.95059075000022,83,0.089552249999997
84,71.04014300000021,69,0.089552249999997
93,71.12969525000021,74,0.089552249999997
96,71.21924750000021,70,0.09554149999999595
100,71.3147890000002,88,0.0872092500000008
30,71.3147890000002,77,1.4172297500000184
42,71.3147890000002,91,1.4172297500000184
96,71.4019982500002,70,0.0872092500000008
93,71.4892075000002,77,0.0872092500000008
84,71.5764167500002,71,0.0872092500000008
88,71.6636260000002,89,0.0872092500000008
84,71.75083525000021,72,0.0872092500000008
81,71.83804450000021,79,0.0872092500000008
72,71.92525375000021,73,0.0872092500000008
76,72.01246300000021,89,0.0872092500000008
72,72.09967225000021,73,0.0872092500000008
69,72.18688150000021,78,0.0872092500000008
60,72.27409075000021,72,0.0872092500000008
62,72.36130000000021,90,0.0872092500000008
60,72.44850925000021,72,0.0872092500000008
57,72.53571850000021,79,0.0872092500000008
48,72.62292775000022,71,0.10909100000000649
31,72.73201875000022,85,0.7079639999999614
43,72.73201875000022,101,0.7079639999999614
47,72.82051425000023,75,0.0884954999999934
55,72.90900975000022,80,0.0884954999999934
59,72.99750525000022,75,0.0884954999999934
62,73.08600075000021,91,0.0884954999999934
59,73.1744962500002,75,0.0884954999999934
67,73.2629917500002,80,0.0884954999999934
71,73.35148725000019,76,0.0884954999999934
74,73.43998275000018,93,0.09230775000000335
30,73.43998275000018,86,0.3692310000000134
42,73.43998275000018,102,0.3692310000000134
71,73.53229050000019,76,0.09230775000000335
79,73.62459825000019,82,0.09230775000000335
83,73.7169060000002,76,0.09230775000000335
86,73.8092137500002,94,0.0943395000000038
28,73.8092137500002,86,0.3773580000000152
40,73.8092137500002,103,0.3773580000000152
83,73.9035532500002,76,0.0943395000000038
91,73.9978927500002,83,0.0943395000000038
93,74.09223225000021,76,0.0943395000000038
98,74.18657175000021,96,0.09009000000000356
26,74.18657175000021,85,1.4493892500000527
38,74.18657175000021,101,1.4493892500000527
93,74.27666175000022,77,0.09009000000000356
90,74.36675175000022,84,0.09009000000000356
84,74.45684175000022,76,0.09009000000000356
86,74.54693175000023,95,0.09009000000000356
81,74.63702175000023,76,0.09009000000000356
78,74.72711175000023,83,0.09009000000000356
72,74.81720175000024,77,0.09009000000000356
74,74.90729175000024,93,0.09009000000000356
69,74.99738175000024,77,0.09009000000000356
66,75.08747175000025,81,0.09009000000000356
60,75.17756175000025,76,0.09009000000000356
62,75.26765175000025,91,0.09009000000000356
57,75.35774175000026,75,0.09009000000000356
54,75.44783175000026,80,0.09009000000000356
48,75.53792175000027,74,0.09803924999999936
31,75.63596100000026,86,2.7983912499999803
43,75.63596100000026,102,2.7983912499999803
48,75.72291750000026,75,0.08695649999999944
53,75.80987400000026,80,0.08695649999999944
56,75.89683050000026,74,0.08695649999999944
62,75.98378700000026,91,0.08695649999999944
60,76.07074350000026,74,0.08695649999999944
65,76.15770000000026,80,0.08695649999999944
68,76.24465650000026,76,0.08695649999999944
74,76.33161300000026,93,0.08695649999999944
72,76.41856950000026,76,0.08695649999999944
77,76.50552600000026,82,0.08695649999999944
80,76.59248250000026,77,0.08695649999999944
86,76.67943900000026,94,0.08695649999999944
84,76.76639550000026,78,0.08695649999999944
89,76.85335200000026,83,0.08695649999999944
92,76.94030850000026,76,0.08695649999999944
98,77.02726500000026,95,0.08695649999999944
91,77.11422150000026,78,0.08695649999999944
89,77.20117800000025,84,0.08695649999999944
83,77.28813450000025,77,0.08695649999999944
86,77.37509100000025,94,0.08695649999999944
79,77.46204750000025,78,0.08695649999999944
77,77.54900400000025,83,0.08695649999999944
71,77.63596050000025,77,0.08695649999999944
74,77.72291700000025,92,0.08695649999999944
67,77.80987350000025,77,0.08695649999999944
65,77.89683000000025,81,0.08695649999999944
59,77.98378650000025,75,0.08695649999999944
63,78.07074300000025,91,0.08695649999999944
55,78.15769950000025,74,0.08695649999999944
53,78.24465600000025,80,0.08695649999999944
47,78.33161250000025,75,0.1027397499999978
36,78.43435225000025,79,2.7767540000000253
48,78.43435225000025,95,0.08261504166667066
48,78.52055925000025,75,2.6905470000000236
55,78.60676625000025,80,0.0862070000000017
60,78.69297325000025,75,0.0862070000000017
64,78.77918025000025,92,0.0862070000000017
60,78.86538725000025,75,0.0862070000000017
67,78.95159425000026,80,0.0862070000000017
72,79.03780125000026,76,0.0862070000000017
76,79.12400825000026,93,0.0862070000000017
72,79.21021525000026,76,0.0862070000000017
79,79.29642225000026,82,0.0862070000000017
84,79.38262925000026,76,0.0862070000000017
88,79.46883625000027,94,0.0862070000000017
84,79.55504325000027,78,0.0862070000000017
91,79.64125025000027,83,0.0862070000000017
96,79.72745725000027,78,0.0862070000000017
100,79.81366425000027,96,0.0862070000000017
96,79.89987125000027,77,0.0862070000000017
91,79.98607825000028,84,0.0862070000000017
84,80.07228525000028,77,0.0862070000000017
88,80.15849225000028,95,0.0862070000000017
84,80.24469925000028,76,0.0862070000000017
79,80.33090625000028,83,0.0862070000000017
72,80.41711325000028,76,0.0862070000000017
76,80.50332025000029,94,0.08746349999999836
72,80.59078375000028,77,0.08746349999999836
67,80.67824725000028,81,0.08746349999999836
60,80.76571075000028,77,0.08746349999999836
64,80.85317425000028,92,0.08746349999999836
60,80.94063775000028,76,0.08746349999999836
55,81.02810125000028,80,0.08746349999999836
48,81.11556475000027,74,0.09554149999999595
33,81.21110625000027,84,2.436845999999889
45,81.21110625000027,100,2.436845999999889
48,81.29781150000026,75,0.0867052499999943
53,81.38451675000026,80,0.0867052499999943
60,81.47122200000025,75,0.0867052499999943
65,81.55792725000025,85,0.0867052499999943
60,81.64463250000024,75,0.0867052499999943
65,81.73133775000024,80,0.0867052499999943
72,81.81804300000023,76,0.0867052499999943
77,81.90474825000022,88,0.0867052499999943
72,81.99145350000022,76,0.0867052499999943
77,82.07815875000021,82,0.0867052499999943
84,82.16486400000021,77,0.0867052499999943
89,82.2515692500002,90,0.0867052499999943
84,82.3382745000002,78,0.0867052499999943
89,82.42497975000019,83,0.0867052499999943
96,82.51168500000018,78,0.0867052499999943
100,82.59839025000018,92,0.08746349999999836
96,82.68585375000018,78,0.08746349999999836
90,82.77331725000018,84,0.08746349999999836
84,82.86078075000017,78,0.08746349999999836
88,82.94824425000017,91,0.08746349999999836
84,83.03570775000017,79,0.08746349999999836
78,83.12317125000017,83,0.08746349999999836
72,83.21063475000017,76,0.08746349999999836
75,83.29809825000017,90,0.08746349999999836
72,83.38556175000016,78,0.08746349999999836
66,83.47302525000016,81,0.08746349999999836
60,83.56048875000016,75,0.08746349999999836
63,83.64795225000016,86,0.08928575000000194
32,83.64795225000016,85,0.36073650000000157
44,83.64795225000016,101,0.36073650000000157
60,83.73723800000016,74,0.08928575000000194
54,83.82652375000016,80,0.08928575000000194
48,83.91580950000017,73,0.09287924999999575
31,84.00868875000016,80,2.8120829999999444
43,84.00868875000016,95,2.8120829999999444
48,84.09589800000016,70,0.0872092500000008
55,84.18310725000016,76,0.0872092500000008
60,84.27031650000016,71,0.0872092500000008
62,84.35752575000016,78,0.0872092500000008
60,84.44473500000016,71,0.0872092500000008
67,84.53194425000017,76,0.0872092500000008
72,84.61915350000017,73,0.0872092500000008
74,84.70636275000017,83,0.0872092500000008
72,84.79357200000017,74,0.0872092500000008
79,84.88078125000017,76,0.0872092500000008
84,84.96799050000017,72,0.0872092500000008
86,85.05519975000017,85,0.0872092500000008
84,85.14240900000017,75,0.0872092500000008
91,85.22961825000017,77,0.0872092500000008
96,85.31682750000017,71,0.0872092500000008
98,85.40403675000017,87,0.08797649999998214
95,85.49201325000016,73,0.08797649999999635
91,85.57998975000015,78,0.08797649999999635
83,85.66796625000015,73,0.08797649999999635
86,85.75594275000014,83,0.08797649999999635
83,85.84391925000014,73,0.08797649999999635
79,85.93189575000014,76,0.08797649999999635
71,86.01987225000013,71,0.08797649999999635
74,86.10784875000013,82,0.08797649999999635
71,86.19582525000013,70,0.08797649999999635
67,86.28380175000012,74,0.08797649999999635
59,86.37177825000012,70,0.08797649999999635
62,86.45975475000012,80,0.08797649999999635
59,86.54773125000011,68,0.08797649999999635
55,86.63570775000011,73,0.08797649999999635
47,86.7236842500001,68,0.09708750000000066
30,86.8207717500001,77,1.390659250000013
42,86.8207717500001,92,1.390659250000013
48,86.9069787500001,69,0.0862070000000017
57,86.99318575000011,73,0.0862070000000017
60,87.07939275000011,69,0.0862070000000017
62,87.16559975000011,75,0.0862070000000017
60,87.25180675000011,68,0.0862070000000017
69,87.33801375000012,73,0.0862070000000017
72,87.42422075000012,69,0.0862070000000017
74,87.51042775000012,77,0.08695649999999944
72,87.59738425000012,70,0.08695649999999944
81,87.68434075000012,73,0.08695649999999944
84,87.77129725000012,72,0.08695649999999944
86,87.85825375000012,81,0.08695649999999944
84,87.94521025000012,72,0.08695649999999944
93,88.03216675000012,74,0.08695649999999944
96,88.11912325000011,69,0.09230775000000335
99,88.21143100000012,82,0.0862070000000017
29,88.21143100000012,75,1.3913062500000137
41,88.21143100000012,90,1.3913062500000137
96,88.29763800000012,70,0.0862070000000017
93,88.38384500000012,75,0.0862070000000017
84,88.47005200000012,69,0.0862070000000017
87,88.55625900000013,81,0.0862070000000017
84,88.64246600000013,70,0.0862070000000017
81,88.72867300000013,74,0.0862070000000017
72,88.81488000000013,70,0.0862070000000017
75,88.90108700000013,79,0.0872092500000008
71,88.98829625000013,70,0.0872092500000008
69,89.07550550000013,71,0.0872092500000008
59,89.16271475000013,67,0.0872092500000008
63,89.24992400000014,78,0.0872092500000008
59,89.33713325000014,67,0.0872092500000008
57,89.42434250000014,71,0.0872092500000008
47,89.51155175000014,66,0.09118549999999459
28,89.60273725000013,76,1.3793120000000272
40,89.60273725000013,90,2.771354249999945
47,89.68894425000013,66,0.0862070000000017
56,89.77515125000014,71,0.0862070000000017
59,89.86135825000014,66,0.0862070000000017
64,89.94756525000014,74,0.0862070000000017
59,90.03377225000014,66,0.0862070000000017
68,90.11997925000014,70,0.0862070000000017
71,90.20618625000014,66,0.0862070000000017
76,90.29239325000015,78,0.0862070000000017
71,90.37860025000015,66,0.0862070000000017
80,90.46480725000015,71,0.0862070000000017
83,90.55101425000015,67,0.0862070000000017
88,90.63722125000015,80,0.0862070000000017
83,90.72342825000015,68,0.0862070000000017
92,90.80963525000016,71,0.0862070000000017
95,90.89584225000016,68,0.0862070000000017
100,90.98204925000016,81,0.0867052499999943
52,90.98204925000016,88,1.3920422499999177
95,91.06875450000015,69,0.0867052499999943
92,91.15545975000015,71,0.0867052499999943
83,91.24216500000014,65,0.0867052499999943
88,91.32887025000014,79,0.0867052499999943
83,91.41557550000013,66,0.0867052499999943
80,91.50228075000012,69,0.0867052499999943
71,91.58898600000012,62,0.0867052499999943
76,91.67569125000011,75,0.0867052499999943
71,91.76239650000011,62,0.0867052499999943
68,91.8491017500001,65,0.0867052499999943
59,91.9358070000001,60,0.0867052499999943
64,92.02251225000009,70,0.0867052499999943
59,92.10921750000009,59,0.0867052499999943
56,92.19592275000008,62,0.0867052499999943
47,92.28262800000007,55,0.09146350000000325
38,92.37409150000008,65,1.3793120000000272
50,92.46029850000008,50,0.0862070000000017
57,92.54650550000008,54,0.0862070000000017
60,92.63271250000008,49,0.0862070000000017
65,92.71891950000008,62,0.0862070000000017
62,92.80512650000009,50,0.0862070000000017
69,92.89133350000009,54,0.0862070000000017
72,92.97754050000009,52,0.0862070000000017
77,93.06374750000009,63,0.0862070000000017
74,93.14995450000009,51,0.0862070000000017
81,93.2361615000001,55,0.0862070000000017
84,93.3223685000001,52,0.0862070000000017
89,93.4085755000001,63,0.0862070000000017
86,93.4947825000001,53,0.0862070000000017
93,93.5809895000001,56,0.0862070000000017
96,93.6671965000001,53,0.0862070000000017
101,93.7534035000001,64,0.08620699999998749
31,93.7534035000001,56,1.3829252500000138
43,93.7534035000001,67,1.3829252500000138
95,93.83961050000009,53,0.0862070000000017
91,93.9258175000001,57,0.0862070000000017
86,94.0120245000001,52,0.0862070000000017
89,94.0982315000001,63,0.0862070000000017
83,94.1844385000001,50,0.0862070000000017
79,94.2706455000001,56,0.0862070000000017
74,94.3568525000001,51,0.0862070000000017
77,94.4430595000001,62,0.0862070000000017
71,94.5292665000001,52,0.0862070000000017
67,94.6154735000001,55,0.0862070000000017
62,94.70168050000011,52,0.0862070000000017
65,94.78788750000011,62,0.0862070000000017
59,94.87409450000011,50,0.0862070000000017
55,94.96030150000011,54,0.0862070000000017
50,95.04650850000012,50,0.08982025000000249
36,95.13632875000012,70,2.7830075000000107
48,95.22253575000012,52,0.0862070000000017
55,95.30874275000012,56,0.0862070000000017
60,95.39494975000012,51,0.0862070000000017
64,95.48115675000012,63,0.0862070000000017
60,95.56736375000013,53,0.0862070000000017
67,95.65357075000013,57,0.0862070000000017
72,95.73977775000013,52,0.0862070000000017
76,95.82598475000013,65,0.0862070000000017
72,95.91219175000013,52,0.0862070000000017
82,95.99839875000013,58,0.0862070000000017
84,96.08460575000014,53,0.0862070000000017
91,96.17081275000014,70,0.0862070000000017
84,96.25701975000014,61,0.0862070000000017
82,96.34322675000014,63,0.0862070000000017
76,96.42943375000014,63,0.0862070000000017
90,96.51564075000014,70,0.08746349999999836
48,96.51564075000014,75,1.4036954999999836
84,96.60310425000014,61,0.08746349999999836
81,96.69056775000014,63,0.08746349999999836
75,96.77803125000014,61,0.08746349999999836
78,96.86549475000014,68,0.08746349999999836
72,96.95295825000014,62,0.08746349999999836
69,97.04042175000014,63,0.08746349999999836
63,97.12788525000013,61,0.08746349999999836
77,97.21534875000013,68,0.08746350000001257
71,97.30281225000014,60,0.08746349999999836
68,97.39027575000014,60,0.08746349999999836
62,97.47773925000014,58,0.08746349999999836
65,97.56520275000014,70,0.08746349999999836
59,97.65266625000014,61,0.08746349999999836
56,97.74012975000014,61,0.08746349999999836
50,97.82759325000013,57,0.09174299999999391
36,97.91933625000013,79,1.379312000000013
48,98.00554325000012,60,0.0862070000000017
55,98.09175025000012,64,0.0862070000000017
60,98.17795725000012,60,0.0862070000000017
64,98.26416425000012,71,0.0862070000000017
60,98.35037125000012,65,0.0862070000000017
67,98.43657825000012,69,0.0862070000000017
72,98.52278525000013,65,0.0862070000000017
79,98.60899225000013,75,0.0862070000000017
76,98.69519925000013,67,0.0862070000000017
79,98.78140625000013,73,0.0862070000000017
84,98.86761325000013,68,0.0862070000000017
88,98.95382025000013,80,0.0862070000000017
84,99.04002725000014,72,0.0862070000000017
79,99.12623425000014,77,0.0862070000000017
72,99.21244125000014,73,0.0862070000000017
87,99.29864825000014,86,0.08620699999998749
31,99.29864825000014,80,1.3904822500000051
43,99.29864825000014,95,1.3904822500000051
81,99.38485525000013,75,0.0862070000000017
78,99.47106225000013,79,0.0862070000000017
72,99.55726925000013,73,0.0862070000000017
75,99.64347625000013,84,0.0862070000000017
69,99.72968325000014,70,0.0862070000000017
66,99.81589025000014,76,0.0862070000000017
60,99.90209725000014,71,0.0862070000000017
74,99.98830425000014,80,0.0872092500000008
68,100.07551350000014,70,0.0872092500000008
65,100.16272275000014,72,0.0872092500000008
59,100.24993200000014,68,0.0872092500000008
62,100.33714125000014,80,0.0872092500000008
56,100.42435050000014,66,0.0872092500000008
53,100.51155975000015,69,0.0872092500000008
47,100.59876900000015,64,0.0903615000000002
31,100.68913050000015,74,2.7687745000000348
43,100.68913050000015,88,2.7687745000000348
46,100.77533750000015,60,0.0862070000000017
52,100.86154450000015,64,0.0862070000000017
55,100.94775150000015,61,0.0862070000000017
61,101.03395850000015,76,0.0862070000000017
58,101.12016550000016,64,0.0862070000000017
64,101.20637250000016,69,0.0862070000000017
67,101.29257950000016,64,0.0862070000000017
73,101.37878650000016,75,0.0862070000000017
70,101.46499350000016,66,0.0862070000000017
76,101.55120050000016,73,0.0862070000000017
79,101.63740750000017,69,0.0862070000000017
85,101.72361450000017,80,0.0862070000000017
82,101.80982150000017,71,0.0862070000000017
88,101.89602850000017,77,0.0862070000000017
91,101.98223550000017,73,0.0903615000000002
97,102.07259700000017,84,0.0862070000000017
90,102.15880400000017,75,0.0862070000000017
87,102.24501100000018,79,0.0862070000000017
81,102.33121800000018,72,0.0862070000000017
85,102.41742500000018,82,0.0862070000000017
78,102.50363200000018,71,0.0862070000000017
75,102.58983900000018,76,0.0862070000000017
69,102.67604600000018,69,0.0862070000000017
73,102.76225300000019,81,0.08695649999999944
66,102.84920950000019,68,0.08695649999999944
63,102.93616600000018,72,0.08695649999999944
57,103.02312250000018,68,0.08695649999999944
72,103.11007900000018,78,0.08695649999999944
66,103.19703550000018,65,0.08695649999999944
63,103.28399200000018,69,0.08695649999999944
57,103.37094850000018,64,0.08695649999999944
31,103.45790500000018,75,2.781986333333336
43,103.45790500000018,89,2.781986333333336
56,103.54411200000018,68,0.0862070000000017
62,103.63031900000018,64,0.0862070000000017
65,103.71652600000019,69,0.0862070000000017
72,103.80273300000019,76,0.0862070000000017
68,103.88894000000019,68,0.0862070000000017
74,103.97514700000019,72,0.0862070000000017
77,104.0613540000002,69,0.0862070000000017
84,104.1475610000002,78,0.0862070000000017
80,104.2337680000002,71,0.0862070000000017
86,104.3199750000002,75,0.0862070000000017
89,104.4061820000002,72,0.0862070000000017
96,104.4923890000002,81,0.0862070000000017
89,104.5785960000002,74,0.0862070000000017
86,104.6648030000002,78,0.0862070000000017
80,104.7510100000002,74,0.0862070000000017
95,104.83721700000021,86,0.08620699999998749
89,104.9234240000002,74,0.0862070000000017
86,105.0096310000002,79,0.0862070000000017
79,105.0958380000002,74,0.0862070000000017
83,105.1820450000002,81,0.0864552500000002
77,105.2685002500002,73,0.0864552500000002
74,105.3549555000002,76,0.0864552500000002
67,105.4414107500002,71,0.0865385833333363
71,105.52794933333354,77,0.0867052499999943
65,105.61465458333353,69,0.0867052499999943
62,105.70135983333353,73,0.0867052499999943
55,105.78806508333352,69,0.0881902500000109
59,105.87625533333353,80,0.09090899999999635
53,105.96716433333353,66,0.09090899999999635
50,106.05807333333352,69,0.09090899999999635
43,106.14898233333352,68,0.09090899999999635
24,106.23989133333352,85,2.803813999999946
36,106.23989133333352,102,2.803813999999946
43,106.32659658333351,66,0.0867052499999943
52,106.4133018333335,68,0.0867052499999943
55,106.5000070833335,65,0.0867052499999943
60,106.5867123333335,78,0.0867052499999943
55,106.67341758333349,71,0.0867052499999943
64,106.76012283333348,72,0.0864552500000002
67,106.84657808333348,68,0.0864552500000002
72,106.93303333333348,83,0.0864552500000002
67,107.01948858333348,70,0.0864552500000002
76,107.10594383333348,75,0.0864552500000002
79,107.19239908333348,72,0.0864552500000002
84,107.27885433333348,87,0.0862070000000017
79,107.36506133333349,72,0.0862070000000017
88,107.45126833333349,78,0.09090899999999635
91,107.54217733333348,75,0.09090899999999635
96,107.63308633333348,91,0.08695649999999944
91,107.72004283333348,75,0.08695649999999944
88,107.80699933333348,80,0.0872092500000008
79,107.89420858333348,75,0.0872092500000008
84,107.98141783333348,91,0.08746349999999836
79,108.06888133333348,73,0.08746349999999836
76,108.15634483333348,78,0.08771925000000635
67,108.24406408333348,74,0.08771925000000635
72,108.33178333333349,89,0.08797649999999635
67,108.41975983333349,77,0.08797649999999635
64,108.50773633333348,71,0.08823524999999677
55,108.59597158333348,73,0.08823524999999677
60,108.68420683333348,86,0.0884954999999934
55,108.77270233333347,73,0.0884954999999934
52,108.86119783333346,76,0.08875749999999982
43,108.94995533333346,70,0.09375
24,109.04370533333346,85,1.4243320000000068
36,109.04370533333346,102,1.4243320000000068
